f1,f2,f3,f4,f5,f6,f7,f8,f9,f10,f11,f12,f13,f14,f15,f16,f17,f18,f19,f20,f21,f22,f23,f24,f25,f26,f27,f28,f29,f30,f31,f32,f33,f34,f35,f36,f37,f38,f39,f40,f41,f42,f43,f44,f45,f46,f47,f48,f49,f50,f51,f52,f53,f54,f55,f56,kategori
-0.05376743,0.186151,1.1708711,-0.11618368,0.36144865,-1.3664701,-0.26135534,-0.6535147,0.025357144,-1.0324377,-0.5931911,-0.6140535,-0.020554248,-1.0061011,-0.27884617,0.92132235,-0.77773917,-0.7106954,-0.3399224,0.33451214,-0.8040362,0.13591982,0.14145997,-0.4471792,0.4855033,-0.009361713,1.3417282,-0.8601795,0.4212392,-0.2696169,-0.70505685,0.2538382,-0.25773343,0.4175361,-1.3865993,-0.35724777,0.4188685,0.3485748,1.0531061,0.51498,-0.43689668,-0.08069594,0.40177256,0.013958689,-0.22550325,0.0013684197,0.76445466,-0.22277205,-0.5027197,-0.086069666,0.43481684,1.522519,-0.4055604,-0.9828571,1.1120363,-0.49694097,Bola
-0.13584949,-0.043743454,0.5880184,0.16620123,0.20774193,-0.8273464,0.17496012,-0.7354002,-0.14798571,-0.45466894,-0.6545957,-0.13747688,-0.114301,-0.79684365,-0.027719533,0.81155133,-0.3377107,0.012122991,-0.12285249,0.1574092,0.005730051,0.5123569,0.030924866,-0.2278115,0.57465583,-0.14011846,0.92241013,0.30663744,0.3016391,0.018195909,-0.70081687,0.15113227,0.27092418,0.21581897,-1.3485425,-0.1876057,0.5274942,-0.19064724,0.7958501,-0.0554899,-0.34286076,-0.27412307,0.45242706,0.32193017,-0.07835707,0.15062319,0.5314341,0.05228938,-0.17964092,-0.00408085,0.34739843,0.69123024,-0.43772757,-0.24780665,0.48090413,-0.53912586,Megapolitan
-0.1138674,-0.12919497,0.5343833,0.2167285,0.21092999,-0.7990773,0.063506454,-0.7074874,-0.2748018,-0.5374612,-0.88376623,-0.065327026,-0.005075842,-0.70409083,-0.04608312,0.9447895,-0.39409673,-0.13010736,-0.14025722,0.18244644,0.039698265,0.6115774,-0.045796774,-0.16073143,0.45355386,-0.18848741,0.7683851,0.29360396,0.09146139,-0.0037103284,-0.69664586,0.16369204,0.10197419,0.09598474,-1.2602141,-0.17343795,0.57133913,-0.22054829,0.75389004,0.055346444,-0.43520346,-0.36751312,0.44995758,0.36446917,-0.18233672,0.23946212,0.47488186,0.26883116,-0.32396317,-0.04782124,0.29705256,0.7351172,-0.12052559,-0.26002154,0.44346836,-0.3382066,Money
-0.13909662,-0.050422728,0.55936563,0.23999399,0.24088953,-0.66979146,0.006319502,-0.84563935,-0.28577986,-0.5894358,-0.6446929,-0.19915752,-0.013525434,-0.7540032,-0.100875475,0.84410036,-0.36935252,-0.03229546,-0.050963122,0.09712639,-0.071421996,0.4097585,0.048671328,-0.39723343,0.5359695,-0.25175685,0.8847528,0.20662376,0.20949581,0.023520172,-0.78890467,0.25081784,0.20589213,0.19352503,-1.306048,-0.24529164,0.510983,-0.10782031,0.7922744,0.07376587,-0.38875178,-0.30273023,0.43848518,0.30468214,-0.016669918,0.15770997,0.5353675,0.14226443,-0.1641297,0.13995942,0.268682,0.79561466,-0.22974761,-0.28480047,0.57224584,-0.5013077,Nasional
-0.12832472,-0.20336348,0.53823465,0.23120402,0.15299737,-0.75883853,0.12250336,-0.7352694,-0.3007342,-0.47844222,-0.96163523,-0.10538893,-0.022439752,-0.7125195,0.00052412937,1.002665,-0.4294931,-0.15227853,-0.20858636,0.15433827,0.01580155,0.6568536,-0.07414379,-0.12522686,0.4980491,-0.15027744,0.74436533,0.27827704,0.10917566,-0.098910466,-0.85692984,0.10421982,0.06909542,0.010118939,-1.3544143,-0.19853391,0.66523993,-0.20334978,0.7966227,-0.050751626,-0.43535045,-0.36177027,0.4259699,0.42235175,-0.2848206,0.31265613,0.43796536,0.25609925,-0.42656323,-0.047382396,0.3137144,0.8289173,-0.036590457,-0.25230885,0.40911758,-0.25937054,Nasional
0.065331474,0.35068372,1.5063131,-0.38365796,0.44916096,-1.7240113,-0.5340373,-0.62315255,0.12561469,-1.3719271,-0.52595955,-0.9348122,0.11786961,-1.1144735,-0.4443714,1.082053,-1.043036,-1.1363336,-0.53830653,0.4196734,-1.2679094,-0.16420923,0.24561389,-0.5139554,0.44205263,-0.06483401,1.6769308,-1.4761856,0.48147127,-0.39380944,-0.717787,0.30288753,-0.63968545,0.59509045,-1.4575632,-0.52216506,0.29859176,0.7018386,1.2140299,0.88109654,-0.5259545,0.022206174,0.38928303,-0.18465814,-0.21780138,-0.08917524,1.0126256,-0.30949828,-0.7076013,-0.10808006,0.4780127,2.0095272,-0.42494813,-1.436037,1.5515754,-0.35723194,Bola
-0.00122069,0.23395102,1.128835,-0.22719212,0.31859022,-1.3234752,-0.31983092,-0.54471177,0.07781894,-1.0075455,-0.6156394,-0.62061447,0.03242887,-0.89667803,-0.2690435,0.91087383,-0.7638302,-0.81891537,-0.42313102,0.33606842,-0.84933645,0.03089736,0.104550935,-0.37970963,0.35644403,-0.10428095,1.3383253,-1.0180324,0.38575414,-0.29760474,-0.5553756,0.24069414,-0.39089516,0.37154427,-1.2008603,-0.40443555,0.31351733,0.45803708,0.9509867,0.56599456,-0.417201,-0.041861076,0.31109506,-0.052987747,-0.2071371,-0.016851015,0.78136724,-0.19259866,-0.5342103,-0.18196984,0.41842106,1.565587,-0.2874562,-1.025625,1.065796,-0.31117892,Bola
-0.16258664,-0.30407777,0.59457475,0.29451406,0.14350419,-0.750824,0.2251725,-0.9394503,-0.3734696,-0.51119083,-1.029219,-0.15640517,-0.048839837,-0.77354753,-0.030009722,1.1553781,-0.45744798,-0.10747584,-0.18621472,0.11648248,0.031449184,0.7242246,-0.06363406,-0.19806287,0.6138075,-0.19479749,0.87667686,0.32821545,0.13423017,-0.13179436,-1.0609602,0.1032358,0.16691956,-0.027694969,-1.6290545,-0.23008835,0.8247897,-0.19369282,0.96516377,-0.13102274,-0.47633806,-0.3786751,0.4780129,0.5311306,-0.2858531,0.35126323,0.47664338,0.25093278,-0.43391073,0.042763703,0.38314342,0.95061123,-0.0071197106,-0.23918946,0.45951054,-0.34419498,Money
-0.09659328,-0.058905136,0.5660526,0.12181138,0.21402274,-0.9610042,0.14740868,-0.6446332,-0.08237095,-0.43345612,-0.76638645,-0.07983067,-0.058189575,-0.83164805,0.050284196,0.83451295,-0.3464098,-0.059847075,-0.20751831,0.23348925,0.051796604,0.5893366,0.0171456,-0.112788975,0.6253616,-0.11969124,0.8654681,0.41376624,0.3206489,0.029036164,-0.65247005,0.11242418,0.23328404,0.22418977,-1.320983,-0.15479088,0.5251381,-0.2969102,0.7405552,-0.0813095,-0.4012613,-0.30943725,0.4729738,0.31028467,-0.16170903,0.21104555,0.5631856,0.124594346,-0.24764432,-0.10455523,0.30875617,0.61639726,-0.4824633,-0.2695706,0.44104347,-0.42189303,Regional
-0.06593394,-0.017940855,0.5742579,0.04222221,0.17998675,-0.7309227,-0.0441389,-0.499494,-0.09819408,-0.49850738,-0.504233,-0.23411891,-0.014644109,-0.59398586,-0.1005685,0.6572006,-0.38585085,-0.25136468,-0.14489281,0.16730195,-0.20967177,0.29056013,0.017616695,-0.20274094,0.34593788,-0.09551809,0.7559681,-0.12045846,0.19069712,-0.10836314,-0.51990527,0.11416956,-0.014741173,0.15680952,-0.95144314,-0.19726045,0.37104625,0.053074885,0.6435583,0.12612145,-0.30276892,-0.18399039,0.27829364,0.17024322,-0.1468466,0.088835135,0.40876535,0.03707686,-0.27680513,-0.020435356,0.25770307,0.75717705,-0.17757636,-0.40548676,0.52171147,-0.31007266,Tekno
-0.1446706,-0.13392226,0.6257076,0.18803878,0.2212352,-0.90747,0.09504617,-0.7070078,-0.19659239,-0.52357244,-0.79699737,-0.14353198,-0.039630756,-0.82569456,-0.0028872322,0.89875185,-0.4129461,-0.08624858,-0.13775855,0.21376434,-0.0050973305,0.6228702,0.009590245,-0.16092141,0.5991447,-0.09851415,0.873182,0.3390118,0.2589443,-0.054547854,-0.7753013,0.12088412,0.1522738,0.18492596,-1.3468047,-0.19654267,0.6095858,-0.22949585,0.8064965,-0.045619328,-0.43774715,-0.33266732,0.45861217,0.36066175,-0.20500158,0.2319784,0.50951874,0.17353444,-0.32456297,-0.013480394,0.2917019,0.7399287,-0.31641206,-0.28599495,0.51339203,-0.45758897,Megapolitan
-0.17537023,-0.07299274,0.58372885,0.25912592,0.239359,-0.74183124,0.108799845,-0.7951815,-0.25697738,-0.5438629,-0.72390515,-0.10835067,-0.066487834,-0.80274975,-0.064748116,0.84229034,-0.35854656,0.046690907,-0.034102086,0.1332689,0.03380591,0.5541906,0.008264876,-0.28209385,0.5505289,-0.16343284,0.8650443,0.36955047,0.195653,0.08237779,-0.7612274,0.2077852,0.24951506,0.18854986,-1.3516126,-0.17237659,0.555436,-0.26132777,0.813639,0.02127974,-0.39406526,-0.33097103,0.51447254,0.3423279,-0.033643693,0.17423742,0.52881914,0.13392775,-0.16567582,0.039458826,0.2841238,0.692609,-0.3129592,-0.18087547,0.47851613,-0.5540148,Nasional
-0.13507551,-0.10511704,0.6077933,0.19073091,0.23928103,-0.82153744,0.04659235,-0.7356582,-0.23476964,-0.5614101,-0.66900927,-0.16537754,-0.025227465,-0.7634262,-0.08574114,0.85883427,-0.3942852,-0.08841716,-0.079097055,0.18227497,-0.04138288,0.5129995,0.035427004,-0.24138962,0.5420272,-0.12730852,0.8693742,0.25214228,0.19834146,-0.028570969,-0.7492799,0.15237755,0.15144162,0.19259903,-1.2905298,-0.18126415,0.5450882,-0.16111644,0.797572,0.037326947,-0.4042674,-0.31205952,0.4441556,0.31895554,-0.13332538,0.17612231,0.49702546,0.15447055,-0.2708137,0.04465094,0.29238984,0.7361528,-0.27354273,-0.2992645,0.56475884,-0.47208133,Money
0.03529306,0.2900325,1.2673675,-0.2610576,0.38850257,-1.4694624,-0.48994815,-0.5894658,0.02233841,-1.1923178,-0.5152251,-0.76939195,0.09219487,-0.9805031,-0.33670023,0.9769716,-0.86928874,-0.9496168,-0.39037183,0.41012856,-1.0268154,-0.093412966,0.18666837,-0.50430393,0.40579435,-0.12330155,1.5296004,-1.1959178,0.42520913,-0.34940398,-0.60234404,0.28055423,-0.47339344,0.50378746,-1.2429565,-0.45531735,0.27496988,0.52721304,1.0152626,0.68439317,-0.4659498,-0.034560837,0.33897835,-0.13036431,-0.19987188,-0.05895367,0.90293556,-0.19623505,-0.56142175,-0.0737352,0.3753954,1.7061757,-0.3384394,-1.2136842,1.2905822,-0.3855968,Bola
-0.16922966,-0.053517275,0.61455667,0.19658636,0.15621111,-0.864582,0.36789104,-0.87076664,-0.14244556,-0.33562708,-0.6957086,-0.14379784,-0.17822006,-0.84606063,0.04384164,0.9712719,-0.30230734,0.14125103,-0.15973428,0.15427479,0.054615196,0.56107324,0.081825174,-0.20117955,0.7275327,-0.20505907,1.1105297,0.4996643,0.41258714,0.024234334,-0.7703807,0.1661879,0.461618,0.24069785,-1.5727305,-0.23146057,0.5990225,-0.2791162,0.8742999,-0.288304,-0.3526674,-0.27087906,0.50169265,0.4386404,-0.036427557,0.19930322,0.6331362,0.030895011,-0.15537407,-0.012793644,0.45593223,0.72207415,-0.5612233,-0.20106074,0.43337774,-0.5786672,Megapolitan
-0.09398208,-0.035308544,0.5700037,0.15742016,0.21682455,-0.86720884,0.1524855,-0.70391667,-0.13697296,-0.42314187,-0.5740179,-0.14781705,-0.078766696,-0.81281,0.0034116518,0.78270626,-0.33678895,0.024663124,-0.1323353,0.17047058,0.011851047,0.49143565,0.079728186,-0.22437452,0.6433453,-0.13723738,0.90259284,0.3915127,0.32165828,0.04595143,-0.73026705,0.13563652,0.2645841,0.24881685,-1.3316453,-0.16385235,0.49233708,-0.24490808,0.77283597,-0.06564729,-0.3711855,-0.27967963,0.48120978,0.28586075,-0.07914227,0.17977507,0.55855125,0.08380654,-0.1904338,0.034689136,0.3157773,0.62981147,-0.51181215,-0.25347376,0.5069425,-0.51591355,Regional
-0.08389564,-0.050186075,0.6943424,0.06178069,0.2601731,-1.0703057,0.04648373,-0.5939754,-0.05189778,-0.5414636,-0.6786029,-0.21389922,-0.014279231,-0.85059595,-0.023976693,0.8589806,-0.45322615,-0.20269233,-0.22981374,0.2631851,-0.123543695,0.49183452,0.057537314,-0.1250128,0.60329455,-0.0839602,0.95602405,0.19225647,0.34297907,-0.063100964,-0.6681712,0.09722846,0.07939951,0.2858915,-1.3013542,-0.19565828,0.48682034,-0.15523249,0.80395967,0.029609436,-0.43956438,-0.2733938,0.45900336,0.26567218,-0.19640085,0.18036295,0.5867215,0.0992997,-0.3521589,-0.06843796,0.323265,0.7885957,-0.45026296,-0.43701813,0.60624015,-0.41815874,Megapolitan
-0.20056988,-0.11647785,0.61636865,0.25536466,0.18440287,-0.9099806,0.18319574,-0.7766023,-0.23321423,-0.53006834,-1.0156898,-0.029389815,-0.11720128,-0.8519858,0.002365238,0.97765946,-0.41231525,-0.042709842,-0.16567566,0.22999953,0.08862074,0.73756766,-0.055220988,-0.12514375,0.5345581,-0.100402325,0.8799239,0.37192503,0.167862,-0.0018562065,-0.7362076,0.17866713,0.19778864,0.13225149,-1.4344546,-0.1837538,0.6333165,-0.2903956,0.82786494,-0.038636655,-0.42065722,-0.3585457,0.49272388,0.4240054,-0.20859417,0.22634579,0.5363879,0.16599484,-0.30471742,-0.1480018,0.3836563,0.7910944,-0.27952147,-0.21640792,0.3836287,-0.47970614,Nasional
-0.20065603,-0.25449333,0.61663264,0.40446782,0.26090506,-0.9373034,0.20388038,-0.876439,-0.40650097,-0.641894,-1.1656024,0.09448081,-0.04019741,-0.97909164,-0.008926995,1.1279107,-0.47881034,0.08397844,-0.05451197,0.24473725,0.26681778,1.0028995,-0.096891575,-0.10941686,0.6845006,-0.0409286,0.810009,0.7531991,0.06930594,0.14483663,-0.9832626,0.15759538,0.19700411,0.12376161,-1.6443303,-0.08380701,0.7980588,-0.5869164,0.9591994,0.004432742,-0.5773304,-0.5460656,0.6999138,0.50099504,-0.20524284,0.34642774,0.5701,0.36477888,-0.32454094,-0.08330156,0.34156016,0.6868196,-0.23083083,-0.03107255,0.38757735,-0.5678113,Nasional
-0.12329565,-0.057552576,0.5814058,0.18211325,0.19745882,-0.803272,0.022687497,-0.6718923,-0.23095435,-0.56294465,-0.78073406,-0.098812014,-0.02153832,-0.7287462,-0.057637908,0.8622583,-0.40504047,-0.12746586,-0.12012931,0.21478784,-0.03461438,0.53662616,-0.016861865,-0.18577088,0.4475412,-0.12316303,0.82069415,0.19424097,0.12452365,-0.022931552,-0.6472922,0.16954936,0.084237255,0.16755241,-1.1972568,-0.19439293,0.49415198,-0.17435224,0.73696715,0.08492334,-0.3880388,-0.30569044,0.4174421,0.29295307,-0.15507583,0.16806775,0.50852674,0.17450723,-0.28358942,-0.071897976,0.29863587,0.7591291,-0.2086668,-0.27877668,0.46772757,-0.39630678,Nasional
-0.15405793,-0.10074504,0.56213534,0.24016815,0.25458235,-0.80687225,0.09480608,-0.686801,-0.20307356,-0.5355593,-0.77510077,-0.027624436,-0.032424487,-0.7939862,-0.056529254,0.8000485,-0.37097737,-0.00057038834,-0.059790432,0.16961281,0.080035895,0.60128343,-0.048729192,-0.17083718,0.50448257,-0.11711847,0.7693157,0.40383986,0.14630762,0.10924553,-0.65504503,0.16582073,0.17302206,0.17981446,-1.2932589,-0.10242641,0.52866334,-0.32017878,0.757202,0.06068852,-0.40065143,-0.3692705,0.54181707,0.34014824,-0.09349305,0.15807118,0.4877122,0.15493874,-0.19499958,-0.023149278,0.29463354,0.60843396,-0.31846362,-0.18083416,0.4160851,-0.49266648,Nasional
-0.09394706,-0.005698962,0.59285206,0.087225825,0.19480367,-0.8076579,0.02417472,-0.57592255,-0.11037846,-0.51699406,-0.70006377,-0.1639981,-0.044072617,-0.6895695,-0.049367804,0.7670764,-0.38616723,-0.18993105,-0.17385569,0.18915743,-0.12653801,0.3996688,-0.009451532,-0.17249176,0.39924008,-0.1578357,0.8400121,0.012938423,0.20828815,-0.036211137,-0.5363899,0.15567352,0.04118114,0.16844988,-1.11291,-0.19406751,0.41086984,-0.06751163,0.68960804,0.09665593,-0.33690828,-0.2312121,0.37278616,0.22156289,-0.12916331,0.12004908,0.51540804,0.072043635,-0.26335,-0.10209313,0.2978137,0.7793245,-0.24202007,-0.36125228,0.46878067,-0.32787254,Nasional
-0.10587075,-0.0714085,0.631011,0.06047341,0.1689844,-0.79868996,-0.012299799,-0.6061459,-0.1576136,-0.56083834,-0.70823616,-0.24107692,-0.031715617,-0.6527617,-0.09602619,0.8212644,-0.44820493,-0.3097946,-0.19798367,0.17355242,-0.21207759,0.400103,-0.02628929,-0.20855974,0.36921793,-0.11057143,0.84418714,-0.15267503,0.16099767,-0.16408376,-0.6317482,0.13216117,-0.019886969,0.092835516,-1.1374007,-0.25365418,0.51451397,0.07404721,0.76243895,0.10555337,-0.35293996,-0.23362708,0.28855693,0.24239083,-0.23458588,0.13057223,0.4196899,0.05613139,-0.35807246,-0.05478126,0.3037548,0.91178405,-0.091215126,-0.44395584,0.5403143,-0.32386184,Tekno
-0.06561867,0.0023310739,0.61545306,0.06280286,0.18105786,-0.96853685,0.15116282,-0.62745386,-0.04331022,-0.39506736,-0.6905565,-0.1546992,-0.07963925,-0.7955209,0.055760544,0.8462668,-0.36282367,-0.122114286,-0.28286496,0.24774338,-0.06554303,0.45872682,0.04352382,-0.148181,0.6094359,-0.15777606,0.9652265,0.23094276,0.36179873,-0.04428268,-0.6294914,0.09915513,0.18931796,0.21350992,-1.3211726,-0.17860806,0.4630069,-0.1731576,0.7499651,-0.09156405,-0.348143,-0.22735074,0.4200782,0.25626478,-0.16698168,0.19427179,0.5946265,0.040093288,-0.27289373,-0.13462743,0.37016875,0.74471825,-0.48581746,-0.3785898,0.47558025,-0.36136356,Global
-0.14022738,-0.09228883,0.6156103,0.16972066,0.25467047,-0.87032294,0.039367873,-0.6656856,-0.18016063,-0.5197107,-0.6194434,-0.1738401,-0.008319777,-0.8019132,-0.037630256,0.80468875,-0.3856999,-0.050761156,-0.068564124,0.20681849,-0.03344344,0.52932537,0.05249831,-0.19486749,0.5972544,-0.09512703,0.86437136,0.35094878,0.2759185,-0.02043089,-0.72256255,0.12625326,0.16324279,0.24210872,-1.2377586,-0.17759112,0.5221304,-0.21955456,0.76581055,-0.024617467,-0.41146708,-0.31270158,0.4555362,0.31070843,-0.124476805,0.19173166,0.5023889,0.15879482,-0.26619163,0.050922543,0.2427102,0.64275724,-0.3733782,-0.28293815,0.5623278,-0.4922404,Megapolitan
-0.04571151,-0.0037488132,0.5826545,0.04686182,0.17373732,-0.95126224,0.14642224,-0.54399115,-0.01105908,-0.35412845,-0.6704996,-0.16282882,-0.075357795,-0.75002456,0.072288916,0.79988843,-0.35702655,-0.16254693,-0.3019938,0.25250235,-0.06961358,0.44056603,0.022399958,-0.10267404,0.5746005,-0.12006799,0.906555,0.19665724,0.3566341,-0.05395495,-0.5948726,0.06977155,0.13750504,0.19085407,-1.2199699,-0.17550677,0.43344975,-0.163358,0.7009622,-0.1061129,-0.33693916,-0.22277246,0.38670838,0.2317877,-0.21399462,0.19715172,0.5540005,0.048868317,-0.2990107,-0.1588177,0.3520179,0.71131897,-0.4669273,-0.37904105,0.43563098,-0.30161223,Regional
-0.118478775,-0.12865488,0.65919214,0.08052382,0.17006424,-0.80365264,-0.010422834,-0.6439221,-0.19573344,-0.5916487,-0.7700928,-0.25831884,-0.011969719,-0.6409217,-0.10926168,0.90843415,-0.488092,-0.36511886,-0.21919706,0.16984826,-0.22735105,0.44153163,-0.050657433,-0.21339068,0.3846684,-0.104162246,0.86455226,-0.18451637,0.128918,-0.2163983,-0.70723313,0.11607867,-0.055620857,0.0452891,-1.2084115,-0.28072816,0.59038055,0.110938534,0.84109694,0.09831405,-0.37990543,-0.26239794,0.2858258,0.2773103,-0.30051532,0.15983656,0.39088988,0.085937634,-0.4236686,-0.051533822,0.33001578,0.98834574,-0.0007938555,-0.47231722,0.5671152,-0.3047954,Tekno
-0.11623185,-0.117628425,0.5663553,0.19984907,0.22140913,-0.9043098,0.13147734,-0.6660775,-0.17961922,-0.498663,-0.8914289,-0.021258634,-0.036875233,-0.80234665,0.001809788,0.8831739,-0.39786562,-0.071335845,-0.16113311,0.238092,0.09596077,0.6793452,-0.05913514,-0.08209981,0.54380804,-0.09884686,0.79091907,0.4202572,0.16723739,0.048511956,-0.6964557,0.11276702,0.15315478,0.15997656,-1.3423605,-0.11506754,0.5815574,-0.32757854,0.7661455,-0.015668614,-0.41755426,-0.37485927,0.5035503,0.3491118,-0.21311784,0.22454002,0.5003256,0.19852744,-0.31023368,-0.10991346,0.3238717,0.670078,-0.3191282,-0.22347566,0.4017723,-0.3971606,Regional
-0.17548926,-0.0988214,0.576709,0.35548022,0.115630634,-1.12537,0.17252459,-0.6243408,-0.20268907,-0.42137882,-1.014351,0.07223126,-0.11692577,-1.0407563,0.1726947,0.8750548,-0.49927738,0.061832875,-0.24928083,0.4071361,0.22844799,0.91890556,0.009928119,0.04333012,0.69607323,0.1645577,0.7231505,0.70227045,0.20535918,-0.011068567,-0.8487198,0.076439805,0.15114878,0.32869306,-1.4134693,-0.17730178,0.56064874,-0.5508908,0.80346364,-0.06986184,-0.45488873,-0.39990953,0.5484191,0.37881172,-0.40459982,0.32088086,0.48912737,0.23746495,-0.42987764,-0.22541966,0.4042038,0.70456386,-0.54472035,-0.16677763,0.33095434,-0.5256239,Regional
-0.19279481,-0.16219497,0.6474885,0.29307726,0.29321542,-0.9472329,0.039484516,-0.8301833,-0.33400354,-0.67353743,-1.1257329,-0.011659623,-0.016671306,-0.88705975,-0.057250228,1.0615109,-0.47239238,-0.077592105,-0.107282326,0.22569944,0.11641242,0.8092962,-0.10787407,-0.15975082,0.52468467,-0.18934569,0.84316534,0.42680997,0.07903066,0.06232597,-0.8059673,0.22204143,0.124163285,0.13810478,-1.4863907,-0.1727573,0.6729818,-0.35300925,0.87139136,0.10664762,-0.5017694,-0.46889004,0.5879424,0.44275224,-0.18260524,0.26949123,0.56869936,0.32409897,-0.36807773,-0.09304625,0.30586916,0.7881991,-0.14628866,-0.23356023,0.48530504,-0.42825702,Money
-0.13265753,-0.06447406,0.5267143,0.22218382,0.17887715,-0.7407261,0.029443689,-0.69125664,-0.23614664,-0.5354025,-0.69922227,-0.08281447,-0.045529354,-0.7412691,-0.04552355,0.77908033,-0.3740451,-0.0062581515,-0.088083394,0.15119858,0.008050796,0.4969697,0.01039048,-0.2388443,0.49275473,-0.13606186,0.7508931,0.25972965,0.15358377,0.032897834,-0.6703422,0.19814633,0.15376078,0.20919798,-1.1952715,-0.20011786,0.44288346,-0.19938935,0.71674764,0.11623421,-0.35707992,-0.2921124,0.46079582,0.29251936,-0.07851289,0.15070245,0.49211165,0.14666586,-0.21787539,0.010148079,0.29047456,0.6705038,-0.24471717,-0.2259075,0.46231267,-0.43921107,Nasional
-0.13764778,-0.21852833,0.62726384,0.3328489,0.28026426,-0.8364223,0.008929288,-0.95872307,-0.4880276,-0.75411034,-1.1471468,-0.054440696,0.0564422,-0.8176144,-0.08573619,1.2455848,-0.5047184,-0.13158788,-0.105617285,0.16179274,0.06777543,0.78805983,-0.094488956,-0.25774115,0.5639014,-0.27684286,0.9027254,0.41640583,0.017486438,0.026909925,-0.972877,0.22944042,0.08160653,0.0676557,-1.575926,-0.2197923,0.75699794,-0.30979633,0.95452756,0.13336729,-0.5744007,-0.5059235,0.5919953,0.46860942,-0.19305922,0.3154406,0.59250325,0.4280454,-0.41402638,0.004697649,0.29628336,0.89945316,0.036447864,-0.23969965,0.5583993,-0.37350702,Money
-0.18376873,-0.05402387,0.62996864,0.18879332,0.14556843,-0.92255396,0.4377479,-0.8804623,-0.09956736,-0.2958327,-0.80699617,-0.107638225,-0.21523492,-0.86942226,0.08907385,1.0249802,-0.29714826,0.13606632,-0.22501533,0.1736637,0.08356574,0.61510754,0.051340446,-0.160709,0.75408643,-0.21648256,1.1517965,0.5227554,0.44439253,0.029439464,-0.7589617,0.15979846,0.48835614,0.21657678,-1.6607641,-0.2207538,0.63303596,-0.30280343,0.89249194,-0.33933595,-0.3538885,-0.26861617,0.51799256,0.47155505,-0.07294395,0.21955602,0.6626373,0.011212517,-0.16969778,-0.097013585,0.50371796,0.7453105,-0.5947879,-0.20439295,0.379999,-0.55722106,Megapolitan
-0.028147524,0.095347755,1.0451378,-0.2177917,0.30082873,-1.1962687,-0.26780483,-0.43803456,0.11911826,-0.8234781,-0.31954852,-0.67092115,-0.024066195,-0.8468342,-0.31061968,0.6640329,-0.69332284,-0.6824206,-0.27669546,0.25577423,-0.8045521,-0.014140779,0.13967672,-0.33442247,0.34923244,-0.008642904,1.1286839,-0.92590296,0.39556828,-0.3346906,-0.5525439,0.13531776,-0.3037123,0.32109237,-1.0633541,-0.31888065,0.27580586,0.50687563,0.8488552,0.4397785,-0.3303832,0.0011784893,0.21422413,-0.03158051,-0.20043622,-0.02977394,0.61921763,-0.27176568,-0.4862053,0.003859554,0.32836053,1.3440616,-0.32414678,-0.960256,1.0322363,-0.37931466,Bola
-0.07663515,0.09080905,1.0776561,-0.17705998,0.3268512,-1.2350203,-0.27972886,-0.47234985,0.0911636,-0.88153934,-0.34941664,-0.68760246,-0.03749758,-0.9036347,-0.3225002,0.659747,-0.7165541,-0.69855016,-0.24835834,0.2784365,-0.8106399,0.035514645,0.12910113,-0.39093325,0.35632196,0.023508646,1.1552432,-0.94429845,0.41228914,-0.33681253,-0.5720958,0.14954938,-0.29474127,0.33373767,-1.0772529,-0.32374108,0.30943358,0.49092516,0.87122375,0.45359436,-0.35659784,-0.015766203,0.23519339,-0.02594968,-0.22840223,-0.027775675,0.61026645,-0.27614138,-0.48607168,0.007109061,0.322578,1.3803158,-0.33923402,-0.9741427,1.0720177,-0.4617711,Bola
-0.09699912,-0.12148337,0.6025951,0.17372221,0.23261587,-1.0880684,0.21180634,-0.6819886,-0.07410243,-0.38384095,-0.69762385,-0.12228442,-0.04459108,-0.9293895,0.03140327,0.86532736,-0.39893666,-0.0496509,-0.22243045,0.28655806,0.07858384,0.64973533,0.052169494,-0.10022542,0.7510268,-0.07477618,0.91224295,0.56233203,0.3538587,0.03066411,-0.78239584,0.03953759,0.2660943,0.25476843,-1.4756343,-0.12591484,0.5854616,-0.3513458,0.85050416,-0.17521729,-0.4167573,-0.36664802,0.54001963,0.3749382,-0.2481835,0.26351535,0.5206909,0.14476387,-0.3201995,-0.055185452,0.40160078,0.62184614,-0.6217104,-0.32490548,0.5287876,-0.4773981,Regional
-0.091230616,-0.0652546,0.52371484,0.139901,0.18625456,-0.8400425,0.17406431,-0.64512146,-0.1148265,-0.36774713,-0.6300054,-0.11894518,-0.077111095,-0.7583412,0.03139973,0.7744638,-0.3240894,-0.015183707,-0.17052016,0.1886133,0.031199468,0.50012285,0.03176599,-0.15584905,0.6031248,-0.1341445,0.8374548,0.37542853,0.29723102,0.02547208,-0.67931443,0.093574665,0.24729112,0.19987372,-1.277884,-0.15373644,0.49495688,-0.23941287,0.731447,-0.11010037,-0.34850433,-0.28152612,0.43802655,0.30179423,-0.13933858,0.19276075,0.5056721,0.09502638,-0.22075963,-0.023542285,0.32557985,0.6049771,-0.45114946,-0.25606072,0.43867823,-0.4220414,Regional
-0.099579714,0.19553386,1.3022686,-0.20508844,0.38346648,-1.426138,-0.40205234,-0.57460725,0.07066762,-1.1753483,-0.52587634,-0.80431503,-0.020758603,-1.0090718,-0.37814233,0.84497327,-0.89292437,-0.9272499,-0.34755257,0.33270812,-1.0523937,-0.009760831,0.14654613,-0.5212406,0.34179765,0.05373109,1.392516,-1.3167677,0.4269638,-0.4102428,-0.6526547,0.256134,-0.44301268,0.40624774,-1.2515403,-0.42190987,0.37794295,0.61300176,1.0598905,0.67312235,-0.43791053,0.007343728,0.30531108,-0.06250661,-0.27501965,-0.068409964,0.73099536,-0.34657845,-0.5891656,-0.06425963,0.40218818,1.7618072,-0.2852427,-1.1900386,1.2578808,-0.50674605,Bola
-0.16808157,0.13817962,1.09925,-0.06367012,0.35156554,-1.2630918,-0.28656185,-0.57793146,-0.004531006,-1.0066506,-0.64532906,-0.60413194,-0.08146528,-0.96765095,-0.2591046,0.80505157,-0.73408824,-0.69273376,-0.24473244,0.30851215,-0.73127097,0.16739699,0.07180118,-0.45199022,0.3366749,0.00012652534,1.2797831,-0.91218644,0.3995632,-0.31571227,-0.5699925,0.2614296,-0.26893592,0.3354577,-1.1664847,-0.3635356,0.40542486,0.36157265,0.9255145,0.47788703,-0.41859397,-0.0927931,0.34150866,0.050865516,-0.24471807,-0.020388616,0.64996403,-0.21959312,-0.44675034,-0.09304372,0.3469977,1.4683199,-0.26957425,-0.92386895,0.9796658,-0.5706578,Bola
-0.04622117,0.016309464,0.5604425,0.050040357,0.16894889,-1.008555,0.25619075,-0.5795152,0.042967536,-0.2517592,-0.6500718,-0.11975543,-0.117221504,-0.81064963,0.14671801,0.81552136,-0.30395007,-0.04436752,-0.33337784,0.26397574,0.008735535,0.47858584,0.0527759,-0.079311274,0.711208,-0.14190426,0.9664522,0.407698,0.45458713,0.012792432,-0.5997962,0.05947232,0.2791488,0.24237457,-1.3413341,-0.13815801,0.42687473,-0.27634105,0.7092846,-0.22352858,-0.3142674,-0.21772394,0.4502251,0.2644505,-0.17650506,0.21309341,0.616045,0.010873164,-0.23874828,-0.1894796,0.39742863,0.60741603,-0.66855097,-0.33294588,0.40016243,-0.34059525,Regional
-0.06760895,-0.039336443,0.5977406,0.108361185,0.18126306,-1.0965253,0.2507914,-0.5890841,0.013256522,-0.2953778,-0.7968159,-0.04431789,-0.09924233,-0.90889114,0.15595421,0.87407607,-0.34749487,-0.03532279,-0.34849724,0.28868926,0.0870313,0.6620751,0.03954584,-0.014842685,0.74058557,-0.06659116,0.867515,0.553228,0.40408054,0.03261324,-0.68575597,0.040943544,0.26627234,0.24902953,-1.4108996,-0.11950839,0.51183623,-0.40161338,0.7491971,-0.20007579,-0.39793038,-0.26812226,0.5158119,0.30080533,-0.22807078,0.27033523,0.6234236,0.08887623,-0.31017488,-0.24060506,0.3837185,0.60334265,-0.6487491,-0.28711313,0.37232426,-0.35675055,Regional
-0.17202558,-0.054482426,0.6206025,0.17295298,0.16142619,-0.89481944,0.38736266,-0.85798246,-0.10168948,-0.31770048,-0.72478575,-0.13429968,-0.18530522,-0.8503489,0.057433236,0.9747836,-0.30121708,0.12065444,-0.19339547,0.15780704,0.054651514,0.562131,0.069800526,-0.18292494,0.73461246,-0.2114518,1.1222372,0.48254675,0.43523967,0.029273367,-0.7462685,0.16135278,0.46116015,0.23230611,-1.5983745,-0.2231944,0.60310173,-0.27237612,0.87564456,-0.29734874,-0.34742925,-0.26361215,0.5045865,0.4424052,-0.05130422,0.19952314,0.6395334,0.009490253,-0.15636186,-0.046493053,0.4715538,0.7228714,-0.5845912,-0.21688034,0.42002264,-0.5612546,Megapolitan
-0.06937155,-0.10586112,0.566981,0.11453666,0.17627122,-0.69720083,-0.015043902,-0.6672654,-0.24320488,-0.5164036,-0.5868884,-0.24726701,0.016787998,-0.61601186,-0.086621344,0.8458213,-0.41283175,-0.21463802,-0.13645178,0.13094802,-0.17254698,0.3647947,0.027891647,-0.25643906,0.4689754,-0.16141728,0.83378047,0.023513421,0.15054801,-0.13403565,-0.76467746,0.11258211,0.02399506,0.106354445,-1.1488037,-0.24730486,0.5130465,0.02101283,0.74972475,0.052180327,-0.36446577,-0.26151916,0.3222389,0.26941374,-0.19417787,0.1587328,0.436061,0.14247906,-0.34469426,0.06781789,0.24929701,0.8358658,-0.110371836,-0.38420904,0.57668376,-0.30952346,Money
-0.20004389,-0.055993382,0.63500035,0.26050124,0.23564084,-0.75680435,0.20566294,-0.91960603,-0.26601803,-0.50350046,-0.52572423,-0.19476542,-0.10926705,-0.8555694,-0.07528151,0.88310134,-0.33251372,0.18395932,0.017711923,0.107734665,0.005229095,0.49909663,0.14184536,-0.3430079,0.69390005,-0.17976348,1.0379895,0.46834013,0.33294746,0.047554255,-0.8597326,0.21276192,0.4249637,0.29122493,-1.4839575,-0.22936913,0.5775211,-0.25374952,0.90210474,-0.123675935,-0.3674637,-0.2975831,0.52516806,0.38112548,0.05251921,0.16617464,0.5930506,0.08111493,-0.1106568,0.16817632,0.33678997,0.7008828,-0.4941295,-0.17822208,0.5530806,-0.7063478,Nasional
-0.12668554,-0.0310807,0.6368582,0.16939315,0.3180425,-0.8403073,-0.04621685,-0.86034834,-0.2453513,-0.6630457,-0.5747443,-0.23130669,0.018265905,-0.90046126,-0.13215344,0.8601788,-0.39350027,-0.022980798,0.0039303643,0.1545935,-0.05784649,0.4222043,0.09986588,-0.37854928,0.6411673,-0.25106418,1.0277395,0.35520214,0.27370125,0.08747955,-0.86188215,0.22644661,0.23485786,0.31508845,-1.3984729,-0.21771173,0.500362,-0.20583835,0.85429865,0.08096503,-0.43345326,-0.3661967,0.52322483,0.2711455,0.03876252,0.13590762,0.6245828,0.1560269,-0.18123415,0.15540145,0.24619514,0.69039804,-0.4246374,-0.3079173,0.7381273,-0.586346,Nasional
-0.034981944,0.24793097,1.3884841,-0.25185725,0.4356937,-1.5358238,-0.38763952,-0.5834181,0.1712106,-1.2042396,-0.4681807,-0.82965195,0.034630183,-1.0766207,-0.42207408,0.8647768,-0.9637812,-0.9466445,-0.441466,0.319114,-1.1210982,-0.0651424,0.17656629,-0.47891024,0.41301787,0.066433124,1.4310094,-1.3051372,0.45563862,-0.3324918,-0.71261287,0.2517207,-0.48798895,0.51140577,-1.4234018,-0.40919015,0.363373,0.5978193,1.1800098,0.7743527,-0.43939775,0.004296097,0.41457787,-0.06654815,-0.24715924,-0.09712878,0.7807226,-0.40492168,-0.6385093,-0.047912188,0.5045756,1.8067163,-0.44175905,-1.2520498,1.3665444,-0.46330148,Bola
-0.06640395,0.25027725,1.4619118,-0.2678734,0.4685924,-1.6048547,-0.42786667,-0.60298353,0.16434675,-1.2794892,-0.48247865,-0.9046405,-0.021340093,-1.1394563,-0.44612,0.8559517,-1.0009565,-1.0240154,-0.4065744,0.33304065,-1.2050002,-0.053333268,0.17669459,-0.5482536,0.3889577,0.06825214,1.5116296,-1.4761628,0.51580656,-0.40270722,-0.732507,0.25406638,-0.4932998,0.49415687,-1.4153073,-0.44361025,0.3838919,0.6930902,1.2267956,0.783321,-0.45468095,0.026059255,0.36686936,-0.08920262,-0.27393925,-0.1072737,0.78628445,-0.4331582,-0.65220594,-0.06360863,0.49358574,1.9484135,-0.4314808,-1.3355879,1.4607427,-0.5543139,Bola
-0.05105049,0.2864703,1.5059433,-0.290817,0.46551383,-1.6462281,-0.4565686,-0.61700904,0.14758046,-1.3444418,-0.55291295,-0.901256,0.03176052,-1.1361065,-0.46524075,0.9508263,-1.0352302,-1.0598755,-0.4629249,0.36665434,-1.2297484,-0.06566906,0.18782325,-0.5290756,0.3975406,0.056639105,1.5517571,-1.4811358,0.46549302,-0.39140233,-0.73647803,0.2948378,-0.560925,0.5267044,-1.4592535,-0.4649719,0.38632467,0.6782848,1.2345898,0.8560333,-0.48996407,0.01181831,0.40225446,-0.101267315,-0.25945202,-0.09848285,0.856449,-0.40721655,-0.687833,-0.08761992,0.49570316,1.9793112,-0.38523906,-1.3575662,1.4732196,-0.48273605,Bola
0.12904105,0.39166924,1.5206144,-0.42776674,0.43821636,-1.765659,-0.5743491,-0.6279792,0.121946074,-1.4038937,-0.5718012,-0.94065976,0.15310548,-1.0978514,-0.42272648,1.1718872,-1.050277,-1.211131,-0.6004613,0.4543976,-1.2912819,-0.19220911,0.24191439,-0.51284206,0.43763614,-0.1436649,1.7655681,-1.5133715,0.482109,-0.4038941,-0.6788546,0.30711678,-0.69947773,0.6078392,-1.4473943,-0.5586706,0.25440344,0.73745185,1.2126447,0.9126295,-0.55652094,0.022201,0.37360767,-0.22621948,-0.21756288,-0.082533464,1.0974171,-0.2522538,-0.7270927,-0.17131478,0.49920237,2.0825255,-0.42187402,-1.487298,1.5816016,-0.28240374,Bola
-0.07793952,0.2311733,1.3394525,-0.21394807,0.43699944,-1.4600097,-0.3391643,-0.564703,0.18926936,-1.1398877,-0.45165107,-0.7838694,0.008566943,-1.050781,-0.41054475,0.7813028,-0.9286348,-0.88211066,-0.41970283,0.2787992,-1.0707753,-0.031447027,0.15129566,-0.46926734,0.39319023,0.10187097,1.3370346,-1.2451535,0.43597043,-0.3010312,-0.7024323,0.23210342,-0.43178627,0.4846967,-1.4004747,-0.37209824,0.38891998,0.55277157,1.1613358,0.73471946,-0.40799302,0.00012033282,0.42397395,-0.032353092,-0.25291348,-0.105371766,0.6942917,-0.4393221,-0.6073113,-0.0474293,0.50166905,1.7298782,-0.44913888,-1.1813549,1.2904035,-0.48752046,Bola
-0.09595826,0.20272163,1.311465,-0.18895118,0.43993893,-1.4177611,-0.3157389,-0.5403531,0.22843754,-1.088891,-0.40776467,-0.7653743,0.0036695178,-1.0449654,-0.41057009,0.7102299,-0.90500003,-0.8425264,-0.3971144,0.24520537,-1.0409186,-0.0367026,0.12261227,-0.46475127,0.37674078,0.13169767,1.2790346,-1.2133687,0.43455887,-0.2699009,-0.6733792,0.21445726,-0.42174006,0.46834457,-1.3862805,-0.33553413,0.3794952,0.53975827,1.1427802,0.7181008,-0.37188795,-0.003953508,0.43714914,-0.014760195,-0.25617874,-0.12222948,0.6365575,-0.48093677,-0.5921446,-0.03228523,0.51214975,1.6759331,-0.48122776,-1.1554965,1.2567385,-0.50419134,Bola
-0.021369403,0.23220372,1.3006217,-0.2381873,0.40397507,-1.4909992,-0.35020235,-0.59171534,0.1285803,-1.1354465,-0.5548197,-0.75317055,0.03086065,-1.0301242,-0.35473403,0.9230348,-0.899028,-0.90990835,-0.4554909,0.3211687,-1.000825,0.0008018242,0.15330072,-0.4346847,0.4144154,-0.001877686,1.4116337,-1.1565177,0.43821663,-0.31670794,-0.68284094,0.24213712,-0.4483799,0.46431866,-1.3848894,-0.41886047,0.37323684,0.5347036,1.1217121,0.6963595,-0.46167192,-0.023610668,0.39603123,-0.03737629,-0.2464477,-0.051235758,0.7999982,-0.3059152,-0.61044383,-0.109134465,0.47733426,1.731249,-0.4018817,-1.1757469,1.2684782,-0.4075603,Bola
-0.12127271,0.17226887,1.2467146,-0.1488328,0.4273122,-1.325239,-0.2527612,-0.51458806,0.25056323,-1.0033094,-0.3697091,-0.71675664,-0.018653492,-1.0041063,-0.39619726,0.6261307,-0.8646957,-0.76624715,-0.37710762,0.19716795,-0.9798054,-0.016106093,0.1067077,-0.43363357,0.36319184,0.17579742,1.1652484,-1.1275411,0.4149927,-0.24030858,-0.6671399,0.18869455,-0.36368656,0.44052505,-1.3636343,-0.2917422,0.39507076,0.4941702,1.1189599,0.6737169,-0.338539,-0.0027850808,0.441344,0.026391,-0.26009476,-0.1228611,0.54323685,-0.5126108,-0.56553984,-0.0129089,0.5216799,1.5783026,-0.48590064,-1.0739553,1.1744713,-0.51340604,Bola
-0.074138075,0.16628832,1.1583024,-0.11030658,0.37060156,-1.3084172,-0.24996865,-0.6071777,0.08859822,-0.9941273,-0.48385882,-0.6396444,-0.019711196,-0.9986659,-0.31305224,0.7901927,-0.78423715,-0.6681765,-0.3159783,0.273553,-0.82175297,0.07412242,0.12935996,-0.43858013,0.4453044,0.022867955,1.2738652,-0.8901471,0.41290033,-0.2311108,-0.6796303,0.23455316,-0.26215294,0.42417613,-1.3643254,-0.320796,0.38811535,0.375565,1.0512897,0.543919,-0.38705352,-0.067748085,0.41754794,0.027960457,-0.21005999,-0.04390693,0.6811269,-0.30744755,-0.4906976,-0.016238667,0.45763317,1.4919425,-0.44210956,-0.971435,1.1047064,-0.5258752,Bola
-0.14808795,-0.2185243,0.53452224,0.2472292,0.18314588,-0.76643956,0.20150699,-0.7722379,-0.28544605,-0.45084816,-0.90180844,-0.07001099,-0.057487555,-0.74983704,-0.006621986,0.9587282,-0.39308804,-0.030920016,-0.1423778,0.15233915,0.09949309,0.69497496,-0.067269504,-0.13177198,0.56305146,-0.13596804,0.77822286,0.43111768,0.14234066,-0.01143715,-0.86400646,0.09480137,0.19056432,0.047998656,-1.4233869,-0.16006766,0.6975441,-0.27435532,0.8273758,-0.09892549,-0.43186653,-0.38141894,0.4841964,0.4452984,-0.22012737,0.2756487,0.45242512,0.22168729,-0.32339406,-0.009944272,0.30773982,0.7238485,-0.16585095,-0.17142159,0.39412615,-0.3891201,Regional
-0.10580408,-0.100016445,0.55030525,0.10030204,0.15068135,-0.85345286,0.28463972,-0.6759718,-0.07336677,-0.28047583,-0.69485843,-0.16502255,-0.12651534,-0.74279326,0.07256475,0.8661017,-0.31670865,-0.05174034,-0.2689817,0.15553805,-0.0058658742,0.5166589,0.033378292,-0.11599262,0.6433096,-0.13868763,0.8740587,0.34282222,0.34958097,-0.057113744,-0.7442044,0.060112793,0.27037632,0.12855875,-1.3823128,-0.17934754,0.5705869,-0.1853646,0.7630655,-0.21866775,-0.3386633,-0.2283864,0.4175358,0.3618068,-0.18711942,0.22811538,0.5213427,0.045899943,-0.28420106,-0.06886449,0.36058417,0.68561786,-0.4210473,-0.28755534,0.41156253,-0.34438372,Regional
-0.23056091,-0.36068073,0.60626173,0.43856516,0.29506052,-0.88127345,0.32559392,-1.0206645,-0.44402087,-0.5975782,-1.2743605,0.09195947,-0.030485744,-0.9670128,-0.010673488,1.2827855,-0.43729728,0.10186498,-0.056201704,0.15455537,0.3239503,1.0605034,-0.14361127,-0.13390948,0.7470393,-0.1464396,0.8605214,0.86866874,0.07126733,0.16536514,-1.1055542,0.14200129,0.29364717,0.009689969,-1.8695832,-0.05441784,0.96612567,-0.61125576,1.0575399,-0.113477714,-0.6242789,-0.59264463,0.76665545,0.6350309,-0.19725321,0.4108394,0.5814569,0.4053133,-0.3350971,-0.01545144,0.36542493,0.68930453,-0.15808079,0.0063583762,0.36936808,-0.5467542,Regional
-0.10116451,-0.07274389,0.5628239,0.16601153,0.22526442,-0.9195237,0.17540331,-0.6849045,-0.10789459,-0.4291092,-0.62548894,-0.11769287,-0.07806437,-0.8667568,0.007919466,0.7671245,-0.35217392,0.020325962,-0.13525096,0.229782,0.06815958,0.56675375,0.04732134,-0.1939527,0.6795513,-0.08750082,0.90444785,0.4805925,0.3547561,0.05540361,-0.72298014,0.09396933,0.27443922,0.26152396,-1.3565642,-0.13567065,0.52661127,-0.30974448,0.7807499,-0.12235113,-0.36710167,-0.33028784,0.4902374,0.30432072,-0.14334084,0.18224162,0.51009434,0.08661409,-0.20733452,-0.0069445064,0.3360812,0.5720824,-0.57187563,-0.24689974,0.5150471,-0.5320158,Regional
-0.1818266,-0.30806863,0.49053955,0.2911646,0.13212566,-0.6613581,0.33454475,-0.9028766,-0.32983756,-0.3485547,-0.9920184,-0.09091675,-0.07227799,-0.7181095,0.04951284,1.0825133,-0.33987674,0.01747429,-0.18154973,0.07249054,0.13562687,0.72604096,-0.074392505,-0.14780352,0.63152885,-0.20636731,0.7912858,0.5010403,0.1669186,-0.06383491,-0.99250185,0.08507434,0.28378567,-0.040328294,-1.5899312,-0.19021133,0.82352126,-0.27521113,0.86697817,-0.25272733,-0.4463085,-0.35786018,0.49207076,0.5669785,-0.2338325,0.35507903,0.45992923,0.2263521,-0.33703104,0.049104895,0.33982393,0.76474065,-0.08137357,-0.11760061,0.32027456,-0.33187503,Regional
-0.07417232,-0.015656246,0.62032723,0.02015536,0.22145373,-1.0551466,0.24426158,-0.60893375,0.047273178,-0.3162412,-0.64310765,-0.18026909,-0.109636895,-0.83755755,0.08100935,0.83314574,-0.31953442,-0.09304089,-0.3118166,0.23011267,-0.042748086,0.473267,0.07268454,-0.10614653,0.69444734,-0.13794161,0.9909589,0.34189188,0.47878453,-0.02028814,-0.6263341,0.071026824,0.28207886,0.2519521,-1.3824689,-0.17067613,0.48267803,-0.2015934,0.7579956,-0.19503424,-0.36347076,-0.2163988,0.44787982,0.29857212,-0.15443791,0.19612415,0.62220085,0.005174392,-0.2520198,-0.123814896,0.37263808,0.6353442,-0.63464683,-0.38041165,0.496219,-0.39944604,Regional
-0.03211936,0.04417953,0.5948598,0.029763801,0.17595002,-0.9819125,0.18128711,-0.5614857,-0.00049600773,-0.31895104,-0.68803936,-0.13781326,-0.08736963,-0.76454884,0.114024,0.847635,-0.32873437,-0.12390432,-0.3334023,0.26200795,-0.06413678,0.43769696,0.038551956,-0.09935394,0.6086618,-0.17530657,0.9596796,0.26266262,0.3842568,-0.025981084,-0.55652994,0.0859973,0.17707351,0.22169949,-1.2636033,-0.16634066,0.39718804,-0.21011026,0.6898842,-0.12474596,-0.33460575,-0.19680719,0.42363238,0.22803694,-0.16629705,0.19319126,0.6412314,0.04417755,-0.26809832,-0.20694266,0.36912856,0.6984385,-0.5302756,-0.3790202,0.41227448,-0.28701806,Regional
-0.1312708,-0.041395564,0.6259486,0.116745636,0.16634776,-1.0187514,0.4088747,-0.80745935,-0.043207,-0.28728008,-0.75841516,-0.13125277,-0.1916948,-0.89576465,0.107175656,0.98842436,-0.30259472,0.053278495,-0.2892435,0.21116291,0.03835708,0.5609805,0.06637969,-0.14927714,0.7665895,-0.18191274,1.1343861,0.47026005,0.4843402,-0.00070621906,-0.7310953,0.11887739,0.43633828,0.2248009,-1.6144953,-0.21147275,0.58602947,-0.2674921,0.8601166,-0.31394485,-0.35672197,-0.2553824,0.51011056,0.41632083,-0.11296179,0.22579847,0.6706164,-0.027080605,-0.20111886,-0.11311362,0.48552057,0.70835817,-0.6582163,-0.28350538,0.44348416,-0.51011497,Regional
-0.039228033,-0.05012033,0.50378454,0.05555392,0.17265244,-0.8782731,0.13920051,-0.5286564,-0.035534475,-0.33937675,-0.5628259,-0.14148867,-0.045929585,-0.71483225,0.05354741,0.73346424,-0.31552598,-0.097226754,-0.2283644,0.227496,-0.024967063,0.42885724,0.058728512,-0.09418612,0.58248985,-0.10580771,0.81843805,0.29927847,0.34120646,-0.020213336,-0.5672776,0.05421232,0.17561743,0.22864936,-1.1537302,-0.14903688,0.42447177,-0.20474447,0.6546408,-0.10682131,-0.34582415,-0.23384109,0.39199686,0.24578092,-0.17118347,0.17606878,0.5033656,0.07281653,-0.25055504,-0.061600458,0.3090886,0.57792646,-0.47290903,-0.31396115,0.4482352,-0.3433755,Regional
-0.04557488,-0.036073443,0.5198483,0.06256226,0.17005326,-0.92568165,0.16749349,-0.5467498,-0.0251962,-0.33410075,-0.59057593,-0.12842104,-0.05672661,-0.7515721,0.06751952,0.7634306,-0.3141892,-0.08514464,-0.23930591,0.24968897,-0.013901542,0.4575337,0.06286249,-0.09191875,0.61554784,-0.100485325,0.85094446,0.33703965,0.36190546,-0.012818597,-0.57313585,0.053406507,0.20641343,0.24155582,-1.1973981,-0.14996554,0.43019933,-0.2274861,0.6739088,-0.12700552,-0.348253,-0.24564093,0.41049626,0.25558522,-0.17195192,0.18678965,0.52984554,0.07116579,-0.24953672,-0.08614573,0.3293098,0.5729321,-0.5193228,-0.31318268,0.4438149,-0.36433658,Regional
-0.08960712,-0.06549289,0.53147274,0.15494713,0.17292978,-0.9023882,0.14050598,-0.5508999,-0.09066626,-0.392413,-0.68937093,-0.06309503,-0.06003998,-0.78468907,0.042406544,0.743422,-0.36470023,-0.051582802,-0.1922702,0.2501186,0.045495927,0.5694846,0.00858746,-0.07541451,0.56670153,-0.02516539,0.7424521,0.38994214,0.25172043,0.017770646,-0.6412415,0.06412081,0.15641262,0.2265304,-1.1971306,-0.12809129,0.47097704,-0.2936456,0.6847578,-0.05130082,-0.35961974,-0.29054493,0.4488788,0.27269506,-0.21407421,0.19754668,0.4716967,0.11968944,-0.28426033,-0.101085976,0.3051446,0.59790653,-0.43935937,-0.24790858,0.39565617,-0.39011335,Regional
-0.06614221,-0.016649134,0.6405897,0.025269961,0.22690096,-1.0780082,0.19811006,-0.59983045,0.03363199,-0.36021256,-0.60699505,-0.19885175,-0.09045814,-0.84854484,0.056685966,0.8212802,-0.34864235,-0.107949734,-0.28766695,0.2499611,-0.06804782,0.4600678,0.08604748,-0.124782085,0.6975104,-0.11795825,0.9989653,0.30771914,0.46613446,-0.031161185,-0.62830913,0.07362408,0.23698229,0.28454083,-1.3674296,-0.17590086,0.46604514,-0.18368955,0.77265394,-0.14620999,-0.3670799,-0.22225316,0.44833565,0.28127295,-0.16415724,0.17754488,0.61364776,0.010346438,-0.26337922,-0.09614229,0.3701037,0.65447414,-0.6371101,-0.40833554,0.5446597,-0.42612788,Regional
-0.07984688,-0.027830994,0.57850003,0.052554667,0.19665253,-0.94375485,0.19033498,-0.58185107,-0.0032416095,-0.33369613,-0.59352285,-0.17975764,-0.09456766,-0.7671063,0.045696247,0.76809007,-0.32296202,-0.09071882,-0.24819317,0.21118446,-0.055618577,0.43285623,0.059164718,-0.12771867,0.6137428,-0.12002733,0.9122839,0.26656356,0.4006632,-0.03291109,-0.60058033,0.07744071,0.2233058,0.22692345,-1.268528,-0.16616389,0.45065242,-0.16145314,0.7193673,-0.1377022,-0.33519843,-0.21444033,0.405903,0.27690825,-0.1516113,0.17010604,0.5455644,0.013166859,-0.24167445,-0.0798095,0.34705898,0.6371039,-0.5279485,-0.3532834,0.47897524,-0.39603359,Regional
-0.13087836,-0.06965285,0.6677787,0.115740895,0.19601415,-0.92327434,0.22977696,-0.8095881,-0.15080617,-0.45128426,-0.7674871,-0.22396362,-0.12745477,-0.85212487,0.00047942545,0.957559,-0.386738,-0.08094727,-0.23707704,0.16805963,-0.06974933,0.51998174,0.033483434,-0.22539793,0.6253069,-0.18446587,1.0243032,0.23063146,0.35346586,-0.05944841,-0.81573945,0.1353846,0.25741595,0.16313455,-1.5106514,-0.23888454,0.61562693,-0.1278084,0.8656702,-0.12855001,-0.38856927,-0.26123956,0.46073696,0.38066107,-0.1404025,0.21222879,0.601211,0.03170361,-0.26450142,-0.020024562,0.3747498,0.854031,-0.40497908,-0.34289405,0.5365701,-0.46435317,Regional
-0.095360644,-0.08383381,0.47318882,0.12757963,0.1721921,-0.76294714,0.17373243,-0.586988,-0.1016824,-0.33148465,-0.55248094,-0.11566725,-0.07382011,-0.70561326,0.013761068,0.6922445,-0.29096714,-0.01365516,-0.14282396,0.17589262,0.02768626,0.46782774,0.033360142,-0.13865793,0.5460377,-0.09436471,0.76386493,0.35215682,0.29370672,0.00032632906,-0.60068184,0.06951533,0.22538942,0.18571107,-1.1492752,-0.14071073,0.46041566,-0.21921071,0.65755516,-0.1253174,-0.31689268,-0.2592703,0.39935386,0.2916378,-0.13220179,0.1707094,0.42936742,0.07193702,-0.1974949,-0.0035593384,0.28620577,0.52784723,-0.41522253,-0.22165458,0.4148824,-0.41209576,Regional
-0.12913446,-0.12948106,0.5332029,0.1621495,0.078583054,-0.7855764,0.41237724,-0.8804733,-0.19201842,-0.27653024,-0.8283441,-0.11586085,-0.16635893,-0.7782678,0.07987302,1.0504647,-0.30367276,0.04897093,-0.27156106,0.13872015,0.057531763,0.5719711,0.023635434,-0.17725082,0.67102814,-0.23160894,1.0253917,0.41921133,0.3417989,-0.071892455,-0.8384623,0.115928456,0.40522096,0.084639356,-1.5805264,-0.26499835,0.67342764,-0.22175977,0.8541981,-0.3295413,-0.35169056,-0.2873458,0.44518626,0.4732633,-0.13862406,0.27603176,0.57105273,0.047621753,-0.23454198,-0.051074676,0.45812526,0.78808326,-0.3707929,-0.19563128,0.35893375,-0.40840387,Regional
-0.12519418,-0.21706419,0.5201195,0.19357109,0.08554839,-0.75987655,0.34999,-0.8292014,-0.22929311,-0.27874824,-0.9703923,-0.101529926,-0.109091245,-0.7143686,0.10905686,1.0866103,-0.34214154,-0.044195883,-0.302095,0.12379269,0.07287261,0.6548128,-0.055514306,-0.10910715,0.63745314,-0.21483739,0.88785726,0.4058605,0.24410139,-0.11015063,-0.90876436,0.071724474,0.26153803,-0.013802616,-1.5499431,-0.22585323,0.72469234,-0.21181676,0.8322362,-0.2948392,-0.3990267,-0.31072354,0.42788956,0.4992877,-0.26441273,0.3314376,0.50961673,0.14972815,-0.36771923,-0.075712174,0.40128854,0.82124954,-0.17991084,-0.21009503,0.32997033,-0.25381938,Regional
-0.12625168,-0.13641806,0.5563193,0.1605871,0.0651432,-0.82089627,0.4746235,-0.89965504,-0.1651339,-0.23121437,-0.95548934,-0.10196186,-0.18470664,-0.7768377,0.13620016,1.1488055,-0.30027267,0.027197292,-0.3500992,0.13256457,0.06936968,0.61059743,-0.0088992,-0.1344791,0.6965087,-0.2628629,1.0653702,0.42400137,0.36294332,-0.084786445,-0.85723615,0.11131255,0.39595795,0.041066177,-1.6736926,-0.25761467,0.69282055,-0.22277465,0.8706328,-0.37908652,-0.35646674,-0.26379973,0.45752344,0.5091947,-0.17434369,0.3137757,0.6300363,0.03984259,-0.28490824,-0.13465637,0.51246107,0.8448284,-0.3547301,-0.2153232,0.31820804,-0.32124993,Regional
-0.14693286,-0.22520746,0.58416516,0.2573148,0.20708267,-0.87527233,0.3091055,-0.8747824,-0.22781785,-0.41769964,-0.8886188,-0.07573963,-0.07051337,-0.8764128,0.009253115,1.0241189,-0.39315432,0.025100319,-0.18781267,0.14558785,0.13002703,0.73224425,-0.04162185,-0.16273682,0.7191603,-0.14538531,0.89955306,0.5713147,0.24922572,0.040063597,-0.95421326,0.09330996,0.30737144,0.11354738,-1.6627719,-0.15038374,0.7647868,-0.3487146,0.9295892,-0.18905564,-0.45567924,-0.39554322,0.58415747,0.50079256,-0.20257916,0.29414922,0.5247924,0.15900633,-0.2959015,0.02063602,0.39375433,0.7397311,-0.37261263,-0.17784199,0.43361473,-0.48296508,Regional
-0.100416,-0.03694496,0.50445825,0.10311408,0.16505322,-0.8296619,0.28042117,-0.59970015,-0.018128144,-0.24268265,-0.55761826,-0.11360857,-0.14131163,-0.7308038,0.07609384,0.71553695,-0.25744256,0.03363332,-0.20767753,0.17880653,0.03800891,0.4562185,0.050670806,-0.1255728,0.6214014,-0.10697538,0.8539045,0.3839279,0.3837211,0.021336067,-0.5962587,0.07197472,0.31259146,0.19956726,-1.2630489,-0.12587962,0.45792356,-0.2246062,0.6842776,-0.20552139,-0.28067905,-0.20929877,0.41875213,0.30348018,-0.12301805,0.1738062,0.49647552,-0.019848103,-0.1694033,-0.064133614,0.35456225,0.53420115,-0.5601997,-0.23915677,0.37824845,-0.43592113,Regional
-0.15265922,-0.075976424,0.6473978,0.34462076,0.087340474,-1.3050941,0.20923038,-0.6452479,-0.18320845,-0.40926117,-1.0530922,0.031309392,-0.14215931,-1.1716665,0.24400634,0.9794208,-0.5701339,0.04632106,-0.3671119,0.48214933,0.18678801,0.9783456,0.06654676,0.058841366,0.852627,0.21922821,0.8171114,0.7440371,0.30981782,-0.07650977,-0.99666786,0.041802783,0.14278643,0.415674,-1.5554941,-0.23251958,0.56436294,-0.5795732,0.87033516,-0.1008612,-0.49042776,-0.37252206,0.5847925,0.37277916,-0.4871556,0.38433853,0.58971626,0.2234637,-0.5313573,-0.2682073,0.45785403,0.8288033,-0.66588897,-0.24753907,0.40326366,-0.52322674,Regional
-0.13428049,-0.12050027,0.5977786,0.21436965,0.2558968,-0.9798615,0.22925115,-0.71480465,-0.12372072,-0.44137236,-0.82356995,-0.030036237,-0.055624194,-0.9240977,0.009033234,0.902726,-0.3950016,-0.007495306,-0.18558472,0.21462631,0.12368196,0.73242295,-0.02707907,-0.10144196,0.71426433,-0.081580125,0.8423402,0.6068889,0.28725186,0.109532446,-0.7894081,0.09795756,0.26100364,0.21195845,-1.508488,-0.09499706,0.62578356,-0.44421718,0.8550441,-0.0998026,-0.42580134,-0.37991306,0.60724944,0.3929794,-0.1651563,0.25030747,0.5533725,0.15806909,-0.26540995,-0.09810687,0.35882184,0.5988303,-0.5077502,-0.2078137,0.44302353,-0.46894196,Regional
-0.1094133,-0.09677025,0.49180278,0.16814679,0.17983828,-0.7618953,0.1205396,-0.64680684,-0.1706572,-0.42533073,-0.6438516,-0.09065284,-0.05278691,-0.71320516,-0.01261885,0.75080395,-0.32482913,-0.011102293,-0.10766966,0.16585171,0.045103204,0.5165359,0.01672782,-0.15833192,0.5350462,-0.121891454,0.76351106,0.3683277,0.21108758,0.02355634,-0.6619255,0.10874924,0.20938435,0.17524737,-1.2049184,-0.14750281,0.5014222,-0.2425004,0.69194686,-0.06165641,-0.35416806,-0.29911485,0.42954496,0.30241394,-0.12111892,0.16992079,0.4586943,0.12870626,-0.20449297,0.0032195633,0.2748712,0.57729286,-0.34196034,-0.20584749,0.42174152,-0.42584756,Regional
-0.14956784,-0.21871594,0.51796466,0.36066368,0.11896147,-0.9566496,0.18216942,-0.69186884,-0.2936157,-0.43778706,-1.0083933,0.043843426,-0.056901965,-0.9284065,0.09515773,0.93476653,-0.48287314,0.010584908,-0.20189583,0.31609723,0.21251221,0.9182322,-0.04085917,0.0044554803,0.6770328,0.073814444,0.6661567,0.6857652,0.13692313,-0.01996161,-0.93539053,0.049180657,0.13141738,0.19234528,-1.4318292,-0.1527723,0.66192293,-0.49527305,0.82170093,-0.09320508,-0.47335497,-0.43872324,0.5346672,0.43971163,-0.40306088,0.36510235,0.4222939,0.30390438,-0.46024004,-0.114434585,0.3706963,0.6985961,-0.32792214,-0.13421611,0.35962653,-0.4255035,Regional
-0.20545846,-0.1660051,0.64219326,0.49674723,0.14900117,-1.2998908,0.22458683,-0.804499,-0.31587264,-0.5190848,-1.1530182,0.115841605,-0.12961018,-1.2958587,0.20777954,1.0533069,-0.5942546,0.18033537,-0.23296413,0.46508378,0.33778605,1.1705898,0.04259749,0.017276093,0.9512266,0.23722947,0.8049032,1.0377052,0.2473452,0.037377402,-1.1598306,0.0769352,0.22562239,0.4337826,-1.7403824,-0.18642074,0.70423037,-0.7717146,0.97736096,-0.0849509,-0.58272815,-0.5149226,0.72415715,0.46444947,-0.458161,0.4274716,0.5869645,0.33660576,-0.5037068,-0.16695333,0.44781014,0.7560637,-0.68153864,-0.104045704,0.42876813,-0.69881785,Regional
-0.16190703,-0.12796825,0.58684003,0.18469217,0.09555955,-0.8369163,0.36489826,-0.8613169,-0.19371071,-0.36211675,-0.91377217,-0.10395456,-0.17316586,-0.7972265,0.048674785,1.0530131,-0.34072006,0.016338566,-0.23730882,0.15815765,0.04731925,0.6266918,-0.0070357397,-0.16087727,0.6052241,-0.20697346,1.0241046,0.34289744,0.2855339,-0.08115196,-0.7884018,0.1332028,0.3473562,0.07539631,-1.5591934,-0.27128103,0.6753132,-0.19347355,0.88014257,-0.24035418,-0.356285,-0.30709365,0.4516706,0.4811715,-0.16032806,0.24149895,0.5664724,0.05247425,-0.25297984,-0.08878051,0.45292822,0.842142,-0.3154086,-0.22320105,0.36091504,-0.45135576,Regional
-0.086158395,-0.058385108,0.61981755,0.0863812,0.2500227,-1.053537,0.15918611,-0.68686783,-0.057135824,-0.45635194,-0.7512895,-0.13519558,-0.052864347,-0.8986207,0.036359202,0.8922641,-0.37707487,-0.10029666,-0.25150847,0.23026983,0.014219781,0.57891655,0.04461554,-0.13279782,0.7002657,-0.1510848,0.9496222,0.41693997,0.38790315,0.028423065,-0.71943736,0.10741682,0.25450242,0.25331846,-1.4368298,-0.16563572,0.56411505,-0.2899944,0.8026086,-0.091316156,-0.43445364,-0.30681148,0.5048781,0.3118507,-0.15452583,0.22466612,0.6290977,0.111426614,-0.26671785,-0.08844018,0.32559478,0.6695999,-0.5593551,-0.33698222,0.5195604,-0.43366072,Regional
-0.14195922,-0.2218545,0.52844226,0.26811212,0.16842896,-0.8042267,0.17515446,-0.74972475,-0.29913023,-0.47577608,-1.0214567,-0.011081663,-0.029781502,-0.7626192,0.004132865,0.99949324,-0.41257274,-0.074282885,-0.1651162,0.19736141,0.1359155,0.77072763,-0.097833544,-0.07738915,0.5357989,-0.12906043,0.7410969,0.4690925,0.09070421,-0.004740437,-0.8236994,0.10129275,0.14089052,0.034871314,-1.4049658,-0.14095691,0.69289756,-0.3379269,0.80571514,-0.08324455,-0.45289606,-0.41307315,0.49101198,0.45076668,-0.26882666,0.30678877,0.4520795,0.28329676,-0.37887877,-0.08913394,0.32547924,0.720971,-0.116688244,-0.16742887,0.359781,-0.32267419,Regional
-0.13994859,-0.10254985,0.58094484,0.3532193,0.114146434,-1.1775715,0.22143134,-0.6716284,-0.19543312,-0.3903867,-0.9047743,0.027991686,-0.12679388,-1.1073469,0.188498,0.90563774,-0.5043252,0.10512459,-0.26799658,0.40714157,0.20667128,0.90661335,0.07090813,-0.0057564955,0.8465322,0.1709632,0.7758927,0.7919049,0.29214403,-0.00036801334,-0.976532,0.040401794,0.20821853,0.38643482,-1.5098537,-0.18438005,0.56300277,-0.5801449,0.8487355,-0.11757006,-0.47425914,-0.38568342,0.5968673,0.36323872,-0.39530396,0.35175237,0.5489467,0.21503481,-0.4392144,-0.15507744,0.42108476,0.70310336,-0.66210234,-0.18243149,0.4154964,-0.56140167,Regional
-0.19646949,-0.20068806,0.6366902,0.49826118,0.15216827,-1.119234,0.1313158,-0.91093814,-0.42380944,-0.6035456,-1.16186,0.051882714,-0.07917828,-1.1452196,0.13390689,1.1355569,-0.59030825,0.09853249,-0.20099644,0.34798697,0.23151593,1.0441431,-0.00024702665,-0.12880562,0.85856456,0.07472343,0.83391094,0.7987282,0.1736715,-0.008146637,-1.1666421,0.15610199,0.17980024,0.31700212,-1.7186875,-0.24018733,0.70911616,-0.59393847,0.9984271,-0.00026735573,-0.57377344,-0.4911475,0.6815617,0.48460856,-0.38229448,0.40180644,0.58924925,0.3550252,-0.48258233,-0.09248305,0.4314379,0.8693191,-0.40834582,-0.14244351,0.46841574,-0.6019279,Nasional
-0.13222456,-0.07757132,0.6276672,0.31730676,0.14423738,-1.2630666,0.24329135,-0.692424,-0.15288241,-0.40392476,-0.9326535,0.025315817,-0.13632855,-1.153485,0.2003855,0.94635516,-0.49168447,0.09945582,-0.29965675,0.41773424,0.20355435,0.9284884,0.08057992,-0.006365871,0.89115644,0.1266048,0.8591597,0.8245443,0.3520922,0.011402713,-0.9594388,0.03988562,0.2611006,0.4049611,-1.5822223,-0.18080774,0.5895403,-0.6069246,0.87786937,-0.15314695,-0.49533883,-0.3892657,0.61966926,0.3715404,-0.37008277,0.3463229,0.6171773,0.20832348,-0.41259992,-0.18885657,0.4221511,0.7021818,-0.74987805,-0.21154147,0.42795947,-0.57968396,Regional
-0.2051509,-0.15271287,0.6494796,0.4722936,0.15020731,-1.3004746,0.24643561,-0.77481735,-0.28004855,-0.49923283,-1.1944045,0.12895331,-0.13548568,-1.2597474,0.20012437,1.0536271,-0.5840612,0.13619258,-0.25077197,0.47077528,0.32301998,1.1502855,-0.00022843272,0.030393492,0.8906958,0.20527306,0.83114064,0.9677322,0.23220919,0.049245454,-1.056032,0.08272413,0.20961401,0.38385075,-1.7164727,-0.16837502,0.68801296,-0.7462501,0.96759266,-0.09283023,-0.555467,-0.5133078,0.71947205,0.47230804,-0.4618666,0.40024647,0.58749396,0.29659346,-0.48183298,-0.23575181,0.47956383,0.76564854,-0.6659361,-0.12063385,0.38648129,-0.6656358,Regional
-0.18699393,-0.1505956,0.60442525,0.4435192,0.13007468,-1.2225403,0.25323758,-0.7331636,-0.261811,-0.43894932,-1.1259588,0.1157328,-0.13343151,-1.1811261,0.20782425,1.0057623,-0.54174304,0.1371497,-0.2546924,0.44106716,0.30902523,1.0883971,0.006252369,0.039074052,0.8532347,0.19273317,0.7798143,0.9276546,0.22946496,0.036380667,-1.0175269,0.06450829,0.20789248,0.35153583,-1.6280452,-0.16263478,0.65742004,-0.70381933,0.9126022,-0.12231056,-0.52369773,-0.4765641,0.67109096,0.45197523,-0.44561252,0.3940077,0.5540379,0.28434333,-0.4656164,-0.22389846,0.45423386,0.7255849,-0.6289858,-0.11317325,0.35384735,-0.60881937,Regional
-0.17362335,-0.12444866,0.58697855,0.40396953,0.10594786,-1.1267822,0.16464263,-0.69980127,-0.28642294,-0.4764327,-1.1231033,0.090352364,-0.11522334,-1.0709598,0.1804915,0.98991835,-0.5445768,0.064440794,-0.27157748,0.40333965,0.23038836,0.98975366,-0.0022959064,0.0128553845,0.742679,0.14500277,0.7326791,0.72158766,0.18441457,-0.031391047,-0.96033275,0.0990215,0.13213089,0.32013187,-1.499274,-0.21042961,0.5920739,-0.57412684,0.8493606,-0.023365688,-0.49905625,-0.41961598,0.58773404,0.41014147,-0.4206261,0.368455,0.5365645,0.29289594,-0.47950888,-0.22707668,0.421744,0.78698087,-0.4557927,-0.15744871,0.35189572,-0.5053534,Nasional
-0.13827494,-0.10456761,0.63119686,0.37197208,0.11461001,-1.361976,0.3422805,-0.74724203,-0.16376933,-0.32269737,-0.95512664,0.023831163,-0.16813312,-1.2661527,0.27072877,1.0070659,-0.5298935,0.16517983,-0.35157683,0.4705981,0.26408935,1.016063,0.11125383,0.020151967,1.0414001,0.20104267,0.9059237,1.0078694,0.42068288,-0.0061310586,-1.1265159,0.0015121081,0.3252293,0.45532164,-1.7493485,-0.2005464,0.64094895,-0.6956659,0.9462341,-0.27011314,-0.5129909,-0.42120147,0.6741449,0.4238003,-0.45986792,0.42686415,0.6218281,0.21072014,-0.48814163,-0.17742468,0.49552375,0.7342359,-0.8747035,-0.20118582,0.4572736,-0.62564623,Regional
-0.0337898,0.29575127,1.4779677,-0.28149357,0.45371637,-1.6522608,-0.5102731,-0.6235082,0.08357704,-1.36452,-0.56766593,-0.8945294,0.041654024,-1.1307079,-0.434162,0.9958016,-1.0102499,-1.0757226,-0.4326023,0.41174743,-1.1968993,-0.0638696,0.19943368,-0.5509083,0.40368393,0.013560333,1.5904254,-1.4451178,0.46514723,-0.40514496,-0.6984832,0.30251446,-0.56450444,0.5390953,-1.3922334,-0.47571385,0.35158536,0.65089834,1.1799551,0.82972825,-0.5123288,0.00023409518,0.37885144,-0.12577108,-0.2548768,-0.08895949,0.90564483,-0.33290008,-0.6609521,-0.091980144,0.44271925,1.9457735,-0.3712021,-1.3554457,1.4640758,-0.49600115,Bola
0.0015105668,0.24679878,1.2733353,-0.23939367,0.38891387,-1.4786755,-0.36402816,-0.60794395,0.06394,-1.1446612,-0.61009413,-0.7138426,0.044380315,-1.0120106,-0.3301086,0.98413086,-0.86925346,-0.8781565,-0.42864406,0.36612874,-0.9595338,0.037460748,0.15752174,-0.41600683,0.42519563,-0.07024683,1.4478868,-1.0828546,0.417425,-0.3193164,-0.66883475,0.25568995,-0.42558992,0.4556797,-1.3614706,-0.4191588,0.35750157,0.47302026,1.0802788,0.6440084,-0.4719875,-0.053254355,0.3819673,-0.05253423,-0.21779585,-0.025075112,0.8589136,-0.21483366,-0.58950675,-0.13185279,0.43777856,1.6939062,-0.36265182,-1.132484,1.2344985,-0.37814823,Bola
-0.08639353,0.23349665,1.2080188,-0.17201735,0.40600133,-1.3085983,-0.35370785,-0.55585486,0.09118335,-1.0938762,-0.5607441,-0.6705979,-0.009421396,-0.9552097,-0.34931046,0.78466874,-0.8223353,-0.831365,-0.35419014,0.27699056,-0.93070817,0.039355844,0.08840587,-0.47777286,0.30344573,-0.0034623789,1.2828335,-1.1590449,0.38733864,-0.29496878,-0.6122805,0.25834703,-0.39198616,0.37635636,-1.2138189,-0.3848724,0.36148372,0.49946335,1.0311966,0.6701603,-0.41253883,-0.04446834,0.34540942,-0.039537076,-0.21597867,-0.06802545,0.66451514,-0.29231033,-0.5262889,-0.13247438,0.4217251,1.6436532,-0.29054698,-1.0483809,1.1591825,-0.45401928,Global
-0.0643758,0.26815012,1.3874388,-0.23743384,0.42114308,-1.5261344,-0.45897564,-0.599991,0.07834691,-1.2831556,-0.5092604,-0.8466377,0.0016767316,-1.0765272,-0.41390634,0.8858289,-0.9387537,-0.98462284,-0.373031,0.37423804,-1.127153,-0.05425366,0.18790323,-0.5560566,0.3789528,0.045106202,1.4918282,-1.378281,0.45625624,-0.38896272,-0.6645618,0.2953025,-0.48508346,0.49274135,-1.3112746,-0.4368561,0.35078803,0.61775064,1.1088539,0.7567572,-0.45912942,0.0088651255,0.34666377,-0.11282435,-0.24808367,-0.09815996,0.8104371,-0.35648778,-0.59144706,-0.060619242,0.42560375,1.8269893,-0.36355886,-1.2531818,1.3667399,-0.53565705,Bola
0.0040483843,0.32035384,1.4088414,-0.32114193,0.3920031,-1.6149374,-0.48298997,-0.5737219,0.10849085,-1.2890505,-0.58363277,-0.86107945,0.044519152,-1.0616915,-0.3687959,0.9922536,-0.963711,-1.078818,-0.48270768,0.4310574,-1.1690463,-0.09802376,0.19097014,-0.5043424,0.37771523,-0.029112771,1.5854405,-1.4416522,0.47406238,-0.41759333,-0.61918515,0.28408903,-0.5657029,0.5119284,-1.309178,-0.47650918,0.2983333,0.650948,1.0976623,0.76856124,-0.48032102,0.02171418,0.32861486,-0.14588673,-0.2583634,-0.08311506,0.9094313,-0.31539083,-0.6522392,-0.14853403,0.44978523,1.9072193,-0.35727867,-1.330913,1.374804,-0.40844417,Bola
-0.16997235,0.14003295,1.0476893,-0.042349286,0.34613737,-1.2075461,-0.29486784,-0.53550684,-0.014040182,-0.9672759,-0.58004093,-0.5665423,-0.07924334,-0.9310223,-0.23250493,0.7358453,-0.68113613,-0.6520121,-0.19913319,0.3268822,-0.69607097,0.16024074,0.078976214,-0.45634523,0.33580235,0.03788448,1.2207962,-0.85622853,0.3931603,-0.31006113,-0.5216717,0.24932952,-0.24470794,0.3414131,-1.0751963,-0.32454264,0.37361616,0.31308934,0.8536159,0.4465298,-0.39981624,-0.08725166,0.32184416,0.030900192,-0.24491362,-0.026149707,0.60682523,-0.2229404,-0.40255094,-0.077488005,0.30451638,1.3615129,-0.2837797,-0.87686336,0.92520344,-0.60123473,Bola
0.0005791644,0.29085833,1.3292736,-0.20905286,0.4306254,-1.4802676,-0.45411834,-0.6719396,0.028890165,-1.2390858,-0.5231468,-0.7762348,0.06710433,-1.0525824,-0.36921242,0.9685108,-0.90995497,-0.9041978,-0.38494903,0.35002747,-1.0430529,-0.042681105,0.18536581,-0.5575566,0.43376648,-0.09035458,1.5245763,-1.1846886,0.43578696,-0.31479165,-0.7237862,0.29748285,-0.4318857,0.5141115,-1.3834652,-0.45184612,0.3318886,0.51352066,1.13107,0.73155916,-0.48089388,-0.05814976,0.4047094,-0.09138904,-0.19027814,-0.061324973,0.86680704,-0.23709211,-0.5687938,-0.055287704,0.44165635,1.7903451,-0.38572162,-1.1983347,1.3548802,-0.4662572,Nasional
-0.12782942,0.17124559,1.2637695,-0.16100733,0.4041622,-1.3576853,-0.27852958,-0.5730722,0.12862448,-1.0950048,-0.54585326,-0.72230303,-0.07397879,-1.011703,-0.3769016,0.77107364,-0.8571682,-0.83963865,-0.359648,0.24718633,-0.97178376,0.07613919,0.11253167,-0.46429813,0.326856,0.102867976,1.2610878,-1.2138081,0.42330655,-0.34382978,-0.67962575,0.23077966,-0.37188855,0.36120716,-1.3096583,-0.3686737,0.42848843,0.55371493,1.1059251,0.65527,-0.41233206,-0.0042508445,0.34777883,0.008951803,-0.26948532,-0.060000926,0.6270941,-0.38677084,-0.56719756,-0.104822844,0.47674936,1.7030238,-0.3265997,-1.0819348,1.1915128,-0.52587837,Bola
-0.04350118,0.23336628,1.2692901,-0.19327976,0.3912439,-1.4211442,-0.3892691,-0.60279375,0.049125854,-1.169013,-0.61262053,-0.7027985,0.016666234,-1.0021235,-0.34244078,0.9211494,-0.8632927,-0.896019,-0.37494063,0.35340253,-0.980581,0.036219034,0.12507418,-0.47723907,0.36900654,-0.023842929,1.4108658,-1.180739,0.404361,-0.3371919,-0.6365818,0.27811977,-0.41985795,0.41828436,-1.3034191,-0.40321013,0.37293372,0.49636358,1.0639275,0.6642403,-0.44958362,-0.046425343,0.3538162,-0.054919392,-0.23978844,-0.04558274,0.783289,-0.25624862,-0.56482154,-0.12424505,0.43380794,1.7169855,-0.30382317,-1.1256849,1.2118992,-0.45157072,Bola
0.01574982,0.29339764,1.4007145,-0.29722625,0.43576616,-1.5764881,-0.43655,-0.6014832,0.13346641,-1.2496165,-0.50254,-0.845718,0.047078352,-1.0757543,-0.40227315,0.93773526,-0.95429546,-1.004296,-0.46396366,0.36382538,-1.136839,-0.07163789,0.19282182,-0.48803177,0.4102869,-0.010958614,1.5199585,-1.3262981,0.47046807,-0.35619792,-0.693886,0.26440865,-0.5210587,0.52399945,-1.3883047,-0.44788375,0.32211536,0.6277103,1.1574847,0.78381836,-0.48149666,0.0059213117,0.3743005,-0.117082335,-0.23155017,-0.0836556,0.8718743,-0.33098984,-0.63448226,-0.09825643,0.48362136,1.8575107,-0.4342749,-1.2866594,1.4075835,-0.42538935,Bola
-0.0077190017,0.27690274,1.4044582,-0.27899492,0.43085286,-1.601924,-0.44971564,-0.6248416,0.09973947,-1.2718024,-0.51645464,-0.84846693,0.043108426,-1.0967168,-0.39907765,0.9725995,-0.95633703,-1.0057489,-0.43918383,0.38327348,-1.1221385,-0.06137481,0.21226262,-0.52355593,0.43913892,-0.0031158794,1.5533464,-1.3066416,0.47644365,-0.36525974,-0.70348114,0.2819534,-0.49757874,0.52730155,-1.4033656,-0.4505627,0.34703743,0.61440843,1.1597278,0.7644444,-0.49403673,-0.00236904,0.3750072,-0.11138572,-0.23753025,-0.06412688,0.88079184,-0.31661192,-0.6329958,-0.08124,0.46441326,1.851769,-0.4267125,-1.2877355,1.4220711,-0.47702718,Bola
-0.1517986,-0.21950291,0.555447,0.32774115,0.18683144,-0.7240206,0.091653824,-0.95438915,-0.42521635,-0.57571846,-0.94271916,-0.112040475,-0.0057957424,-0.78921133,-0.025685208,1.0818012,-0.43401194,-0.01029923,-0.111964,0.097270034,0.061671,0.66741,-0.042661604,-0.29728243,0.61721414,-0.24756198,0.83899766,0.4032072,0.10908768,-0.024095818,-1.0010527,0.1950547,0.20125332,0.091161475,-1.5367986,-0.25526685,0.6906928,-0.24008699,0.899704,0.014222753,-0.48481634,-0.3946813,0.53616434,0.46582204,-0.15281837,0.3006661,0.5299445,0.3154864,-0.3309826,0.107973084,0.31152096,0.83909994,-0.060099576,-0.2015833,0.49205884,-0.404928,Money
-0.15946466,-0.11873828,0.69805974,0.30492297,0.28190246,-1.1538546,0.10233061,-0.87098,-0.2779368,-0.64613104,-1.1231267,0.00021558466,-0.036910888,-1.032956,0.025199298,1.1590784,-0.5209553,-0.055976264,-0.2475277,0.2444532,0.13250525,0.89988536,-0.053404037,-0.14752188,0.7541519,-0.14358883,0.907609,0.61029655,0.21605209,0.06918651,-0.94578445,0.21200474,0.19787477,0.26926738,-1.6970508,-0.21274006,0.6933571,-0.4713354,0.9712586,0.07546124,-0.5470865,-0.44160736,0.68974227,0.44898176,-0.21599717,0.30695626,0.69317406,0.32566673,-0.39679304,-0.13445675,0.36913416,0.82402897,-0.3810843,-0.28160253,0.5188689,-0.47008866,Nasional
-0.13923697,-0.085132256,0.5401821,0.2709117,0.21342762,-0.7085808,0.0027366816,-0.8583804,-0.34243482,-0.60654277,-0.6199587,-0.12006191,-0.008408765,-0.77547455,-0.094442695,0.85338235,-0.3793627,0.05585612,-0.013495759,0.09285881,0.00043538836,0.47271782,0.048750173,-0.36242867,0.58973205,-0.20433228,0.85627055,0.352455,0.14660794,0.052271493,-0.7950745,0.23907445,0.2549552,0.24170063,-1.3421342,-0.24222896,0.49238697,-0.20289451,0.8135272,0.124210075,-0.39461026,-0.3325527,0.5110585,0.33636373,-0.004071523,0.14590248,0.535345,0.19105138,-0.16857813,0.17077477,0.28653827,0.670634,-0.26960292,-0.2136973,0.5588936,-0.56039286,Nasional
-0.09729179,-0.07490513,0.55722123,0.22444847,0.22169966,-0.7736788,-0.05775884,-0.79838383,-0.32035944,-0.6129848,-0.6295478,-0.15734884,0.017874112,-0.7597883,-0.0722099,0.85077286,-0.417286,-0.038501393,-0.07343999,0.11653919,-0.042366005,0.45125422,0.030789142,-0.34390283,0.58849657,-0.20707712,0.8447987,0.26825163,0.16001461,0.015003712,-0.79542226,0.21559525,0.1790646,0.24286003,-1.3118887,-0.24511513,0.48440093,-0.15536086,0.80058014,0.1550063,-0.4090278,-0.31739166,0.48032984,0.29834443,-0.07471636,0.15779077,0.53509074,0.21296299,-0.2371592,0.14475292,0.25990787,0.7245292,-0.24283573,-0.2940628,0.5875677,-0.48015115,Nasional
-0.13087672,-0.07210597,0.5932754,0.3160581,0.26358634,-0.7823523,-0.13188718,-0.87085724,-0.3481822,-0.69653726,-0.4617249,-0.2007853,0.008970363,-0.8487714,-0.13963242,0.7722808,-0.45715222,0.03432367,0.02793713,0.09569143,-0.061114643,0.42496413,0.09529023,-0.49728653,0.6431528,-0.17047697,0.85425615,0.28681988,0.19210231,0.06076506,-0.8676006,0.26474604,0.20462675,0.3715185,-1.3158638,-0.2790071,0.44290727,-0.14059098,0.85682756,0.27129418,-0.426367,-0.3316782,0.5454769,0.26588094,-0.0007909426,0.11477819,0.5155067,0.18506105,-0.18335232,0.2708605,0.26923507,0.7293908,-0.34018323,-0.29836568,0.73556006,-0.6658629,Nasional
-0.2376604,-0.12679026,0.62142,0.47295853,0.19055189,-1.109267,0.15857004,-0.85013527,-0.33579123,-0.5647886,-1.1216385,0.10857435,-0.10424501,-1.1485441,0.118967146,1.0081855,-0.50992006,0.17885774,-0.13187407,0.34358117,0.2881343,1.0131803,-0.0084372265,-0.10067755,0.77176034,0.0578682,0.82517153,0.85098094,0.17069557,0.09506312,-0.9752073,0.18831952,0.26522857,0.34713012,-1.6369355,-0.18572178,0.6380568,-0.6470511,0.92030764,-0.002177279,-0.52274716,-0.4940721,0.70260566,0.4693631,-0.27679452,0.32249147,0.5850455,0.29436314,-0.35141933,-0.12961508,0.40805382,0.72442263,-0.5217228,-0.093086846,0.40435782,-0.67302454,Nasional
-0.23693676,-0.21557502,0.72512937,0.38320318,0.391083,-1.1293702,0.27662566,-0.8514525,-0.11424212,-0.5809632,-0.9885746,0.07191718,-0.04586209,-1.1358283,-0.04696436,0.95542306,-0.49268368,0.08470517,-0.11331524,0.21171951,0.2214277,0.90511644,-0.12908736,-0.15256783,0.78460276,-0.004316246,0.9221889,0.76826096,0.22172232,0.2873234,-0.88851273,0.13540322,0.2831751,0.23511077,-1.8769888,0.038735356,0.7794508,-0.6195528,1.0626698,-0.006177266,-0.49369404,-0.539652,0.88500065,0.51373947,-0.21105285,0.20883688,0.5341494,0.08407521,-0.25331828,-0.054213863,0.48347574,0.6546681,-0.6778969,-0.15588774,0.4553281,-0.7383694,Regional
-0.0636474,-0.0003404148,0.49959955,0.0680444,0.14052014,-0.73340935,0.028000366,-0.4409862,-0.087860905,-0.38413927,-0.5906354,-0.13906737,-0.057956178,-0.60083544,0.0072899987,0.6386019,-0.3358055,-0.16809349,-0.17400375,0.20364502,-0.11819723,0.36919338,0.0047936332,-0.10826746,0.35147122,-0.09343282,0.696844,0.013602513,0.18807216,-0.09789919,-0.4712524,0.08712334,0.028299434,0.14128847,-0.9026606,-0.1730674,0.3365333,-0.07741041,0.5689237,0.031305116,-0.2794921,-0.19166519,0.28664386,0.18024902,-0.18306845,0.12302735,0.41515034,0.074741945,-0.27006462,-0.11210599,0.24970646,0.6897681,-0.23363738,-0.3305393,0.37791613,-0.2687072,Regional
-0.04953837,-0.059567638,0.4834677,0.068566434,0.18938613,-0.7655731,0.090065464,-0.49982378,-0.04905211,-0.35810116,-0.45541495,-0.16179658,-0.03529495,-0.6674227,-0.020294221,0.6072316,-0.31798685,-0.09565419,-0.15632527,0.16980457,-0.04879615,0.37525135,0.04884675,-0.13325274,0.5005405,-0.06835681,0.6998727,0.2241755,0.27255034,-0.003721028,-0.57817847,0.05958076,0.15113422,0.19724022,-1.0515399,-0.12616321,0.40189588,-0.15172921,0.62232685,-0.040839802,-0.30490917,-0.22273383,0.35897806,0.20646714,-0.14276226,0.14797394,0.41608647,0.046571743,-0.22809577,0.0036292651,0.2598348,0.5419494,-0.40742353,-0.28875145,0.45439446,-0.35094085,Regional
-0.11775958,-0.21628834,0.55958676,0.21727054,0.20807967,-0.8302026,0.12790011,-0.7619445,-0.30009952,-0.49318057,-0.80599934,-0.13866028,-0.009278877,-0.7626937,-0.030971946,0.9684694,-0.42645916,-0.089331105,-0.13970846,0.1704531,0.028090484,0.63439685,-0.014224791,-0.15543815,0.6142691,-0.15235548,0.8348115,0.3948114,0.15313663,-0.044266388,-0.89894485,0.07980989,0.14929794,0.0810286,-1.4180026,-0.18111007,0.68192786,-0.22800504,0.83583564,-0.068023466,-0.45491087,-0.39728537,0.4688809,0.41646928,-0.24287812,0.27093327,0.4671249,0.24623358,-0.3601598,0.04261112,0.28818983,0.7496526,-0.19886824,-0.25457275,0.5037423,-0.38992274,Regional
-0.10982276,-0.273609,0.47296107,0.21444696,0.13395436,-0.6978,0.182964,-0.7632424,-0.32948697,-0.38638183,-0.84748393,-0.114135996,-0.012587792,-0.6495727,0.008651068,0.9941973,-0.37773705,-0.08287987,-0.18079607,0.12160516,0.06730324,0.64667684,-0.047051452,-0.11275037,0.56390774,-0.17879742,0.733837,0.4055535,0.10080563,-0.10546609,-0.9273286,0.04729549,0.1537318,-0.02767445,-1.3823421,-0.19600554,0.72486657,-0.20205268,0.79136133,-0.15726602,-0.4278836,-0.37627748,0.4100983,0.4624389,-0.27554798,0.31177804,0.39993745,0.27425584,-0.39091852,0.040114865,0.2741397,0.7289345,-0.055881392,-0.20010592,0.39163688,-0.26517838,Regional
-0.21356729,-0.3475518,0.5955378,0.45083672,0.30100012,-0.8192881,0.3036472,-1.0665207,-0.4876376,-0.6094627,-1.1145022,0.032508772,-0.03221427,-0.97478145,-0.057528038,1.2242652,-0.42960092,0.16548844,0.012966043,0.114240825,0.30874363,0.9850708,-0.07907188,-0.21932195,0.7697871,-0.16309711,0.8558615,0.8860619,0.0773433,0.18676294,-1.1843181,0.16024043,0.3374823,0.04209331,-1.8612722,-0.057954494,0.94413453,-0.5967908,1.0667993,-0.10353828,-0.607392,-0.58163726,0.76842433,0.59976876,-0.122628056,0.39614722,0.5885938,0.39975265,-0.2763518,0.11256262,0.3335138,0.6546408,-0.19986668,0.02087504,0.42864308,-0.61246943,Regional
-0.23246357,-0.33809146,0.5995616,0.4464361,0.3019552,-0.79482216,0.29788613,-1.0763472,-0.4822906,-0.6038793,-1.1022983,0.0017583562,-0.05227509,-0.97115403,-0.06179033,1.183505,-0.421316,0.17619368,0.026647842,0.079413384,0.29516572,0.9610241,-0.07799133,-0.24238537,0.7389309,-0.17493597,0.8432616,0.83583903,0.0668669,0.18019171,-1.1988622,0.17080803,0.35270405,0.04310902,-1.8667903,-0.07405821,0.9491274,-0.5564596,1.052437,-0.09617461,-0.58895665,-0.5596265,0.75731087,0.59690136,-0.118127435,0.3799579,0.581366,0.3696104,-0.26993975,0.14173953,0.31592485,0.6865687,-0.19410966,0.0075304806,0.4381703,-0.6146033,Regional
-0.18080115,-0.04321817,0.630972,0.17341611,0.16564831,-0.7994996,0.28722832,-0.86751944,-0.16672498,-0.43951887,-0.7801192,-0.18765531,-0.17458478,-0.8236873,-0.008683153,0.9489336,-0.34372652,0.036748905,-0.16422188,0.12630257,-0.031721298,0.5044561,0.04162707,-0.26228467,0.61831737,-0.23963971,1.075073,0.25641868,0.3527448,0.0009623804,-0.77454835,0.1994923,0.36780915,0.17267692,-1.5349766,-0.24287453,0.61374474,-0.15364496,0.8943753,-0.153343,-0.34232202,-0.25075477,0.4477995,0.40401283,-0.052081607,0.18187413,0.6156275,0.0037731712,-0.18029094,-0.018822968,0.4115436,0.8631187,-0.4004394,-0.2567908,0.44625628,-0.5445311,Regional
-0.21225046,-0.42632818,0.5636454,0.525452,0.22999917,-0.82039696,0.2653477,-1.0834467,-0.565947,-0.63732123,-1.2339274,0.07975451,-0.024913277,-0.96898675,-0.0071497574,1.2700516,-0.49193174,0.14498915,-0.03377762,0.14752442,0.3466029,1.098696,-0.10887414,-0.17150135,0.7857775,-0.084664755,0.779402,0.91092217,0.023605488,0.112397134,-1.2720188,0.1430672,0.2709943,0.045066144,-1.8637424,-0.11834883,0.99017835,-0.6163502,1.0795887,-0.08235319,-0.6548772,-0.60383904,0.7482212,0.6384127,-0.24718276,0.4425516,0.5237465,0.46263906,-0.3681582,0.08433655,0.3533341,0.7367946,-0.0948948,0.05464112,0.3902036,-0.5910036,Regional
-0.106606565,-0.09845386,0.5890521,0.17231856,0.23158635,-0.9269639,0.14276272,-0.685846,-0.13225877,-0.47163284,-0.6424145,-0.12908323,-0.058080416,-0.8599072,-0.029049588,0.79033995,-0.3885408,-0.026069775,-0.1344608,0.21881527,0.03134061,0.55999523,0.04092676,-0.17566091,0.6365261,-0.08501317,0.8711786,0.41083956,0.28953397,0.044549223,-0.73517483,0.09635148,0.22596462,0.23805892,-1.3512002,-0.14208998,0.53918505,-0.2754844,0.79991955,-0.05304795,-0.39061308,-0.3308522,0.49700922,0.31071287,-0.14860412,0.18166758,0.5105505,0.09860703,-0.23765224,0.0023177732,0.3326346,0.63466525,-0.49774954,-0.26713035,0.5247505,-0.5184964,Regional
-0.0913248,-0.054178208,0.5914941,0.10229587,0.20969746,-0.9196525,0.06187092,-0.58563334,-0.104580335,-0.49981079,-0.66773933,-0.15262347,-0.04373124,-0.78662735,-0.028845783,0.7690191,-0.3981089,-0.13776796,-0.17644686,0.22344019,-0.0560819,0.4881818,0.028767444,-0.13683997,0.528502,-0.08128239,0.8407753,0.20510745,0.2594712,-0.024202082,-0.6246115,0.10636286,0.10675156,0.23161075,-1.1996008,-0.16960391,0.46071792,-0.17750323,0.72048575,0.025492655,-0.38271722,-0.2703448,0.41820866,0.2487152,-0.16861463,0.15866987,0.5166946,0.08759752,-0.27875808,-0.060487263,0.2918815,0.6966019,-0.39251557,-0.32851306,0.5033208,-0.42653188,Regional
-0.13373739,-0.030490778,0.6063294,0.16162157,0.17626281,-1.0034684,0.3207784,-0.73764586,-0.060051955,-0.33061638,-0.7790353,-0.09309745,-0.18146183,-0.90415865,0.09696709,0.8879437,-0.32535762,0.039478667,-0.2429843,0.24465539,0.07166795,0.62100756,0.026798,-0.14609796,0.7096902,-0.13341151,1.0310066,0.47320923,0.43110865,0.019210327,-0.701494,0.10918952,0.36607215,0.22668247,-1.5062847,-0.16903122,0.55973375,-0.3118668,0.82429445,-0.24153033,-0.35133567,-0.2906941,0.50067776,0.37501842,-0.15929031,0.21386144,0.59463054,0.021730667,-0.20549129,-0.13490894,0.4343573,0.67594606,-0.6232947,-0.25640625,0.41608274,-0.53538966,Regional
-0.185774,-0.363726,0.5994811,0.43962795,0.270105,-0.8941863,0.28352496,-0.99873006,-0.4707598,-0.6208798,-1.1564885,0.06764707,-0.02441327,-0.9802674,-0.018800154,1.2338111,-0.47191563,0.10934049,-0.04708413,0.17304395,0.30518448,1.0381219,-0.08831071,-0.14279917,0.7833182,-0.07320377,0.83474314,0.8698813,0.078028485,0.14373675,-1.1672236,0.1211629,0.26509464,0.0666241,-1.829252,-0.07032832,0.9429459,-0.6044638,1.059799,-0.08496302,-0.6356876,-0.57965827,0.74469566,0.57780296,-0.22156183,0.41003948,0.56364363,0.4093681,-0.34567374,0.04204606,0.35362858,0.69295436,-0.21437202,0.007526182,0.4131797,-0.5933361,Regional
-0.115597114,-0.022865567,0.6308193,0.16671665,0.16033313,-1.1028935,0.33546144,-0.714237,-0.032337226,-0.3193254,-0.8452051,-0.06082442,-0.18107976,-0.9586753,0.14944059,0.94147825,-0.3636409,0.04944121,-0.31678087,0.2948359,0.09788299,0.6844145,0.035705633,-0.08302611,0.7863049,-0.09549527,1.0196843,0.5667087,0.44389427,0.033721667,-0.76175314,0.08783275,0.3444466,0.27183074,-1.5655336,-0.16423555,0.56561035,-0.38096273,0.83779556,-0.24282697,-0.384195,-0.28812823,0.52942353,0.36727932,-0.21200897,0.26353514,0.65493387,0.058197826,-0.27908587,-0.19598737,0.45581397,0.71223885,-0.6813237,-0.27085397,0.39236924,-0.4787216,Regional
-0.10559044,-0.04658362,0.5224023,0.13406645,0.16235279,-0.7260978,0.059488717,-0.58870333,-0.15810424,-0.47764838,-0.64685327,-0.12618063,-0.07300877,-0.67199606,-0.041100312,0.6966574,-0.35685742,-0.092228554,-0.121327974,0.16622114,-0.039005212,0.4417839,0.006466932,-0.17788231,0.41133773,-0.09090924,0.73228025,0.13179037,0.18812536,-0.035438705,-0.58523375,0.13896836,0.10181845,0.15631934,-1.0729476,-0.17713499,0.44219273,-0.11529688,0.65361947,0.04975236,-0.32631454,-0.24073276,0.346126,0.24497366,-0.13108465,0.13008356,0.43467122,0.07543435,-0.22859472,-0.028348856,0.2638488,0.6752063,-0.24255167,-0.2652858,0.4188142,-0.40105817,Nasional
-0.08924452,-0.049155466,0.5673081,0.07716358,0.16824496,-0.8177373,0.054274037,-0.5610847,-0.11598865,-0.47142974,-0.74963975,-0.14509599,-0.032458488,-0.6669031,-0.026135093,0.8124818,-0.37404573,-0.20740525,-0.21177596,0.20755303,-0.091544874,0.4413026,-0.02772538,-0.11541469,0.3934216,-0.15123953,0.8066844,0.059925072,0.18199044,-0.07316675,-0.53484976,0.11737179,0.042891882,0.12224625,-1.1155255,-0.19441032,0.44750187,-0.08671141,0.6815239,0.036121342,-0.34728098,-0.25803736,0.35249895,0.26942345,-0.17829227,0.16170847,0.47825384,0.1157007,-0.30335048,-0.12060973,0.3009576,0.7544629,-0.18862823,-0.3519041,0.43102297,-0.27051336,Money
-0.1998248,-0.36895475,0.5734489,0.43487102,0.210927,-0.77190936,0.30260655,-0.99167734,-0.4815996,-0.5577839,-1.1134013,0.022530321,-0.038500503,-0.9046024,-0.018341143,1.2109914,-0.44990388,0.12240226,-0.044758715,0.12729336,0.26583216,0.986694,-0.08252375,-0.1626168,0.74105495,-0.08695366,0.78914064,0.78523195,0.063107915,0.08375986,-1.1835237,0.11683886,0.25725862,0.01684364,-1.758812,-0.102267295,0.92974603,-0.532476,1.0366017,-0.1181328,-0.5914499,-0.5281557,0.67952013,0.5831379,-0.20461585,0.42236578,0.52574027,0.3964779,-0.34906238,0.06510978,0.34363627,0.7199704,-0.10112956,0.015094179,0.3759457,-0.529919,Nasional
-0.12096219,-0.016484836,0.65145224,0.13415422,0.16575715,-1.080498,0.41337335,-0.79475707,-0.03095994,-0.2877525,-0.8212262,-0.109568335,-0.21711944,-0.94232434,0.14157754,1.0041763,-0.3279704,0.05225488,-0.3268751,0.24789695,0.072096616,0.6348211,0.058070745,-0.12253518,0.7993203,-0.16402303,1.1293211,0.5277138,0.4966237,0.011864467,-0.75668347,0.10428455,0.42611,0.24085768,-1.6511614,-0.1943692,0.5883898,-0.32588813,0.87377995,-0.3179093,-0.3664278,-0.25936967,0.53077316,0.40542564,-0.15471521,0.24759506,0.69906926,0.0017628762,-0.23024525,-0.17587307,0.49596924,0.72690403,-0.7055626,-0.2844042,0.41669613,-0.50177854,Regional
-0.09283555,-0.017855963,0.58994025,0.069973186,0.16865112,-1.0049546,0.32340455,-0.62460303,0.030085495,-0.2618828,-0.75112504,-0.10491103,-0.17106172,-0.80678475,0.12533094,0.8632392,-0.2946741,-0.03505809,-0.32438654,0.2404978,0.024815582,0.53931653,0.028433282,-0.07235326,0.66985536,-0.13636899,0.97545916,0.38428065,0.44411263,-0.014300141,-0.60514617,0.07028903,0.3037598,0.18936089,-1.3956745,-0.14682266,0.49616653,-0.2417935,0.74229485,-0.24767978,-0.326529,-0.21719898,0.44670513,0.32545072,-0.18188196,0.21300453,0.6019401,-0.0068972767,-0.24309154,-0.20643024,0.4174719,0.6453674,-0.6000843,-0.31071153,0.37451893,-0.37923986,Regional
-0.16496976,-0.1426953,0.5571325,0.22858213,0.1943522,-0.8219399,0.20799337,-0.7804407,-0.24290755,-0.4778551,-0.8916671,-0.053961374,-0.09316369,-0.8016208,-0.003450163,0.9385081,-0.35716808,0.01570555,-0.12586045,0.18197516,0.107882135,0.67633575,-0.035038497,-0.15457085,0.5674059,-0.15583827,0.86406654,0.44249314,0.19514084,0.028530719,-0.754496,0.14322472,0.25609723,0.10738999,-1.4217288,-0.15970671,0.6401411,-0.2965706,0.8036824,-0.1016387,-0.40431696,-0.37307435,0.49553633,0.41834256,-0.15407573,0.22951262,0.5146273,0.17584766,-0.24162894,-0.043964736,0.33018905,0.67793417,-0.29022685,-0.16874082,0.3944677,-0.46847546,Regional
-0.23688117,-0.16575702,0.61773413,0.3004365,0.14133723,-0.6486463,0.4065431,-1.0691231,-0.35180473,-0.4128674,-0.9165092,-0.19941327,-0.21084446,-0.80988765,-0.023113279,1.1088799,-0.3420911,0.15592204,-0.102139406,0.04181256,0.06692071,0.6389161,0.011509239,-0.31247023,0.65879804,-0.2884736,1.057649,0.3950318,0.2674855,-0.021845965,-1.0399857,0.19751959,0.4507999,0.052598443,-1.7478198,-0.27009848,0.8175573,-0.1714919,1.0025626,-0.25449273,-0.38712153,-0.29292127,0.4813456,0.5623711,-0.07499137,0.27597183,0.60139704,0.10194759,-0.2092075,0.11482033,0.39722922,0.9457514,-0.22420484,-0.14788823,0.3941022,-0.5869641,Megapolitan
-0.25360617,-0.13354132,0.70130783,0.28593245,0.13632022,-0.7767221,0.47182983,-1.1573385,-0.35097215,-0.46397704,-1.0684676,-0.17212957,-0.24788621,-0.8991706,-0.008125554,1.2708756,-0.37554243,0.14074546,-0.15997334,0.08131594,0.060009785,0.7006977,0.012884039,-0.3036127,0.7001702,-0.33479983,1.2309092,0.39286348,0.3067742,-0.015575253,-1.0367328,0.23426434,0.5038768,0.067269765,-1.9151179,-0.31285578,0.8665407,-0.20129278,1.0918876,-0.27467853,-0.41672468,-0.31741697,0.52996147,0.6067117,-0.056903135,0.282332,0.7190462,0.08201506,-0.21517928,0.017779525,0.4892426,1.067185,-0.2767039,-0.18091784,0.40364647,-0.62712365,Megapolitan
-0.22650865,-0.19912729,0.5997486,0.2873953,0.10989645,-0.6171822,0.38195428,-1.02998,-0.35137245,-0.39954174,-0.95577776,-0.19790396,-0.18324666,-0.755687,-0.011330191,1.1108856,-0.35985187,0.087629035,-0.14423867,0.04779191,0.04008836,0.6388678,-0.02414727,-0.2824347,0.6176148,-0.2822045,1.002085,0.3237319,0.23551746,-0.07895269,-1.032038,0.16863431,0.3835934,-0.00449623,-1.6917641,-0.27741677,0.82889456,-0.1377505,0.98021424,-0.2620707,-0.38663852,-0.28534472,0.44202074,0.565342,-0.13323867,0.2997085,0.551693,0.11851105,-0.26778662,0.08556982,0.39045694,0.97576886,-0.11911825,-0.16589996,0.36075106,-0.49016693,Megapolitan
-0.21317363,-0.17987444,0.6148853,0.26609728,0.13709468,-0.6711776,0.35654128,-1.0071603,-0.31953004,-0.41753075,-0.88680476,-0.21241818,-0.18031074,-0.781214,-0.01669954,1.0769621,-0.36460257,0.083974354,-0.13868731,0.05304769,0.028190238,0.61320585,0.0031887009,-0.29021245,0.64990556,-0.26665926,1.0190331,0.33111265,0.26882255,-0.054197952,-1.0203613,0.16567867,0.38941514,0.047188915,-1.6865295,-0.26577172,0.8011658,-0.13691913,0.9792616,-0.23667684,-0.38844922,-0.28743437,0.45268008,0.53505236,-0.123275585,0.27846026,0.5646011,0.103172846,-0.25267765,0.104386695,0.38402253,0.9540487,-0.20227458,-0.19441552,0.41381428,-0.52680063,Megapolitan
-0.18576348,-0.1289172,0.6240689,0.22991662,0.16941513,-0.72385645,0.284081,-0.93743193,-0.2756296,-0.44619614,-0.74216574,-0.22639787,-0.14920008,-0.8017693,-0.047775794,0.97898406,-0.36728486,0.07742575,-0.10894407,0.08508886,0.0008991057,0.5447827,0.04931935,-0.3051225,0.6508899,-0.22303516,1.0033619,0.3263747,0.28810668,-0.029900491,-0.9530685,0.16642827,0.36039552,0.1329788,-1.5859046,-0.25015664,0.70892125,-0.13270721,0.93242145,-0.16554296,-0.38062885,-0.2722662,0.4486045,0.45670676,-0.086833976,0.23155732,0.5664525,0.084801815,-0.22296695,0.13752384,0.35558832,0.8718248,-0.3069331,-0.22616391,0.4815792,-0.56919676,Megapolitan
-0.2414738,-0.13619381,0.67290294,0.2891192,0.15389264,-0.74330467,0.4131959,-1.0984839,-0.33415887,-0.4482752,-0.948762,-0.20809403,-0.22671722,-0.8713673,-0.010785501,1.1546282,-0.364895,0.14815563,-0.12490442,0.071644,0.049205035,0.66095155,0.024596404,-0.32068536,0.7061402,-0.30012798,1.1554997,0.39356944,0.32233968,-0.013729929,-1.039187,0.22088997,0.47732657,0.09718878,-1.8214649,-0.2881571,0.82978594,-0.18126228,1.0500811,-0.26223835,-0.40342727,-0.3045935,0.5038199,0.5640114,-0.073509574,0.2713563,0.6590645,0.08635397,-0.20709331,0.08247521,0.4269732,1.004068,-0.3019099,-0.17861153,0.42871243,-0.6366435,Megapolitan
-0.17211875,-0.07519925,0.6347909,0.16845335,0.17461047,-0.78113776,0.21710816,-0.8073954,-0.20070513,-0.46742946,-0.75113,-0.20092161,-0.13685825,-0.7774993,-0.049888432,0.90919966,-0.37709773,-0.010764454,-0.13106598,0.13765824,-0.039447356,0.5125018,0.026050756,-0.24400276,0.55620736,-0.18641123,0.96598744,0.21010274,0.26858413,-0.037763838,-0.7772162,0.16347252,0.26442716,0.14530635,-1.4270345,-0.23184979,0.6115139,-0.100147896,0.8487344,-0.08388731,-0.35362673,-0.25634074,0.41486874,0.39109936,-0.10550032,0.18345153,0.5482848,0.059044268,-0.23570888,0.031074896,0.3478791,0.8503155,-0.29677922,-0.27776846,0.46874642,-0.51055545,Megapolitan
-0.11221592,-0.083243534,0.5871827,0.20916758,0.24584745,-0.84310985,-0.006240157,-0.82427657,-0.262324,-0.62157357,-0.71678436,-0.17361481,0.016370062,-0.85153484,-0.08965831,0.8823407,-0.4296705,-0.068139546,-0.10979394,0.16898513,-0.04129841,0.48507762,0.04480703,-0.32106417,0.6165816,-0.24324186,0.92145425,0.28685096,0.22217663,0.019007767,-0.8224735,0.20763019,0.16853043,0.22820328,-1.3865311,-0.23838735,0.5268014,-0.18991373,0.8252675,0.078593306,-0.42724353,-0.35995376,0.48195764,0.31587306,-0.0699967,0.17807615,0.57030064,0.18234125,-0.22878411,0.10353609,0.28590024,0.7731864,-0.30801347,-0.3115073,0.6140724,-0.47562653,Global
-0.20015888,-0.032264672,0.6823586,0.24236678,0.23353839,-0.8214977,0.19073169,-0.9298703,-0.23484766,-0.57397395,-0.8416794,-0.16406336,-0.1317124,-0.8838669,-0.05031003,0.9912376,-0.38221735,0.015743138,-0.0982893,0.14072473,-0.018502004,0.57649326,0.0133993225,-0.3410488,0.61581063,-0.23652372,1.0994829,0.28660923,0.30682442,0.051648192,-0.8123046,0.25882074,0.33997145,0.19717006,-1.5698495,-0.23446187,0.6410264,-0.21409273,0.9485217,-0.057701718,-0.40453875,-0.31909105,0.5252868,0.38943315,-0.036782004,0.18710198,0.6311447,0.07198848,-0.1676447,-0.020404985,0.37842107,0.8868733,-0.37015522,-0.24592693,0.51652086,-0.61196744,Global
-0.10779661,-0.027934635,0.6162342,0.12769471,0.20912632,-0.9502301,0.11524236,-0.72189516,-0.11606538,-0.48460108,-0.69133407,-0.18816504,-0.07598019,-0.8493575,-0.0019898785,0.8639946,-0.38986066,-0.07946093,-0.20171557,0.21332768,-0.06524562,0.46609515,0.04577407,-0.23442052,0.6258857,-0.17711073,0.9867937,0.2293563,0.34221166,-0.014115936,-0.707863,0.15441616,0.22091745,0.2447475,-1.3911283,-0.213622,0.49154118,-0.17150567,0.8313066,-0.030054923,-0.37614357,-0.28625786,0.46111253,0.3023307,-0.13224818,0.17957027,0.58603317,0.07926627,-0.24394538,-0.026601082,0.3536783,0.77514464,-0.44601333,-0.35968927,0.5403528,-0.4673357,Global
-0.1037955,-0.049911305,0.5394849,0.08016838,0.26421687,-0.8771036,-0.013810989,-0.81679755,-0.10744578,-0.5611368,-0.80407757,-0.18262656,0.02900487,-0.9295002,-0.06397647,0.87883127,-0.36590058,-0.12849754,-0.19194584,0.17388323,-0.02455337,0.3895398,0.029990947,-0.3027706,0.6408407,-0.3755604,0.990822,0.28530368,0.33520386,0.07520205,-0.7927495,0.21612819,0.22778402,0.21405405,-1.4454575,-0.22800905,0.4813381,-0.18361571,0.7750832,0.034538828,-0.39801323,-0.35271925,0.45267612,0.2749295,-0.012394706,0.1760658,0.6274742,0.11980957,-0.22330984,-0.009903104,0.3116596,0.6942842,-0.3607772,-0.3615998,0.6358073,-0.3546373,Global
-0.1338605,-0.09721563,0.55793893,0.10667911,0.3031407,-0.8807789,-0.021709347,-0.95945364,-0.15748538,-0.631328,-0.9213202,-0.21065378,0.039680567,-1.0248877,-0.103558935,0.97593504,-0.39148763,-0.12929949,-0.17557143,0.14466539,-0.0023656257,0.4152108,0.018022696,-0.35923868,0.68799555,-0.4676523,1.0610278,0.3218906,0.33467042,0.112132736,-0.9436253,0.25826463,0.252819,0.18921575,-1.6327243,-0.24562544,0.56306654,-0.1947232,0.85746884,0.049341142,-0.43912217,-0.4111086,0.504878,0.331809,0.018677713,0.20209865,0.6693713,0.14886583,-0.24246913,0.037383344,0.33016032,0.7559183,-0.31026053,-0.36456951,0.7189433,-0.36839804,Global
-0.10126347,-0.10778974,0.58105654,0.15438524,0.19231884,-0.88048446,0.095591314,-0.70346797,-0.18627355,-0.51899993,-0.8472481,-0.13455898,-0.029760702,-0.7975843,-0.009190483,0.926808,-0.4113525,-0.15040438,-0.21884838,0.21154633,-0.032201655,0.5465649,-0.008189094,-0.1581681,0.5423719,-0.16943163,0.8543572,0.23377031,0.22304659,-0.04703965,-0.72703063,0.13151386,0.112335324,0.13937563,-1.3382837,-0.20390607,0.5432958,-0.18130612,0.7845742,0.005654219,-0.42035702,-0.32077545,0.43586335,0.34235612,-0.18630284,0.2277929,0.54084575,0.17235272,-0.32744336,-0.059514232,0.3270349,0.7831775,-0.23821148,-0.32140717,0.4836269,-0.34314635,Global
-0.13664903,-0.01114938,0.70794916,0.10499597,0.27786228,-0.9781694,-0.0019382391,-0.7354075,-0.15421851,-0.66006815,-0.81649286,-0.1934869,-0.024383122,-0.89513505,-0.09350191,0.89533925,-0.4476034,-0.17573038,-0.15473835,0.2244799,-0.11321671,0.4826084,3.1586456e-05,-0.26235273,0.5256412,-0.20093696,1.0078181,0.12153982,0.25773644,0.009156639,-0.69366133,0.21154281,0.106919505,0.23475255,-1.3778459,-0.21264683,0.5093538,-0.15232296,0.8270965,0.118723355,-0.41586396,-0.3235593,0.48268843,0.27371737,-0.09224652,0.14687495,0.62344444,0.10027516,-0.27625436,-0.056498837,0.31267253,0.8527732,-0.32178745,-0.40353075,0.62769175,-0.453774,Global
-0.10607725,-0.06514726,0.60625297,0.13911745,0.22126031,-0.86232406,0.0009954391,-0.81518257,-0.21439521,-0.59338266,-0.7963173,-0.21871205,0.003368127,-0.84978455,-0.067100264,0.94453144,-0.43220785,-0.16045223,-0.18082179,0.17310344,-0.109341964,0.42581007,0.026616475,-0.3112093,0.58428943,-0.29361695,0.9813461,0.14421558,0.25493285,-0.042638298,-0.8118781,0.20432167,0.1464523,0.18136671,-1.4148166,-0.27017367,0.5122933,-0.104671344,0.81973994,0.059416804,-0.4069589,-0.32454473,0.4436719,0.30761895,-0.10458106,0.19040835,0.60191005,0.14245877,-0.28595033,0.030428048,0.32086918,0.86496335,-0.23532939,-0.39499357,0.61279994,-0.37409168,Global
-0.066043295,0.003906871,0.6187073,0.059315264,0.22030227,-1.0468229,0.19796947,-0.6616083,-0.013109502,-0.37378547,-0.61845523,-0.17366281,-0.10825948,-0.899502,0.05044246,0.8216202,-0.35650805,-0.05948322,-0.2780896,0.24101517,-0.02860402,0.48452196,0.086063094,-0.16446978,0.7117509,-0.13864464,0.99691707,0.37471882,0.4456997,0.010521367,-0.7093663,0.08966365,0.27975503,0.29173177,-1.4058406,-0.17723116,0.4780143,-0.2446718,0.78797126,-0.13717881,-0.36699826,-0.24667576,0.48114893,0.26461363,-0.13523676,0.1954133,0.62638235,0.025934633,-0.23676309,-0.08296291,0.36048236,0.67154104,-0.6576334,-0.3615975,0.537179,-0.4532988,Global
-0.14177491,-0.04537601,0.66361123,0.13018207,0.2969031,-0.949992,-0.046842285,-0.89577943,-0.17001817,-0.6877804,-0.82653445,-0.24165271,0.03732477,-0.9975527,-0.12732157,0.948595,-0.46860787,-0.14651035,-0.1717409,0.1697744,-0.10608292,0.42206115,0.038795147,-0.38260713,0.66060394,-0.32883632,1.0563978,0.19076054,0.29946756,0.045474462,-0.9134763,0.26479712,0.15497832,0.23953983,-1.5607834,-0.27899295,0.5329744,-0.123851866,0.89479816,0.1482875,-0.4400536,-0.36981064,0.51000124,0.29365352,-0.029887311,0.17682119,0.6503206,0.12195922,-0.28894717,0.05334058,0.33864373,0.87832654,-0.32541668,-0.41884792,0.7585046,-0.438989,Global
-0.06414677,0.07406425,0.71866244,0.032263234,0.23809756,-0.9596481,-0.07595593,-0.5513117,-0.056348648,-0.6308308,-0.62586796,-0.27859873,-0.06522313,-0.79305947,-0.0710742,0.7308794,-0.47830296,-0.32432634,-0.19183367,0.2581969,-0.31928372,0.31688076,0.027132712,-0.27351683,0.42904952,-0.13824463,1.0000458,-0.2633457,0.3352619,-0.14238195,-0.5499408,0.14700532,-0.005177622,0.23603001,-1.1082773,-0.23232642,0.3627502,0.017502844,0.7553038,0.15829907,-0.33218265,-0.19915052,0.3407253,0.1286504,-0.17946701,0.07047193,0.5567077,-0.0115320925,-0.2946868,-0.11965176,0.32694831,0.98564345,-0.33264363,-0.53970104,0.63431466,-0.4190701,Global
-0.1206612,-0.05756876,0.58410376,0.090195954,0.27031368,-0.9023881,-0.008320246,-0.8647784,-0.12710825,-0.60714287,-0.8383802,-0.20278943,0.015488179,-0.96477395,-0.0895017,0.9213036,-0.39226618,-0.13365681,-0.17704515,0.17312069,-0.03933757,0.41008434,0.027614579,-0.31550288,0.64302295,-0.3748144,1.0420908,0.26047292,0.32963833,0.073214665,-0.83587325,0.23308204,0.22197628,0.22304939,-1.5231255,-0.23559064,0.5210557,-0.17263456,0.8296423,0.05224948,-0.41162226,-0.36574224,0.47538432,0.29324713,-0.01779053,0.1728988,0.6452604,0.112675026,-0.24341531,0.004898584,0.3364305,0.75808924,-0.35425815,-0.37444404,0.6774784,-0.39386544,Global
-0.10322211,-0.0024029561,0.64971894,0.057247378,0.19299126,-1.0243822,0.1494994,-0.59734964,-0.022781327,-0.44077972,-0.7497981,-0.18163215,-0.102431245,-0.8262302,0.030246994,0.84739417,-0.37509876,-0.16781561,-0.27353448,0.26820317,-0.09545537,0.46899173,0.02205681,-0.1281347,0.5457569,-0.1299295,0.9792461,0.12406362,0.34508303,-0.06923749,-0.5689737,0.11055336,0.14727935,0.2159525,-1.3059458,-0.20160389,0.46076387,-0.13307446,0.7869327,-0.051586285,-0.35839963,-0.24552338,0.4086224,0.2832251,-0.19272864,0.17126946,0.5808764,0.03205634,-0.2860607,-0.15818676,0.37596497,0.78537935,-0.4471381,-0.410522,0.4825187,-0.39939156,Global
-0.0651673,-0.0033937204,0.61669356,0.048721716,0.16074505,-0.91704845,0.09519347,-0.582645,-0.074580304,-0.44760773,-0.7750086,-0.16410078,-0.0618455,-0.7365375,0.020599175,0.8718422,-0.38959783,-0.19956744,-0.282728,0.23248969,-0.1140707,0.4422306,-0.0002517851,-0.12027283,0.4826166,-0.1718855,0.902155,0.07673614,0.27301517,-0.08097469,-0.5691312,0.11777958,0.069231965,0.16070731,-1.1993717,-0.21509036,0.42818502,-0.10198025,0.70986855,9.5526106e-05,-0.35239974,-0.22009082,0.3765712,0.2477921,-0.17738333,0.17091177,0.58264005,0.08067472,-0.31572866,-0.17666493,0.3338916,0.8070299,-0.29652187,-0.40023673,0.44854188,-0.27575985,Global
-0.03480483,0.0021801915,0.7113889,0.05107052,0.19458054,-1.0200619,0.032515265,-0.7444195,-0.16981399,-0.65880376,-1.0113162,-0.22877333,-0.028966583,-0.81485987,-0.009843704,1.1338569,-0.50443953,-0.3680321,-0.32237285,0.27320898,-0.20337428,0.49720198,-0.01862889,-0.2108256,0.5068994,-0.29842183,1.1579908,-0.070175566,0.31164768,-0.13500446,-0.68729943,0.19172013,0.016194416,0.12772644,-1.3985147,-0.2976689,0.5590018,-0.08187335,0.86068046,0.045980815,-0.43527892,-0.30632606,0.41764003,0.26514032,-0.2343969,0.22369854,0.7016304,0.18460666,-0.39718738,-0.19896425,0.3850571,1.0831046,-0.18904726,-0.5098039,0.5825543,-0.25312737,Global
-0.11451638,-0.060499225,0.69159216,0.09931758,0.25488093,-0.95580196,-0.049925424,-0.68779373,-0.14137344,-0.62955314,-0.74381465,-0.2745651,0.012531202,-0.83994925,-0.08714967,0.8594915,-0.47841594,-0.28744757,-0.21843414,0.21022898,-0.21568105,0.39066145,0.011651663,-0.26744613,0.50895244,-0.16460079,0.93616194,-0.035366904,0.27003917,-0.0932693,-0.7070581,0.16634327,0.012616004,0.19868869,-1.3057499,-0.23659083,0.49219763,-0.032907017,0.80095583,0.13332553,-0.42096022,-0.277031,0.41299185,0.26989558,-0.17562807,0.15629959,0.54724413,0.07496719,-0.34544986,0.004860226,0.30859137,0.9171824,-0.2514803,-0.49762234,0.64879096,-0.38382822,Global
-0.07860508,-0.014066882,0.55984694,0.03883353,0.22344516,-0.9122488,0.056786306,-0.75660634,-0.04596416,-0.46881044,-0.7571826,-0.1968787,-0.00091279193,-0.90592635,-0.0049300217,0.87584543,-0.35222584,-0.13093324,-0.2626393,0.19067675,-0.049716845,0.3847162,0.04511794,-0.2598804,0.67253494,-0.3220682,0.9997936,0.27801517,0.3845058,0.04181083,-0.7802634,0.17769018,0.23486823,0.21354057,-1.4349847,-0.22084238,0.46912494,-0.18289222,0.76409465,-0.042299457,-0.3767838,-0.29917818,0.44064847,0.25158376,-0.051446993,0.19992796,0.6382428,0.07670353,-0.25694108,-0.062270615,0.33557427,0.70084137,-0.43105108,-0.37873778,0.59756607,-0.31182516,Global
-0.057469953,-0.017677363,0.52272886,0.10419029,0.16956632,-0.777741,0.022487797,-0.5727347,-0.15113014,-0.4812213,-0.6592157,-0.1274853,-0.012658745,-0.6747926,-0.008632807,0.76660556,-0.3678804,-0.13102302,-0.16023147,0.2144475,-0.052378505,0.4279571,0.01423581,-0.15901372,0.4612469,-0.13447785,0.7904817,0.1636966,0.19866297,-0.016350843,-0.58660245,0.12823857,0.07104093,0.19219281,-1.0799354,-0.19072355,0.402365,-0.15770891,0.6433481,0.049676508,-0.3480429,-0.26165557,0.37085512,0.21789087,-0.13819838,0.15150501,0.5010787,0.14247641,-0.25752562,-0.06427531,0.25926796,0.6680687,-0.27027047,-0.29732746,0.4461965,-0.31557393,Global
-0.069194935,0.00271304,0.60188586,0.036834687,0.20615876,-0.99683106,0.16366868,-0.6470251,-0.005048293,-0.38335848,-0.6975559,-0.17300792,-0.07262928,-0.8487577,0.05466336,0.8426456,-0.34929734,-0.12092498,-0.28685758,0.2472376,-0.04936005,0.44262406,0.05080144,-0.15893641,0.65385544,-0.18461715,1.0019554,0.2814001,0.41487464,-0.0025398263,-0.6584395,0.10772791,0.234236,0.22909223,-1.3662635,-0.17750087,0.46714824,-0.19901542,0.76171374,-0.123345256,-0.35832667,-0.25312766,0.4402177,0.26818553,-0.1453373,0.20501217,0.6147745,0.036155052,-0.25994992,-0.12837714,0.36610332,0.69826806,-0.54471093,-0.37779284,0.5048906,-0.36554462,Global
0.039972495,0.23044254,1.113752,-0.21114019,0.3272608,-1.3208057,-0.2910068,-0.56520355,0.10248238,-0.96809775,-0.47618642,-0.6288235,0.059227854,-0.92233384,-0.27308714,0.87931454,-0.76021165,-0.7361082,-0.4154076,0.31587687,-0.82722706,-0.0011353644,0.15408339,-0.3797519,0.452131,-0.09237314,1.3372982,-0.8695101,0.41768807,-0.24080141,-0.61351144,0.22086711,-0.34079343,0.4529055,-1.2875335,-0.37757447,0.2964094,0.3964901,0.9821159,0.5476678,-0.4039102,-0.054637376,0.37148476,-0.04822521,-0.17716227,-0.036808345,0.7936074,-0.21356726,-0.507744,-0.08934111,0.44546437,1.4812243,-0.44138598,-1.010055,1.1005406,-0.34126577,Global
-0.045945834,0.21844907,1.1425638,-0.20132634,0.3383488,-1.3117392,-0.31810293,-0.5167742,0.1096961,-1.0024952,-0.5618532,-0.6433976,0.014877762,-0.9233242,-0.2778272,0.84027123,-0.76827234,-0.7994703,-0.4052402,0.3097036,-0.8509872,0.027378729,0.10102101,-0.41106611,0.34792608,-0.054661844,1.3107884,-1.0265187,0.41168717,-0.3049818,-0.54843277,0.23876871,-0.39390585,0.38090733,-1.1777107,-0.39929554,0.31372634,0.46809724,0.941578,0.5804321,-0.41384953,-0.037449542,0.32083932,-0.04191397,-0.21533053,-0.042645972,0.7256025,-0.2444656,-0.5230785,-0.15050633,0.40967163,1.5462675,-0.32039413,-1.0294766,1.0736067,-0.37573716,Global
-0.13421784,-0.10437587,0.55912447,0.19436872,0.15651676,-0.74961156,0.12948081,-0.8441278,-0.24507058,-0.5000151,-0.87918586,-0.16848604,-0.050839912,-0.7711889,-0.01647027,0.9732142,-0.38793412,-0.08830058,-0.19938661,0.13907552,-0.040128954,0.51082075,-0.022119798,-0.26051885,0.5605626,-0.2783915,0.92368627,0.19839118,0.23557846,-0.060460504,-0.8319635,0.18750241,0.20133407,0.0830333,-1.4389658,-0.25660944,0.60518503,-0.13448516,0.8284919,-0.06397611,-0.38375574,-0.306611,0.41323662,0.38599896,-0.14014499,0.23947829,0.55170894,0.15390696,-0.27792397,0.006147554,0.33916894,0.8792993,-0.15824522,-0.29670566,0.45933443,-0.351956,Global
-0.110365175,-0.048806306,0.60025406,0.09238819,0.28776297,-0.93659526,0.029338572,-0.8948869,-0.11424706,-0.5888813,-0.8175512,-0.20924379,0.005276824,-1.0099822,-0.074067704,0.93305504,-0.38942754,-0.09668214,-0.1900845,0.17096831,-0.022407832,0.4257464,0.046869934,-0.33248502,0.7110348,-0.3733816,1.0706736,0.33876094,0.36995313,0.10117421,-0.89003074,0.22904709,0.26982594,0.24530505,-1.5959952,-0.22400337,0.5371667,-0.21624853,0.85589945,0.013577794,-0.41761315,-0.37179628,0.5169522,0.30278757,-0.0039595757,0.1876298,0.67494446,0.10036258,-0.23759143,0.02054312,0.34599072,0.7408461,-0.4403577,-0.37308696,0.700362,-0.4183642,Global
-0.09987696,-0.113371156,0.58544695,0.13394675,0.19861941,-0.92242354,0.16959001,-0.70305735,-0.1105881,-0.40629464,-0.7331265,-0.17797789,-0.05083629,-0.7942557,0.009302861,0.87968016,-0.3778769,-0.11165465,-0.23115991,0.20943771,-0.029817997,0.5235876,0.0237291,-0.15804525,0.6131868,-0.16286622,0.9043936,0.2908137,0.30353707,-0.058426213,-0.75462735,0.08967685,0.19779424,0.14589073,-1.3815696,-0.18708672,0.5630376,-0.16627298,0.80180097,-0.11889862,-0.38593924,-0.2971836,0.42930055,0.36440256,-0.2070685,0.23881571,0.51608074,0.11065941,-0.30823225,-0.02792026,0.3518184,0.75159657,-0.3859136,-0.3462974,0.49321726,-0.37984222,Global
-0.0701703,0.0065345285,0.6399295,0.0603098,0.2154869,-0.86724514,-0.025641492,-0.6286583,-0.13425027,-0.58369416,-0.6908615,-0.23025696,-0.018689029,-0.73100716,-0.068910345,0.8332749,-0.4258143,-0.24248661,-0.1938754,0.19622117,-0.18762562,0.35928887,0.01989402,-0.24040137,0.4318989,-0.20086803,0.9264414,-0.04879681,0.23346826,-0.07155354,-0.5968094,0.17353784,0.024871102,0.189777,-1.1648499,-0.23915902,0.42343685,-0.025450956,0.72622854,0.12382241,-0.37000686,-0.2341411,0.37763515,0.20904092,-0.11993344,0.12587512,0.5759685,0.08567751,-0.2894368,-0.051806826,0.2846826,0.86343676,-0.23921491,-0.44062057,0.5683045,-0.33421057,Global
-0.0983404,-0.035007022,0.5563235,0.09943693,0.15025102,-0.8399196,0.14308017,-0.5900723,-0.09117372,-0.39656395,-0.7341506,-0.11857096,-0.08282927,-0.71678203,0.03673191,0.80515933,-0.34514487,-0.11544725,-0.23138203,0.21382496,-0.038992725,0.47985342,-0.0022197422,-0.11872996,0.5019011,-0.12797444,0.8350677,0.19279584,0.26658377,-0.048841696,-0.58151776,0.10474361,0.14487584,0.1551658,-1.1982248,-0.17702882,0.4635123,-0.15901203,0.6875645,-0.05979451,-0.33920962,-0.2333453,0.3768946,0.2819349,-0.16959052,0.17793936,0.507678,0.0688711,-0.26598558,-0.12917645,0.32749933,0.71307766,-0.32632706,-0.30270404,0.39173144,-0.33893213,Global
-0.07292558,-0.008921902,0.62935877,0.13480428,0.25294104,-0.8794795,-0.020345828,-0.8574953,-0.22712277,-0.6326656,-0.7359648,-0.24818246,0.022231122,-0.86348987,-0.064105846,0.9520485,-0.4332952,-0.13449991,-0.15835093,0.17633447,-0.12786798,0.38599086,0.057065688,-0.35911575,0.62585807,-0.32018173,1.043271,0.16668387,0.28510672,0.013327224,-0.83136654,0.23348641,0.1704333,0.2354906,-1.4474565,-0.26118395,0.48921892,-0.13656445,0.8343153,0.0776551,-0.41416433,-0.32147518,0.49406967,0.2670744,-0.051464412,0.17793693,0.6771291,0.15689437,-0.24406226,0.08027895,0.2906838,0.8516829,-0.33049658,-0.4044926,0.6520299,-0.4038811,Global
-0.09686717,-0.026051024,0.5340256,0.13602419,0.15266934,-0.81390476,0.0678618,-0.52495646,-0.11368437,-0.42866522,-0.7141514,-0.09762077,-0.075463094,-0.6917876,0.021628734,0.7301065,-0.36663702,-0.13952924,-0.20470047,0.22648187,-0.04461403,0.48376888,0.00081711926,-0.112545505,0.41860166,-0.051687192,0.73419243,0.1372501,0.20738594,-0.05533539,-0.5424472,0.12181459,0.06442804,0.18087295,-1.0597234,-0.17794532,0.41039377,-0.15107056,0.6435822,0.04110923,-0.33696577,-0.22167051,0.35917753,0.23997393,-0.20451494,0.16411784,0.46263084,0.08804231,-0.28236905,-0.14939383,0.30635616,0.7142755,-0.28636986,-0.30165482,0.3832599,-0.34245184,Global
-0.100209,-0.0040300847,0.5510439,0.084032066,0.21556526,-0.8699878,0.1076927,-0.80161774,-0.10814094,-0.49009067,-0.83152884,-0.13754857,-0.042762794,-0.8782218,-0.007934245,0.9241824,-0.32524872,-0.07304277,-0.19469249,0.19776376,0.0032572136,0.4420692,0.02159892,-0.25044116,0.61402655,-0.34416068,1.0456183,0.3096624,0.33765528,0.07568322,-0.7162571,0.20379667,0.27173337,0.19210696,-1.4355972,-0.20389163,0.48394513,-0.2346757,0.7769079,-0.05707034,-0.3649957,-0.32688582,0.4680044,0.28407896,-0.017869376,0.17683962,0.6705118,0.09591588,-0.18986529,-0.093364894,0.3478733,0.69345343,-0.40695354,-0.30369487,0.51715577,-0.38229182,Global
-0.0995335,-0.014513598,0.5873033,0.022322228,0.24767835,-0.9025406,0.032621134,-0.7552885,-0.04903495,-0.5241388,-0.7881194,-0.20493379,-0.015473905,-0.9087032,-0.056187924,0.86276805,-0.36525562,-0.17492273,-0.23818251,0.19069116,-0.07350003,0.37842208,0.01400482,-0.27083793,0.6020934,-0.31982493,1.0206386,0.18576519,0.36316732,0.04272529,-0.7474141,0.18804505,0.19368483,0.1849047,-1.4191233,-0.20804572,0.48811942,-0.13862485,0.7818957,0.00543776,-0.36972827,-0.31119314,0.42638162,0.24562435,-0.05325022,0.16866066,0.61102587,0.05068941,-0.2595077,-0.08157221,0.34166935,0.7391845,-0.3859253,-0.3936108,0.6264559,-0.34061053,Global
-0.13032384,-0.026848892,0.55372465,0.15170228,0.1927633,-0.6853843,0.031060014,-0.6424709,-0.16937043,-0.52498305,-0.64402914,-0.16726884,-0.067423195,-0.67759025,-0.075481236,0.7132786,-0.3534665,-0.11042504,-0.08512328,0.1340877,-0.11428778,0.39243793,-0.0020991885,-0.2728988,0.3941353,-0.17195328,0.81559086,0.02631464,0.20204708,-0.031592038,-0.5882625,0.18698603,0.1298031,0.14212525,-1.1045332,-0.19314381,0.44717884,-0.08683777,0.69487983,0.07429645,-0.31470284,-0.2377095,0.37482423,0.23525551,-0.08198526,0.10541293,0.4649203,0.057705235,-0.18544255,-0.017030023,0.27522975,0.76612765,-0.20716803,-0.2950091,0.4583718,-0.421499,Global
-0.102444485,-0.09026507,0.6127404,0.14315425,0.21372694,-0.8510136,0.0617027,-0.7560415,-0.22583506,-0.5558748,-0.7816976,-0.18390195,-0.016264286,-0.7764754,-0.04934976,0.93647945,-0.41852996,-0.1448779,-0.15761863,0.18670867,-0.07997422,0.49480367,0.010008735,-0.23699154,0.55065614,-0.21123372,0.9513074,0.18157855,0.2315058,-0.046280228,-0.762025,0.16642854,0.1400999,0.16409115,-1.3664618,-0.22705065,0.56226903,-0.15450154,0.8217428,0.012477031,-0.41180882,-0.31656793,0.4475879,0.3212733,-0.13675106,0.19881037,0.5571152,0.15401132,-0.29060945,0.011487469,0.30649194,0.82152796,-0.25020725,-0.3382118,0.5440556,-0.40122408,Global
-0.17894171,-0.1370257,0.6051263,0.3965271,0.1348543,-1.2153633,0.24353299,-0.7386807,-0.24091206,-0.43668017,-1.0768422,0.09353764,-0.12929755,-1.1549695,0.18765275,1.0006268,-0.5221295,0.12215288,-0.269311,0.41379663,0.28685272,1.0343868,0.028013451,0.030588936,0.8410512,0.15351678,0.7970032,0.88819605,0.24419461,0.025592832,-1.0012572,0.06947759,0.23251244,0.35540384,-1.621411,-0.18147866,0.65441215,-0.66054857,0.9021393,-0.12610291,-0.5148497,-0.4479588,0.6444339,0.4390747,-0.40396997,0.37523964,0.56967604,0.26909703,-0.44069058,-0.19847362,0.43518385,0.7236054,-0.6390736,-0.1360802,0.36616522,-0.59265774,Regional
-0.03680677,-0.052364398,0.6302246,0.036490615,0.17576444,-1.1059945,0.28698435,-0.6490766,0.020567765,-0.2720844,-0.74028504,-0.17736582,-0.09221965,-0.8611871,0.122415744,0.96921444,-0.37592414,-0.14125395,-0.4237145,0.24850298,-0.026263569,0.5620135,0.060374618,-0.048408445,0.7703718,-0.15503687,0.9736234,0.4174067,0.45221505,-0.07005437,-0.77808374,0.031124346,0.24809295,0.21270475,-1.5131285,-0.1865831,0.5604765,-0.25707054,0.818754,-0.24597687,-0.38773084,-0.22583482,0.47679225,0.33636376,-0.24504724,0.2905096,0.65103835,0.077329844,-0.36713007,-0.17006996,0.41171023,0.74200577,-0.60173976,-0.41285115,0.4656255,-0.266338,Regional
-0.12757586,-0.112593606,0.5757152,0.3038229,0.15468526,-1.1105644,0.23538372,-0.7099099,-0.18524668,-0.3887758,-0.8375982,0.0034557679,-0.10866772,-1.0408298,0.13577874,0.9197184,-0.45045945,0.10695369,-0.23896214,0.33335173,0.19425349,0.8456632,0.06727871,-0.047595263,0.8342523,0.05897858,0.8143706,0.78654045,0.3023117,0.033792954,-0.9461253,0.052634493,0.26981163,0.33788565,-1.5205063,-0.16762987,0.5943205,-0.54382753,0.8504172,-0.14657897,-0.4634919,-0.37954068,0.59363186,0.37258586,-0.29257244,0.32531905,0.57234675,0.21023051,-0.3596495,-0.10037997,0.37884218,0.65171707,-0.6384623,-0.17692463,0.42382628,-0.5393019,Regional
-0.09195201,-0.028289052,0.6365927,0.21660991,0.13643399,-1.2105173,0.21200164,-0.64364755,-0.10210398,-0.38007215,-0.8156459,-0.060687676,-0.12755214,-1.0653067,0.16272078,0.90726066,-0.47485512,0.021615954,-0.32999808,0.389271,0.09037945,0.7549411,0.1001324,-0.033451192,0.8094747,0.072992556,0.8851774,0.61858577,0.37142763,-0.0360303,-0.8757717,0.04655068,0.20302567,0.3883579,-1.4785736,-0.20922029,0.51273406,-0.4461234,0.82397026,-0.1185971,-0.44294792,-0.30820194,0.5419471,0.30206957,-0.32358897,0.30990836,0.627839,0.14543834,-0.405946,-0.16825734,0.4058691,0.7545064,-0.69236195,-0.29924142,0.46677792,-0.49435976,Regional
-0.0444042,-0.028386932,0.58195245,0.06820806,0.22097254,-1.0381677,0.22390525,-0.64929646,-0.019619022,-0.32710662,-0.6175469,-0.14700602,-0.08961654,-0.8783912,0.0851287,0.8434998,-0.3466827,-0.042524014,-0.29089093,0.24503139,0.028764095,0.52408314,0.08411151,-0.124157056,0.75187194,-0.12752768,0.95200294,0.48209068,0.4372602,0.026049677,-0.74041706,0.056977253,0.2857172,0.27211615,-1.4206197,-0.150972,0.5107629,-0.30514807,0.7797435,-0.1860409,-0.390059,-0.2694666,0.49255267,0.27724457,-0.16662356,0.23839256,0.6147136,0.07857653,-0.2554297,-0.08057438,0.35435814,0.61750376,-0.66868716,-0.32308432,0.48959002,-0.41015276,Regional
-0.110238545,-0.033754755,0.5266667,0.13593464,0.15486059,-0.7874383,0.17384934,-0.6041979,-0.0997718,-0.3827644,-0.66424376,-0.0960096,-0.11042429,-0.7121589,0.013580824,0.7444668,-0.31918648,-0.03591328,-0.1665105,0.18537554,-0.0057321806,0.4749326,0.012201329,-0.14272593,0.49602228,-0.11069627,0.8151201,0.24287596,0.25254878,-0.0010496419,-0.5698759,0.12049179,0.2018453,0.17825283,-1.1807055,-0.15953588,0.44916442,-0.1898186,0.68389964,-0.058058176,-0.3138305,-0.236111,0.39974436,0.2833662,-0.12195137,0.1487479,0.49189842,0.04298054,-0.20180325,-0.0873521,0.33386514,0.64668393,-0.37563097,-0.24309449,0.37553552,-0.4123482,Regional
-0.1446193,-0.40932915,0.58280545,0.2508662,0.06615988,-0.69827676,0.2272138,-0.9955123,-0.51082355,-0.47173902,-1.2532322,-0.17348479,-0.024796957,-0.6463054,0.023358792,1.3916162,-0.5062706,-0.23521575,-0.25439194,0.07275313,-0.0023372467,0.78662515,-0.12130635,-0.12601021,0.55234563,-0.2793166,0.90221316,0.24092148,-0.043064136,-0.31141487,-1.2029324,0.066686936,0.06604918,-0.24577907,-1.6744215,-0.34325802,0.98085874,-0.054366577,1.0124317,-0.17711231,-0.5104367,-0.45671695,0.37775323,0.64789724,-0.4536676,0.3870904,0.40086758,0.37989247,-0.6429131,0.010148884,0.3452393,1.1614721,0.33084536,-0.28469804,0.44054186,-0.1438093,Money
-0.100302346,-0.18759817,0.55362326,0.129885,0.12855285,-0.7080156,0.09431783,-0.71486497,-0.2848838,-0.4849377,-0.9053847,-0.17264234,-0.016906736,-0.6123594,-0.039345786,1.0143913,-0.42147923,-0.246294,-0.21398024,0.13199806,-0.08731976,0.53507257,-0.060385786,-0.14251779,0.41706195,-0.21605153,0.8084766,0.0656818,0.083869845,-0.17330092,-0.78264064,0.10825118,0.02045524,-0.044293307,-1.2662327,-0.2466353,0.6452363,-0.03520947,0.77821434,-0.025187198,-0.39767516,-0.31378323,0.3223765,0.38570142,-0.26930204,0.24518552,0.4293489,0.2168075,-0.4361034,-0.045695476,0.2936557,0.91218525,0.07737992,-0.32367185,0.44585118,-0.19505143,Money
-0.10142272,-0.15922512,0.55613256,0.13439111,0.1438138,-0.73548,0.09409893,-0.737595,-0.2773991,-0.47818965,-0.8972774,-0.15800834,-0.013102644,-0.6418044,-0.016116934,1.0159075,-0.41069368,-0.20005926,-0.20207602,0.13620457,-0.07473555,0.5235042,-0.054813664,-0.15407453,0.45906964,-0.2416676,0.85410315,0.131042,0.08799908,-0.13635387,-0.78846383,0.11288011,0.057178773,-0.01110711,-1.304743,-0.24934024,0.6160078,-0.06949965,0.780241,-0.02311515,-0.39846876,-0.33167058,0.36394444,0.38807425,-0.2343189,0.2233112,0.47447732,0.21418239,-0.401517,-0.045281846,0.29420066,0.89639926,0.004369673,-0.3227882,0.45292467,-0.21324728,Money
-0.17952274,-0.6623447,0.7069075,0.2856052,0.007021223,-0.75233066,0.3345417,-1.3474349,-0.6823103,-0.47129762,-1.3225689,-0.42339957,-0.039045446,-0.7298695,0.0047701146,1.7520682,-0.65819854,-0.3208502,-0.3313904,-0.032838948,-0.14094685,0.8440064,-0.07692842,-0.2445511,0.8209714,-0.3537328,1.1711714,0.17366095,-0.028128475,-0.57727325,-1.8094767,-0.016688978,0.124085814,-0.40206873,-2.2133484,-0.52401936,1.3602661,0.16745205,1.368758,-0.35577926,-0.607836,-0.5261501,0.37118074,0.8782292,-0.67397535,0.49622053,0.38073125,0.39965528,-0.8933842,0.24764523,0.43278894,1.6052322,0.48599476,-0.44534612,0.67400336,-0.17016155,Money
-0.14040422,-0.09737335,0.59653455,0.21778749,0.23341177,-0.8445561,0.1188415,-0.73500395,-0.23259868,-0.5623595,-0.8326617,-0.06773846,-0.061264686,-0.82802665,-0.051895626,0.8936626,-0.39163497,-0.022724843,-0.088011764,0.18365118,0.05640621,0.62208796,-0.024176985,-0.18383323,0.5323794,-0.14427213,0.858666,0.36282644,0.17436017,0.071381785,-0.7147471,0.17149965,0.17904304,0.16973001,-1.3598592,-0.14765254,0.56824094,-0.2957544,0.8005507,0.039584387,-0.42275703,-0.36283702,0.5206386,0.34432402,-0.09611015,0.18534523,0.5513182,0.17012714,-0.22353448,-0.04085175,0.3166695,0.70109856,-0.30008185,-0.20803005,0.45348835,-0.4920256,Regional
-0.07489837,-0.015485102,0.55946964,0.053493828,0.17847931,-0.9352279,0.20807913,-0.574907,0.00689856,-0.31791025,-0.69073945,-0.11823257,-0.08831614,-0.7831131,0.074739836,0.7960738,-0.32271153,-0.08909812,-0.29621914,0.21579824,-0.0022308887,0.5037865,0.025938436,-0.08827248,0.61786866,-0.12722751,0.8599346,0.33001566,0.37426066,-0.0069731553,-0.6196289,0.08018472,0.22832803,0.19430304,-1.2888303,-0.14887127,0.47623911,-0.23807488,0.7070156,-0.14696565,-0.333212,-0.22616932,0.42517847,0.27993107,-0.15940168,0.20533675,0.5619992,0.038182355,-0.2531471,-0.15859026,0.3404646,0.62485605,-0.5053554,-0.31831047,0.4016332,-0.3233463,Regional
-0.12466788,-0.12164281,0.60558164,0.25875503,0.11720345,-1.0806079,0.2506598,-0.708768,-0.16704476,-0.38952652,-1.0695876,0.01115303,-0.09256353,-0.9626922,0.16067858,1.0496627,-0.45375726,-0.03324795,-0.33855224,0.32566535,0.13797003,0.85618263,-0.01647181,0.006453419,0.7271771,-0.018350225,0.8350054,0.59432876,0.25605386,-0.035990074,-0.87085915,0.06690068,0.18496849,0.20461318,-1.5380962,-0.19154857,0.6306933,-0.4574456,0.8479775,-0.15750714,-0.46122184,-0.35566044,0.5440661,0.41657925,-0.3488006,0.3486614,0.5890176,0.22851424,-0.43708456,-0.24685328,0.4289775,0.78671914,-0.43749467,-0.23261003,0.33964938,-0.356088,Nasional
-0.19067842,-0.1642048,0.6348908,0.48132122,0.17389622,-1.1589025,0.13957068,-0.8482548,-0.40161407,-0.59497535,-1.1232866,0.08418246,-0.09205851,-1.168405,0.13033198,1.0662777,-0.58437407,0.12456407,-0.17418486,0.3904556,0.26333216,1.0606341,0.022747615,-0.07967553,0.82998633,0.1419228,0.82229924,0.8532177,0.1560787,0.035672713,-1.1088538,0.14245364,0.18223508,0.36124608,-1.6603779,-0.20762031,0.6868172,-0.64506817,0.9638011,0.018765308,-0.57737064,-0.507561,0.68503404,0.44655862,-0.38285553,0.36959124,0.5822667,0.3464746,-0.44811338,-0.1192042,0.4019966,0.8107432,-0.5063197,-0.11549071,0.45914337,-0.6679805,Regional
-0.1481419,-0.037384074,0.64601415,0.1576675,0.18275705,-1.007677,0.3739027,-0.8092148,-0.06183907,-0.301085,-0.7704468,-0.13666129,-0.18572819,-0.91181225,0.11076717,0.97618765,-0.319856,0.09179381,-0.25275165,0.21161798,0.071315356,0.6273351,0.059926078,-0.13694459,0.79948395,-0.17620088,1.1078949,0.5557816,0.48686343,0.035598237,-0.78052604,0.13076726,0.43846658,0.26366907,-1.6292672,-0.1949062,0.6091988,-0.3321819,0.8762789,-0.31919935,-0.3750657,-0.2716938,0.5267657,0.42337438,-0.11480478,0.2385717,0.6677964,0.03742758,-0.2086974,-0.102208786,0.44706532,0.7064938,-0.66060704,-0.25041872,0.4307969,-0.52884007,Megapolitan
-0.11799183,-0.15927884,0.61563677,0.1729962,0.2108558,-0.8675074,0.11047029,-0.7394913,-0.21723166,-0.47673938,-0.73199826,-0.19400734,-0.015671346,-0.7899074,-0.006554421,0.9345388,-0.4116778,-0.09037896,-0.15343168,0.19190004,-0.030456582,0.57560223,0.026352005,-0.18004191,0.6434818,-0.13149439,0.8970892,0.3538487,0.26806343,-0.08668837,-0.8640777,0.0928212,0.1595416,0.15751,-1.3828734,-0.20797575,0.62476575,-0.19435821,0.82878983,-0.105006665,-0.43735033,-0.32727408,0.44751874,0.37694097,-0.21021727,0.25884837,0.50460714,0.18588823,-0.35516217,0.043064225,0.28931326,0.7540677,-0.28998792,-0.30324024,0.5507992,-0.40416893,Megapolitan
-0.17753682,-0.35607865,0.58354646,0.32112488,0.1847159,-0.7527727,0.21317324,-1.0051477,-0.43864378,-0.47913578,-0.92446166,-0.1845463,0.0037104664,-0.7853479,-0.023511983,1.1826715,-0.43753994,-0.011388665,-0.12514883,0.08659901,0.08038011,0.74931854,-0.018856492,-0.22140343,0.7359164,-0.23093472,0.9070466,0.5581547,0.14634676,-0.11422445,-1.2163025,0.085301384,0.25081694,0.0013369264,-1.6993434,-0.2530248,0.8938149,-0.24407648,0.99783874,-0.22284442,-0.5272325,-0.45115304,0.5166108,0.58379,-0.26064336,0.3741859,0.48028988,0.336432,-0.43100604,0.18274702,0.30474454,0.8526384,-0.0697039,-0.195357,0.52228945,-0.39598915,Megapolitan
-0.12280167,-0.11264022,0.6186429,0.1998885,0.29690412,-0.9088866,0.056950722,-0.74262464,-0.21478637,-0.5529915,-0.6232623,-0.14965579,0.006138409,-0.83839154,-0.06403285,0.8443103,-0.3963526,-0.024295775,-0.05457544,0.19853038,0.023208039,0.57257146,0.056785665,-0.21915452,0.6433367,-0.11095397,0.8965055,0.46483544,0.25623775,0.038821984,-0.79917085,0.13117604,0.21399614,0.26719347,-1.3589563,-0.15210229,0.5693741,-0.27718687,0.8281649,-0.01850682,-0.449775,-0.3723366,0.5211707,0.33481887,-0.11684123,0.19345133,0.5204326,0.18998766,-0.25062063,0.09304126,0.2592561,0.6250549,-0.43780023,-0.26278764,0.5974449,-0.5497476,Megapolitan
-0.1558091,-0.13505661,0.560555,0.26325282,0.26129666,-0.7259825,0.058459427,-0.81193733,-0.34168825,-0.5787715,-0.76049334,-0.11416154,-0.018029965,-0.7612535,-0.089167334,0.8984018,-0.38111135,0.017643273,-0.011796345,0.101008,0.050956503,0.57936925,0.003309156,-0.27852592,0.53262866,-0.19476394,0.78767776,0.375152,0.10704565,0.061859734,-0.8363518,0.20258008,0.1853208,0.14767854,-1.3433203,-0.16912672,0.5973343,-0.2463136,0.801604,0.08373651,-0.4454532,-0.35660827,0.51722,0.36707714,-0.0577716,0.21150427,0.5240831,0.2517339,-0.24053887,0.1091864,0.23906003,0.68179584,-0.16187157,-0.1881387,0.5143245,-0.46944374,Money
-0.20093516,-0.14257704,0.64718103,0.29771343,0.26300186,-0.96280074,0.12346339,-0.8094366,-0.30342662,-0.6461532,-1.1431837,0.038383532,-0.049817607,-0.9016876,-0.024719283,1.0548304,-0.44028664,-0.03532996,-0.10517847,0.26633525,0.15362951,0.8466149,-0.10122168,-0.11246653,0.54557997,-0.13634409,0.884385,0.49102357,0.10334907,0.08327874,-0.74707097,0.20290054,0.17014576,0.13495696,-1.4943062,-0.13616672,0.6755913,-0.41100535,0.86539054,0.031608026,-0.49402937,-0.46744496,0.58832586,0.4489665,-0.1795024,0.25041673,0.58092403,0.28101584,-0.30654767,-0.1585305,0.34515643,0.7479101,-0.23174217,-0.17112365,0.40659323,-0.49057794,Money
-0.16495232,-0.2429941,0.5584186,0.35026506,0.25585654,-0.723258,0.18028124,-0.93252385,-0.4512588,-0.57388264,-0.9637929,-0.027650572,0.013638553,-0.8114945,-0.058539316,1.1048827,-0.39512542,0.07402299,-0.0038720577,0.123654,0.18511167,0.78804,-0.050711803,-0.21849993,0.63100314,-0.20158349,0.8354521,0.6648446,0.06294283,0.10625339,-0.98413914,0.17226784,0.23755193,0.061816204,-1.5688337,-0.123555265,0.7696564,-0.44121104,0.9175356,-0.05515498,-0.5270163,-0.4869746,0.6217011,0.49479437,-0.092707746,0.31894347,0.5459052,0.3520879,-0.27485597,0.094904564,0.27578056,0.6632359,-0.116578266,-0.05710932,0.45119506,-0.4863554,Money
-0.14349933,-0.0989386,0.6111046,0.16868272,0.20139915,-0.95905125,0.28811064,-0.78968364,-0.15319328,-0.41717637,-0.87644786,-0.08730105,-0.13746193,-0.8722623,0.042746257,0.9729837,-0.34794417,0.0103610745,-0.20340078,0.21440648,0.0856557,0.6647222,-0.017948017,-0.14744613,0.64401406,-0.16558526,1.0090004,0.4533189,0.33457735,0.014617425,-0.750065,0.121905625,0.32603604,0.15510637,-1.5275607,-0.18361086,0.6426152,-0.2835884,0.8539923,-0.19263725,-0.40398473,-0.3543942,0.5152567,0.42589775,-0.15368001,0.23421328,0.58783346,0.096148595,-0.2296795,-0.09371004,0.3857768,0.70674783,-0.4453792,-0.22717977,0.43173736,-0.51342756,Regional
-0.14281781,-0.2540388,0.46642548,0.28460553,0.17101315,-0.68049985,0.18121964,-0.75495094,-0.2764291,-0.41068754,-0.85273063,-0.030586945,-0.016699083,-0.7159851,0.008483232,0.89156514,-0.36488593,0.0041105533,-0.1322077,0.10407226,0.14054596,0.67880493,-0.07676672,-0.14539354,0.57037485,-0.1282345,0.66365635,0.47970584,0.10931121,0.018214867,-0.8646627,0.09082814,0.19778131,0.04182064,-1.3825359,-0.12385043,0.6723716,-0.31689388,0.78370655,-0.088058494,-0.42339236,-0.37123078,0.50346017,0.43564552,-0.20397803,0.29172698,0.4055222,0.22527054,-0.3018648,0.024846425,0.29824182,0.6393593,-0.15805091,-0.11684406,0.32959053,-0.34963858,Regional
-0.09006249,-0.05963564,0.6196454,0.2977274,0.087187104,-1.350013,0.34223744,-0.6775974,-0.10555853,-0.25555173,-0.9540249,0.025834152,-0.16792704,-1.2011828,0.32924116,1.0162002,-0.50233454,0.119575605,-0.44266018,0.47449896,0.22965033,0.95563483,0.11071119,0.067082904,1.027302,0.16869228,0.9009625,0.9498656,0.4462541,-0.024356639,-1.0515375,-0.0025937615,0.2878622,0.42714646,-1.6904471,-0.18583462,0.5772513,-0.66581243,0.88607174,-0.2875469,-0.4887691,-0.35325372,0.6257084,0.37582526,-0.45434007,0.4430502,0.6641747,0.19139054,-0.49987793,-0.27038452,0.50569963,0.72563845,-0.87724066,-0.22837704,0.39327794,-0.4924113,Regional
-0.122409366,-0.09501288,0.60659,0.34923413,0.08403151,-1.3218764,0.33556205,-0.68097085,-0.14731766,-0.28591612,-1.0172207,0.07133892,-0.16431713,-1.2061678,0.30930194,1.0216544,-0.51466465,0.14334276,-0.39911208,0.47305954,0.27458277,1.0292181,0.082894914,0.086360425,0.9958883,0.20417525,0.8337016,0.98387206,0.38067803,-0.009647161,-1.06608,-0.00027013352,0.26893315,0.40482327,-1.6773369,-0.17476301,0.61309075,-0.7045853,0.8924267,-0.258563,-0.50014055,-0.3882102,0.64064807,0.40484485,-0.4692879,0.4456149,0.62587965,0.23093164,-0.5081187,-0.27051982,0.4933348,0.71114,-0.80537856,-0.17730173,0.36273482,-0.51350784,Regional
-0.14732084,-0.07954509,0.59854287,0.3420794,0.12354846,-1.2177813,0.25542954,-0.6474097,-0.15558955,-0.34427276,-0.88632566,0.028483802,-0.14738582,-1.1331873,0.22356586,0.89148825,-0.49086574,0.13837898,-0.28835166,0.421203,0.22013423,0.9175799,0.08803393,0.024959836,0.8735018,0.19475715,0.7982159,0.8353546,0.33750522,-0.008470326,-0.94928575,0.035333537,0.23502055,0.40756944,-1.5316277,-0.17105769,0.5416483,-0.5995377,0.84116274,-0.1560684,-0.45866868,-0.36829284,0.6022757,0.37378913,-0.38474324,0.3564174,0.56704414,0.18601415,-0.42104706,-0.17962389,0.43798646,0.6679405,-0.7523558,-0.1834987,0.39493817,-0.5825571,Regional
-0.14074555,-0.10939989,0.6256943,0.37311015,0.10367218,-1.2932396,0.31653288,-0.74303615,-0.18849385,-0.3476056,-1.0217373,0.045888864,-0.16091554,-1.2096293,0.25733095,1.0294042,-0.524866,0.1434518,-0.34487048,0.44512162,0.257618,1.0196872,0.074062906,0.03727401,0.96791077,0.17464975,0.87077457,0.944886,0.356997,-0.0028143227,-1.086846,0.027531795,0.27319446,0.39455923,-1.7046722,-0.19419076,0.64207727,-0.6640422,0.92475647,-0.22403543,-0.5144979,-0.4090299,0.6463357,0.42197892,-0.44397965,0.42029426,0.61965895,0.22905448,-0.48299277,-0.21396703,0.48498124,0.75204563,-0.7648305,-0.17721605,0.40235087,-0.5754781,Regional
-0.07159214,-0.044551086,0.5753899,0.098268114,0.22842678,-0.8992508,0.08729898,-0.5854542,-0.08456014,-0.46361616,-0.7329237,-0.0952532,-0.019261084,-0.7581534,-0.009366224,0.8132397,-0.3820805,-0.15697633,-0.22284116,0.21425779,-0.020575123,0.51566446,-0.026340805,-0.11936622,0.5276963,-0.1260059,0.815932,0.25922927,0.23353347,0.026029306,-0.60997176,0.11084944,0.105028465,0.18398471,-1.2407568,-0.1338609,0.4833976,-0.22249152,0.7207254,0.025875295,-0.38017172,-0.2922093,0.45354974,0.26988718,-0.16853976,0.18248375,0.5276402,0.12491211,-0.28023505,-0.119683586,0.30897218,0.6736217,-0.3746129,-0.31794673,0.45276633,-0.3359578,Regional
-0.10966311,-0.05591302,0.5806704,0.114466,0.19204918,-0.888165,0.16757324,-0.66269654,-0.09518059,-0.41354397,-0.69689775,-0.1496249,-0.09652975,-0.77753454,0.01973389,0.8154326,-0.3551534,-0.068319015,-0.20217548,0.1960803,-0.026686374,0.49368677,0.023524385,-0.15725496,0.5756387,-0.14122786,0.904141,0.26101848,0.31065768,-0.018528894,-0.65643865,0.11429071,0.21943048,0.18721966,-1.3200572,-0.18090276,0.5155504,-0.17874984,0.76392275,-0.08906572,-0.35103136,-0.26683122,0.42508024,0.3145454,-0.1560309,0.17276132,0.52676284,0.05725905,-0.24519184,-0.06943664,0.34952456,0.70881176,-0.4246743,-0.30670145,0.45858756,-0.42544806,Regional
-0.13464355,-0.0880872,0.5722963,0.15582901,0.1937757,-0.9331405,0.2467282,-0.7150693,-0.110742934,-0.39167148,-0.83441365,-0.07708359,-0.11012145,-0.8236531,0.05823215,0.90847516,-0.33160678,-0.0063183783,-0.20912582,0.21330516,0.07655449,0.6228698,-0.004285727,-0.111865856,0.6195237,-0.15918936,0.9316489,0.43027246,0.31237173,0.019424606,-0.68218195,0.113005005,0.29365394,0.16858965,-1.4310223,-0.16323353,0.58270967,-0.2820411,0.799279,-0.16319662,-0.384707,-0.323522,0.481944,0.39543644,-0.15771422,0.2142261,0.5601497,0.10742763,-0.24282558,-0.111855194,0.3750366,0.6673903,-0.44777393,-0.24315709,0.39671326,-0.45105174,Regional
-0.13931645,-0.24176987,0.5689175,0.25769162,0.21577539,-0.8553836,0.1625063,-0.829746,-0.3513709,-0.5142031,-0.8990479,-0.099806055,-0.019437477,-0.80498785,-0.01943285,1.0423284,-0.4290359,-0.041671872,-0.1235287,0.18018553,0.0908615,0.7213884,-0.03256696,-0.15268174,0.6445969,-0.15793116,0.8645311,0.49939516,0.13443314,-0.013483833,-0.9499851,0.09699504,0.1884979,0.0750753,-1.514125,-0.17479527,0.7400178,-0.29134503,0.8748761,-0.087979354,-0.49144775,-0.4432742,0.51808023,0.4653353,-0.2352583,0.29441464,0.49793893,0.28423062,-0.35042587,0.035436902,0.2945391,0.7448296,-0.19839206,-0.20443821,0.48254308,-0.4344403,Regional
-0.13474832,-0.11085682,0.5574291,0.23329441,0.21885858,-0.789683,0.06473131,-0.72286683,-0.2708558,-0.53665453,-0.76621544,-0.08944397,-0.03286645,-0.762079,-0.045403663,0.84531724,-0.38719803,-0.039976217,-0.0749481,0.18575837,0.050751653,0.59213763,-0.008577131,-0.19359127,0.5118427,-0.12318805,0.78065884,0.36087912,0.1399362,0.037879173,-0.74936,0.15554765,0.15736409,0.1724196,-1.2660019,-0.16182092,0.5552028,-0.2533627,0.74698967,0.032484144,-0.41860843,-0.35366964,0.46699008,0.3330568,-0.13709663,0.19148737,0.48749283,0.20616451,-0.25654152,0.018793179,0.25899586,0.67532015,-0.24928387,-0.21239936,0.46733004,-0.4582539,Regional
-0.1423456,-0.29155982,0.5704049,0.2867425,0.2055693,-0.78936267,0.16638112,-0.8902352,-0.4279046,-0.5286105,-0.9440746,-0.13173796,-0.005269859,-0.77813756,-0.036688205,1.1260157,-0.45523223,-0.069741085,-0.11953484,0.1290538,0.065385364,0.73838764,-0.047914755,-0.19075973,0.6418823,-0.18662396,0.8547532,0.4623337,0.076344915,-0.056263246,-1.0664353,0.092652194,0.16172624,0.0004212434,-1.566426,-0.20395085,0.8185261,-0.25901783,0.9279418,-0.084754795,-0.51749647,-0.4653245,0.51585114,0.51032364,-0.26590577,0.33018577,0.48060754,0.3299075,-0.40674987,0.078979634,0.28756446,0.8311286,-0.055676244,-0.20647286,0.4917282,-0.39714357,Regional
-0.1305106,-0.12054024,0.5806256,0.16213225,0.16477452,-0.88652533,0.29343584,-0.7686297,-0.15109226,-0.3535729,-0.8001831,-0.13645184,-0.13013849,-0.800958,0.05872136,0.9390205,-0.33782202,-0.0060955635,-0.2278054,0.1771588,0.04274285,0.5980838,-0.0032285813,-0.16073096,0.6391381,-0.1709076,0.966403,0.38765368,0.33434993,-0.05175651,-0.77063227,0.09477857,0.3051985,0.12578148,-1.4844632,-0.21126792,0.62789446,-0.21288253,0.83529854,-0.2198357,-0.37669796,-0.30324066,0.46816632,0.42648298,-0.17959844,0.24126893,0.53970736,0.0793812,-0.25157523,-0.04426037,0.37700513,0.73520046,-0.40619627,-0.2524414,0.41845846,-0.45553535,Regional
-0.08149468,-0.014119093,0.54163665,0.08442808,0.20860817,-0.7975108,0.013039937,-0.55005777,-0.09612353,-0.45498887,-0.488705,-0.19336729,-0.025644934,-0.6969802,-0.04001704,0.64399415,-0.34483874,-0.109090686,-0.12994385,0.17659381,-0.09748884,0.3470494,0.045668833,-0.21135202,0.4819757,-0.11610036,0.793335,0.14722599,0.26112676,-0.02370027,-0.5598026,0.11014462,0.12761326,0.22954008,-1.0698546,-0.17951304,0.3811515,-0.103465475,0.658322,0.037718594,-0.32078448,-0.22915852,0.3650763,0.21260738,-0.10393199,0.111176364,0.46962738,0.05947117,-0.20730402,0.020110693,0.24066941,0.620655,-0.37858328,-0.34094086,0.5079913,-0.40735993,Regional
-0.079893626,-0.022017613,0.5772477,0.07455564,0.21284108,-0.91662186,0.13332218,-0.5895421,-0.04147142,-0.39379337,-0.60060775,-0.158466,-0.07389292,-0.7869445,0.01501509,0.7413458,-0.3412189,-0.090438105,-0.20635413,0.21820934,-0.03735683,0.45628744,0.049492747,-0.1539789,0.57997286,-0.113489896,0.8671545,0.275924,0.34821174,-0.010221651,-0.6144826,0.09284927,0.20408623,0.21991251,-1.2281678,-0.1488114,0.44961146,-0.18956545,0.70348,-0.08013981,-0.33929428,-0.2434454,0.41792524,0.24892353,-0.14076246,0.17253654,0.52976906,0.043201003,-0.22988461,-0.07011969,0.30977935,0.6267321,-0.4979154,-0.32948333,0.47980624,-0.4020061,Regional
-0.13752672,-0.107137494,0.6307684,0.19241682,0.2829039,-1.0212873,0.17567724,-0.809086,-0.17970823,-0.49859455,-0.8213218,-0.10250825,-0.043946233,-0.9092721,-0.0025511174,0.96675926,-0.3816934,-0.025348902,-0.15128092,0.24719462,0.09375876,0.6718203,0.0230179,-0.19057505,0.68414545,-0.18295403,0.9733043,0.5198058,0.28796145,0.06610542,-0.80137455,0.14080556,0.29372433,0.20876051,-1.5156007,-0.1332653,0.62293214,-0.334871,0.8537385,-0.10965547,-0.4598208,-0.3917915,0.55382353,0.39414752,-0.14132984,0.24676293,0.6037251,0.18948166,-0.2519527,-0.023381127,0.3357578,0.6653376,-0.48753017,-0.2798586,0.50703555,-0.5172475,Regional
-0.10922377,-0.0497488,0.58819026,0.14210434,0.1732563,-0.9858647,0.30442053,-0.7208606,-0.06828895,-0.33335358,-0.7589411,-0.09842466,-0.14473058,-0.8688216,0.100267656,0.9002705,-0.32147774,0.023641571,-0.24431969,0.2464006,0.06904234,0.6015652,0.041208662,-0.14237522,0.71950907,-0.13817705,1.003629,0.4803318,0.4150323,0.0064996984,-0.7176469,0.09223272,0.3511058,0.21247531,-1.4664243,-0.17124537,0.56094193,-0.29825228,0.8084657,-0.24178784,-0.36755556,-0.28922883,0.48536274,0.36711746,-0.15883921,0.23618144,0.60281533,0.047408912,-0.22289598,-0.11277484,0.39740843,0.6521522,-0.5835139,-0.25766164,0.42683762,-0.48145407,Regional
-0.119881235,-0.08222717,0.6546067,0.11747035,0.28243956,-1.0755336,0.16721097,-0.68914926,-0.060757298,-0.42255813,-0.66666114,-0.18212955,-0.051122326,-0.8747015,0.0057174657,0.8632302,-0.38223377,-0.091328,-0.21004272,0.25595814,-0.0151528325,0.55575067,0.062066942,-0.15072015,0.6815085,-0.12401515,0.9476102,0.38580948,0.35296005,-0.005462167,-0.72533846,0.09915297,0.24143489,0.2359567,-1.4344052,-0.13193522,0.5424236,-0.22062436,0.81599396,-0.110009894,-0.40943748,-0.30293947,0.48769817,0.34959328,-0.18929648,0.22509472,0.5643929,0.101454005,-0.28763834,-0.027708042,0.34773836,0.6699268,-0.56684923,-0.3859235,0.5446866,-0.46898785,Regional
-0.10275384,-0.04720802,0.68328744,0.07519681,0.2838304,-1.1951472,0.24212053,-0.71457165,0.013364351,-0.36057368,-0.71002215,-0.18765058,-0.07572234,-0.93980676,0.072247915,0.9356796,-0.37655276,-0.09855838,-0.3038678,0.29162788,-0.007109974,0.5739301,0.08064096,-0.13254622,0.7858522,-0.15373734,1.0615326,0.45407778,0.4588925,-0.008570056,-0.7527877,0.079214424,0.3061814,0.26099557,-1.5612013,-0.1435027,0.55860364,-0.25955662,0.85701966,-0.20289192,-0.41450194,-0.29442945,0.5179085,0.36320442,-0.2115294,0.25365642,0.64675343,0.07714045,-0.3003025,-0.09424875,0.40688962,0.69017357,-0.70873576,-0.43331337,0.5453156,-0.4519356,Regional
-0.07296894,-0.034266,0.6882028,0.05075125,0.28981826,-1.225597,0.26074535,-0.70624834,0.04023898,-0.32858768,-0.643872,-0.20549266,-0.08796355,-0.95631355,0.083614185,0.9274987,-0.3731858,-0.082590684,-0.33401835,0.27796257,-0.009291326,0.55777615,0.116902776,-0.12943302,0.83634925,-0.1520241,1.0635732,0.49591935,0.506593,0.002359252,-0.77748936,0.06448268,0.3305459,0.295152,-1.5846834,-0.14446749,0.54656774,-0.2734154,0.86148125,-0.2200357,-0.41832733,-0.2642903,0.5272391,0.34209067,-0.19125706,0.25833288,0.68045264,0.06044807,-0.29260972,-0.08460281,0.4048455,0.66511893,-0.78680223,-0.44441065,0.56735164,-0.4490302,Regional
-0.14210066,-0.16727889,0.5653567,0.20796476,0.22852305,-0.94856167,0.16964324,-0.6705796,-0.16126971,-0.47564402,-0.8697979,-0.031957347,-0.04944777,-0.8293122,0.032462772,0.8924416,-0.38041607,-0.046066076,-0.1646036,0.22174588,0.10855395,0.7096127,-0.029575406,-0.06360767,0.60885435,-0.070577994,0.79615444,0.47949442,0.23549421,0.022540249,-0.7094121,0.09291178,0.19155857,0.18114965,-1.3860533,-0.120901026,0.62831616,-0.34230477,0.78549427,-0.06210983,-0.45243385,-0.36885816,0.51908135,0.39541382,-0.22796531,0.23811348,0.50587237,0.18945737,-0.29643658,-0.0684176,0.32172212,0.6298422,-0.38395113,-0.21554717,0.41185886,-0.45773336,Regional
-0.121756665,-0.26509064,0.51443535,0.2110604,0.08686279,-0.7281463,0.36355346,-0.882944,-0.28373152,-0.29888666,-0.9481563,-0.12708236,-0.10019483,-0.69637555,0.06977439,1.114543,-0.3545977,-0.041698907,-0.279927,0.09882923,0.08278864,0.6682457,-0.054711733,-0.13902336,0.62715775,-0.22935963,0.8794023,0.4108715,0.20545319,-0.13968122,-0.98805565,0.05754396,0.28351223,-0.0464556,-1.5812541,-0.25387818,0.79294,-0.17677926,0.8835482,-0.3047884,-0.41852158,-0.33149555,0.42155698,0.5438123,-0.26381618,0.34688,0.47105032,0.18353541,-0.3674523,-0.00241718,0.38623348,0.8350533,-0.11881282,-0.20416649,0.34536836,-0.27915323,Regional
-0.09483897,-0.12526748,0.5345068,0.13382183,0.15622388,-0.8602278,0.2605199,-0.70730567,-0.14051855,-0.3317007,-0.8046809,-0.10845778,-0.086728565,-0.73645663,0.07225444,0.94789034,-0.32694712,-0.05275427,-0.24976264,0.19321811,0.044183873,0.56943685,-0.0073970323,-0.104773656,0.61256444,-0.18569088,0.9140625,0.38307583,0.29328716,-0.050355628,-0.7304816,0.07374038,0.253056,0.106633276,-1.3971388,-0.18890236,0.59740067,-0.2166831,0.7754275,-0.20899695,-0.37289557,-0.3025038,0.42963517,0.3966531,-0.19912946,0.24876638,0.53265244,0.12938856,-0.28361994,-0.0836413,0.36059648,0.6890465,-0.35262153,-0.26094642,0.3867694,-0.33945015,Regional
-0.1352754,-0.07225882,0.52644616,0.16326836,0.13448486,-0.80581295,0.30273533,-0.7551476,-0.15158613,-0.34356454,-0.7053781,-0.08155588,-0.15257049,-0.76580906,0.030966707,0.87536454,-0.28818834,0.06055808,-0.17736593,0.15963069,0.05816043,0.5296172,0.043052804,-0.16186036,0.57534236,-0.1607451,0.92307484,0.38936174,0.2981485,-0.0065744147,-0.65747833,0.13741148,0.35356173,0.15212025,-1.3717476,-0.21106331,0.54146284,-0.22880478,0.7541799,-0.18369302,-0.32921687,-0.26895362,0.44580662,0.3894149,-0.078480095,0.18566544,0.5419892,0.029606054,-0.15918559,-0.04560914,0.39298406,0.64025617,-0.43262336,-0.19068728,0.3653179,-0.49291593,Regional
-0.030541446,0.047993433,0.64813596,0.0420225,0.18984666,-1.1176577,0.19822876,-0.6202901,0.004650323,-0.36990064,-0.755343,-0.12596881,-0.08538141,-0.87529373,0.12665664,0.9436529,-0.36792842,-0.12625396,-0.3716494,0.3029502,-0.040195018,0.5193534,0.055740286,-0.09370111,0.7228891,-0.16615538,1.042643,0.35333142,0.4378896,-0.010369946,-0.6384237,0.0920939,0.21232109,0.2815361,-1.4202617,-0.18063545,0.4536636,-0.28096184,0.7695741,-0.13214366,-0.38070613,-0.23518479,0.48747936,0.25138956,-0.17570817,0.21920921,0.7174744,0.07152459,-0.28907505,-0.22053663,0.3952404,0.7266899,-0.62595505,-0.4002839,0.4621394,-0.3386715,Global
-0.06876905,-0.04822426,0.529855,0.08489638,0.1973318,-0.8242933,0.09573259,-0.5507927,-0.07903196,-0.39406914,-0.54474336,-0.15313624,-0.032235984,-0.6979268,-0.016107991,0.6941075,-0.34522775,-0.104473926,-0.17557749,0.18343374,-0.04913582,0.4088,0.03719392,-0.14867835,0.5143578,-0.110373646,0.7775017,0.22500914,0.2526671,-0.0007243716,-0.6067138,0.08453111,0.14226705,0.19223888,-1.1444908,-0.14237298,0.43464467,-0.15795663,0.6719062,-0.021178832,-0.3394998,-0.24171424,0.3969461,0.23701532,-0.13958517,0.1589773,0.47402155,0.06394538,-0.2351246,-0.021189542,0.27920917,0.6234993,-0.39397967,-0.31020465,0.4592649,-0.36429897,Global
-0.04816107,-0.012972084,0.50119144,0.066902235,0.16113943,-0.71085066,0.0083693,-0.4936594,-0.09984386,-0.42243215,-0.49686927,-0.17163888,-0.029745985,-0.59861016,-0.042898197,0.63191515,-0.34422255,-0.17469537,-0.16229744,0.1731827,-0.13284847,0.32078382,0.034886528,-0.18058483,0.39343295,-0.09707333,0.71937555,0.018789047,0.21373431,-0.07073126,-0.51844764,0.09815459,0.050902426,0.16981246,-0.9472103,-0.17205529,0.35468572,-0.051171083,0.6036442,0.061479528,-0.2961236,-0.1865129,0.29880407,0.16559777,-0.14497124,0.117661215,0.41836435,0.056469582,-0.23857595,-0.041004263,0.2527287,0.6786441,-0.26228803,-0.33787504,0.4572155,-0.31023854,Global
-0.074230514,-0.047966275,0.5258567,0.10980217,0.14981222,-0.8010281,0.1025068,-0.5816392,-0.12726545,-0.40470374,-0.6779789,-0.12754118,-0.05382886,-0.6887731,0.014860487,0.78025573,-0.35522154,-0.114612624,-0.21064,0.20023884,-0.045474224,0.46469557,0.019535918,-0.13103402,0.4966141,-0.11970002,0.76655436,0.19620085,0.23676817,-0.049251884,-0.619931,0.10192737,0.121702634,0.15245587,-1.1467115,-0.18094827,0.44466063,-0.16335987,0.6710751,-0.02594912,-0.3382347,-0.23281574,0.37255126,0.25959852,-0.16320828,0.19030821,0.49294716,0.11116237,-0.27481872,-0.078481354,0.28868118,0.6844483,-0.28593582,-0.29544,0.41168767,-0.30433077,Global
-0.06912127,-0.017806638,0.50402296,0.08648373,0.14665592,-0.7833358,0.06337807,-0.4851849,-0.07834995,-0.3904948,-0.5236239,-0.14911939,-0.06678463,-0.66247624,-0.0016937816,0.6251344,-0.34257293,-0.106996566,-0.17338663,0.20352373,-0.07427632,0.38860178,0.05639592,-0.13788983,0.4575683,-0.03696009,0.7067062,0.12866867,0.24108492,-0.06413779,-0.55078197,0.08732681,0.086674675,0.20349221,-0.9985935,-0.16895035,0.37177628,-0.108415864,0.60672665,0.01971289,-0.2967608,-0.18528992,0.3195133,0.18593867,-0.1694706,0.13244377,0.4260424,0.04715089,-0.24814591,-0.051720083,0.26401746,0.6227521,-0.35566354,-0.3077521,0.42979637,-0.35478395,Global
-0.095890015,-0.07785331,0.4951077,0.11145621,0.13696241,-0.69087386,0.06643927,-0.5599682,-0.1525628,-0.41367352,-0.68576777,-0.14296329,-0.029117377,-0.61009306,-0.013515413,0.7468203,-0.3517107,-0.15214148,-0.17351095,0.1618212,-0.06837441,0.42269802,-0.01820775,-0.13610137,0.4065003,-0.12906942,0.707908,0.097013585,0.16656728,-0.07561398,-0.60488623,0.10549292,0.07532069,0.08467118,-1.0695308,-0.1800693,0.45922047,-0.10519502,0.64297765,-0.012238135,-0.32621375,-0.23476158,0.31925812,0.27109522,-0.176698,0.18359388,0.4193512,0.11734367,-0.28813228,-0.05287035,0.26099247,0.6975285,-0.14641102,-0.28388754,0.37894455,-0.2583504,Global
-0.025403244,-0.07120911,0.514527,0.08102951,0.13925274,-0.8101531,0.07095395,-0.596135,-0.14337325,-0.39439258,-0.5781236,-0.1852425,-0.021939252,-0.68797684,0.013205994,0.7820021,-0.38017875,-0.13887179,-0.22719525,0.1947352,-0.070707604,0.40613785,0.055046316,-0.15195686,0.5465287,-0.13502592,0.8019635,0.2028192,0.24621618,-0.07619775,-0.71118444,0.0629409,0.10617181,0.17929256,-1.1658525,-0.21319473,0.4504562,-0.12496999,0.68287474,-0.042170018,-0.35740927,-0.23790298,0.35044464,0.24129851,-0.19321889,0.19281907,0.49120754,0.12400527,-0.306187,0.0012980712,0.27872017,0.7022023,-0.32643133,-0.33891365,0.48228285,-0.28953826,Global
-0.059862513,-0.06119327,0.49781248,0.059505615,0.13753805,-0.71810323,0.07502561,-0.53168213,-0.08475655,-0.38329452,-0.61751324,-0.15976544,-0.023454314,-0.6112468,-0.008180607,0.7248354,-0.33959335,-0.17227474,-0.21642962,0.16197953,-0.09767361,0.3654451,-0.004271716,-0.13439839,0.43015766,-0.14603555,0.7405444,0.07987109,0.2212854,-0.071009375,-0.5651607,0.090976775,0.0734315,0.11535066,-1.0654091,-0.17352603,0.42007715,-0.07221636,0.625106,-0.019431137,-0.30840096,-0.2058891,0.316888,0.23837598,-0.16063374,0.16111378,0.4423311,0.06245625,-0.2730226,-0.059562925,0.28221896,0.6845897,-0.2202059,-0.32361808,0.40751323,-0.23509268,Global
-0.12048423,-0.17939775,0.646353,0.11704644,0.16133524,-0.7762405,0.016551614,-0.74243665,-0.2589005,-0.58956575,-0.82135534,-0.27510366,-0.01753732,-0.6627651,-0.09924392,0.9798438,-0.49329296,-0.34470448,-0.2189517,0.13552292,-0.20474374,0.4753422,-0.045176756,-0.24465163,0.43576258,-0.14320618,0.88398135,-0.12538965,0.12323955,-0.23144092,-0.83851475,0.11681488,-0.022575919,0.017484842,-1.3208841,-0.2946295,0.667908,0.09613956,0.88123643,0.06650731,-0.41796306,-0.28242192,0.30921465,0.3343929,-0.3140465,0.19799963,0.4074952,0.12180069,-0.44450268,0.003513399,0.32958192,1.0370566,0.026540725,-0.4563296,0.58456004,-0.3095813,Tekno
-0.123681486,-0.14529772,0.65923333,0.105959296,0.18123263,-0.8684562,0.029206231,-0.66976315,-0.20644851,-0.57365364,-0.86039305,-0.22536382,-0.022776539,-0.6819783,-0.07368369,0.96625376,-0.48484737,-0.34488544,-0.24498035,0.20153853,-0.16117258,0.5174202,-0.060191926,-0.1767555,0.43305612,-0.10863917,0.88420975,-0.07658758,0.13500735,-0.2058442,-0.7483783,0.102714054,-0.025023576,0.05044512,-1.2911869,-0.28164327,0.63597655,0.039610963,0.87640476,0.054133985,-0.41506475,-0.30468082,0.31890064,0.32262072,-0.33653882,0.19427261,0.41491607,0.13671792,-0.44412288,-0.0835774,0.34824765,0.9823368,-0.041409433,-0.45459944,0.54281723,-0.31459272,Tekno
-0.13254055,-0.06967148,0.54626566,0.32255694,0.09088236,-1.1344626,0.21589297,-0.58639246,-0.15912962,-0.3402955,-0.8902044,0.047722217,-0.13330312,-1.0402627,0.21369952,0.8461267,-0.46539396,0.093413144,-0.28171188,0.40554538,0.20314245,0.8759957,0.065243825,0.043175396,0.7708839,0.18514313,0.708739,0.7390512,0.277865,-0.024321202,-0.87658393,0.03176369,0.18390849,0.36478406,-1.3771019,-0.18064451,0.51347935,-0.5553619,0.7674554,-0.12400312,-0.44702268,-0.34608695,0.5375014,0.3345338,-0.38872364,0.33530483,0.52202344,0.2085812,-0.42739448,-0.2036672,0.38388252,0.6633226,-0.62543255,-0.17195804,0.33844382,-0.50624657,Regional
-0.12635256,-0.083063096,0.6249018,0.14191262,0.21221727,-0.9302697,0.105122514,-0.64586824,-0.13291577,-0.49171457,-0.81512916,-0.1285868,-0.07054963,-0.777637,-0.019045353,0.86358094,-0.41047928,-0.1629179,-0.2033108,0.22939032,-0.031572755,0.5744883,-0.03237149,-0.13703778,0.5001097,-0.115267746,0.86042815,0.20214249,0.21800806,-0.040114824,-0.65772283,0.11834845,0.11120845,0.14731099,-1.2870069,-0.16925208,0.5435094,-0.16908295,0.7633534,-0.0037261585,-0.39152148,-0.29634035,0.43239564,0.32002088,-0.21755709,0.19547789,0.5129514,0.12049163,-0.32169974,-0.11811108,0.32939658,0.7809844,-0.30496234,-0.33831927,0.46449763,-0.38211375,Money
-0.07872498,-0.033139743,0.6168194,0.09437354,0.2014969,-0.9042816,0.039492473,-0.61667156,-0.14486927,-0.5307418,-0.80611277,-0.1417955,-0.028927375,-0.7293638,-0.024627838,0.8791622,-0.41265213,-0.2210539,-0.22197628,0.24130642,-0.08613633,0.48955673,-0.025294485,-0.14902963,0.4557638,-0.17288303,0.8842858,0.100815386,0.1995534,-0.049603116,-0.5966352,0.14185873,0.045444503,0.15285946,-1.1961303,-0.19935107,0.4726369,-0.12589313,0.70992875,0.045750886,-0.38737118,-0.27701348,0.39583057,0.2603252,-0.1838637,0.16685666,0.5652457,0.13908023,-0.30999604,-0.13064769,0.29739645,0.80376446,-0.25019428,-0.37325975,0.46611333,-0.30859792,Money
-0.09706959,-0.07017219,0.5987594,0.12097188,0.21297193,-0.8622249,0.04629601,-0.59905666,-0.13058731,-0.5038377,-0.6982196,-0.15261859,-0.035331942,-0.72804695,-0.06227081,0.77540743,-0.4111856,-0.18448469,-0.1673288,0.20416434,-0.0744133,0.49147782,-0.013212093,-0.15722388,0.45507565,-0.099362046,0.78773844,0.13062626,0.19149013,-0.036337715,-0.62559,0.11458767,0.06762736,0.15838394,-1.1785847,-0.16265954,0.4838014,-0.12166332,0.7239177,0.057372756,-0.37195146,-0.27337852,0.39770913,0.27007478,-0.1865915,0.1653706,0.4709334,0.10783539,-0.30589768,-0.059064385,0.29426986,0.75178546,-0.27794513,-0.35168335,0.49373418,-0.36727184,Money
-0.09316377,-0.060518067,0.5237933,0.11538233,0.17417884,-0.7527128,0.06973464,-0.60685325,-0.1606869,-0.43095297,-0.68412787,-0.14573722,-0.04812754,-0.6557086,-0.022261864,0.7732985,-0.35370874,-0.14502761,-0.18814792,0.1654424,-0.05379452,0.4517199,0.00016028249,-0.17113706,0.43671662,-0.15002432,0.74126923,0.1432031,0.1878728,-0.058482863,-0.6282013,0.12572119,0.10477415,0.11005294,-1.1144042,-0.18974222,0.47371197,-0.10255705,0.6542455,0.0013267111,-0.34849682,-0.23739235,0.34448043,0.27124316,-0.1547952,0.18101002,0.46071795,0.12487966,-0.27156332,-0.04284352,0.25828925,0.70973,-0.20924819,-0.307429,0.42339668,-0.30610123,Money
-0.1280166,-0.07218445,0.6143675,0.14973444,0.21571292,-0.8875751,0.09084344,-0.65589255,-0.1805284,-0.524862,-0.84866095,-0.10117751,-0.06178778,-0.75777173,-0.025689285,0.8815836,-0.40239185,-0.13552445,-0.17986764,0.22295105,-0.015742982,0.57247937,-0.025230533,-0.13011761,0.4720794,-0.13984518,0.84269524,0.21184017,0.18416604,-0.017635716,-0.64102197,0.1476529,0.10259681,0.13491423,-1.2558005,-0.16116856,0.5317688,-0.1937495,0.74691445,0.019505545,-0.4020636,-0.29553387,0.43007258,0.31066278,-0.17485332,0.19112287,0.5339987,0.14599934,-0.30597648,-0.124395356,0.3057195,0.76594913,-0.24393348,-0.29811656,0.4377549,-0.36996877,Money
-0.13863114,-0.07973136,0.6093617,0.16482157,0.1957413,-0.90712875,0.09571511,-0.63412464,-0.1773108,-0.4920368,-0.84920996,-0.09625906,-0.060186185,-0.7773467,0.00077013485,0.86989516,-0.41368112,-0.120731205,-0.1885518,0.24039279,0.006701668,0.6119464,-0.022172054,-0.1051085,0.4998571,-0.09178284,0.80796736,0.27089766,0.18880141,-0.035761192,-0.67779016,0.12456431,0.09810145,0.1479063,-1.2455559,-0.17018025,0.53380144,-0.21972814,0.7379314,-0.0056823185,-0.403922,-0.29819062,0.42870203,0.3181153,-0.20772766,0.21904247,0.5116766,0.16043743,-0.33445734,-0.12743868,0.2961727,0.74423057,-0.2622027,-0.2869984,0.4284224,-0.36372918,Money
-0.11078995,-0.08650553,0.61437976,0.13179545,0.1778849,-0.92977077,0.10975841,-0.62601024,-0.14521664,-0.46920872,-0.7799096,-0.14519615,-0.06524975,-0.77947366,0.0018045655,0.85171944,-0.42230707,-0.15686527,-0.2183878,0.24914503,-0.045841727,0.57130563,-0.0027340136,-0.1157431,0.5298834,-0.080012605,0.8331835,0.22050552,0.23654756,-0.07925258,-0.7035,0.087877706,0.097623676,0.16260315,-1.255569,-0.18974705,0.53191715,-0.17131822,0.74670655,-0.028380236,-0.39031494,-0.28282022,0.4014097,0.30429617,-0.24551341,0.22043431,0.49723673,0.12915874,-0.36122084,-0.09887515,0.31606227,0.7814056,-0.30099523,-0.3378273,0.47044063,-0.3564538,Money
-0.10570223,-0.112565786,0.59903663,0.14364015,0.19175558,-0.88121325,0.12839529,-0.65512335,-0.15197088,-0.45807952,-0.7324057,-0.15446858,-0.061951756,-0.7672602,-0.0272896,0.83178025,-0.40817824,-0.13820961,-0.19183305,0.20645683,-0.032580785,0.5578415,-0.0067644743,-0.14509928,0.5367994,-0.10277612,0.8176751,0.24493127,0.23265333,-0.046993192,-0.7286335,0.08953814,0.13232899,0.14403003,-1.2793874,-0.16836147,0.55423117,-0.1770633,0.762479,-0.04607106,-0.38740474,-0.2897819,0.4167965,0.32205465,-0.21883821,0.2139442,0.4776755,0.115340665,-0.3322006,-0.045612648,0.31236222,0.75101936,-0.30529255,-0.31541705,0.48037454,-0.3739253,Money
-0.098271765,-0.1494151,0.52905864,0.11044909,0.14621991,-0.75108755,0.13827331,-0.61097896,-0.15789174,-0.38477188,-0.72383714,-0.16683272,-0.052663706,-0.6352169,-0.015311118,0.8165225,-0.3681812,-0.16436799,-0.21257539,0.14872591,-0.055604104,0.49851608,-0.024269432,-0.11436722,0.47010356,-0.11535916,0.725456,0.14825948,0.19212736,-0.11562339,-0.7040661,0.07113712,0.09090178,0.05086133,-1.1867596,-0.18569285,0.55647653,-0.08491977,0.6954738,-0.07409651,-0.35030317,-0.24206305,0.33313507,0.33047396,-0.23464826,0.22517233,0.41422048,0.11395367,-0.34804112,-0.03635453,0.28112876,0.7372842,-0.1580717,-0.30218387,0.42095158,-0.25510883,Money
-0.13020174,-0.20474365,0.5291705,0.17470208,0.13992281,-0.74190575,0.18510805,-0.71920544,-0.25602448,-0.40800458,-0.9496661,-0.11351761,-0.06422212,-0.6420417,0.015377414,0.97065455,-0.37738687,-0.15728615,-0.24056761,0.13127564,0.02253914,0.6315373,-0.075102985,-0.09998958,0.473555,-0.1796579,0.73634446,0.22706468,0.13192853,-0.11919503,-0.7963204,0.096087225,0.11807092,-0.0332477,-1.3203256,-0.19914638,0.67151684,-0.14309908,0.74711835,-0.11619659,-0.41256908,-0.2900711,0.36610287,0.4240439,-0.2652391,0.28836507,0.4509865,0.19584166,-0.38552263,-0.07332828,0.28829876,0.8034694,-0.035494424,-0.2530001,0.34867638,-0.22046426,Money
-0.21747045,-0.18679945,0.5626885,0.32700014,0.23912588,-0.7032277,0.20428358,-0.9798802,-0.42206472,-0.5761351,-0.93576354,-0.055173595,-0.0515454,-0.8186055,-0.08663293,1.0799932,-0.34927222,0.12006582,0.029132025,0.07132206,0.15690988,0.7128503,2.348242e-05,-0.25485417,0.5603492,-0.24803491,0.8758633,0.5747897,0.07273766,0.08638286,-0.9418489,0.23244321,0.32263952,0.10311519,-1.5736561,-0.18789947,0.73183966,-0.3624143,0.8873493,-0.0415522,-0.47254694,-0.44096833,0.5926034,0.5063284,-0.01564234,0.26089588,0.5723283,0.291217,-0.2283717,0.12022476,0.30389184,0.68880594,-0.13534696,-0.09081284,0.46565962,-0.5260151,Money
-0.1848395,-0.27096844,0.5932706,0.33536142,0.25103438,-0.74840814,0.20730501,-0.9820816,-0.45918584,-0.5882482,-1.1175264,-0.05020538,-0.005529862,-0.8135097,-0.057378482,1.2024001,-0.4174145,0.009529956,-0.054855574,0.10887171,0.16541322,0.8295521,-0.09333944,-0.20486712,0.60961765,-0.25816438,0.8745011,0.5776032,0.046765298,0.053713992,-1.0433499,0.1700915,0.21811491,-0.010367843,-1.6716645,-0.14454292,0.8540399,-0.3871798,0.9574645,-0.072010174,-0.54069024,-0.48441544,0.6068908,0.54431576,-0.14576133,0.34853813,0.5703915,0.3750134,-0.34837067,0.052406356,0.30120268,0.79106176,-0.013979778,-0.107435055,0.44548267,-0.40938827,Money
-0.16680065,-0.13482246,0.63312274,0.28504056,0.30766237,-0.8796402,0.08058712,-0.8806135,-0.35546365,-0.65279835,-0.8730925,-0.0957623,-0.01289468,-0.8886436,-0.07183652,1.0259033,-0.4214252,0.027732108,-0.011409807,0.16045807,0.08776324,0.6985158,0.0077242893,-0.27232727,0.64042544,-0.18852238,0.9077372,0.5086858,0.15516034,0.09648948,-0.9129309,0.20686364,0.22466289,0.19466224,-1.521876,-0.15370792,0.66585284,-0.35937527,0.903802,0.063052006,-0.51184976,-0.4310701,0.6064622,0.4039034,-0.07858572,0.25059628,0.6131924,0.29634172,-0.27019316,0.07780879,0.2760376,0.7066128,-0.26340163,-0.19460665,0.5721992,-0.54777545,Money
-0.21151838,-0.40414932,0.608081,0.5082038,0.31178588,-0.84651715,0.29789075,-1.10481,-0.54040444,-0.66876,-1.2116942,0.09657009,-0.0017533792,-1.0061941,-0.05624214,1.3042686,-0.47875246,0.15173186,0.006861623,0.122221306,0.35165003,1.0912396,-0.1214564,-0.2113012,0.8109849,-0.12296277,0.8450551,0.9520928,0.027426824,0.20515619,-1.2540387,0.15382476,0.2997568,0.02587063,-1.9467576,-0.04033789,1.0122259,-0.6592385,1.1330949,-0.054306023,-0.6734081,-0.6402835,0.8303287,0.6304438,-0.16886376,0.43192554,0.5803704,0.45666206,-0.31378087,0.09222448,0.362688,0.6894922,-0.1628215,0.06113287,0.41476816,-0.6357897,Money
-0.20154783,-0.2650488,0.5853992,0.4042076,0.33258396,-0.7701671,0.22466564,-1.052721,-0.4559709,-0.61467797,-0.9041657,-0.04205222,-0.022263484,-0.9480523,-0.10080383,1.0856658,-0.3851945,0.17814235,0.061796095,0.06707113,0.24944717,0.8271681,-0.0126250805,-0.31921777,0.7367504,-0.20280124,0.86824876,0.8156645,0.105584525,0.21337642,-1.1350049,0.19785608,0.3714311,0.13330711,-1.7564782,-0.09201365,0.8482283,-0.5044249,1.0044101,-0.044966664,-0.5664975,-0.53072447,0.73608506,0.519958,-0.032000903,0.31605357,0.5884872,0.34534892,-0.20501563,0.21017879,0.28810138,0.61586684,-0.28277266,-0.028319854,0.5342295,-0.6532594,Regional
-0.12363218,-0.21563116,0.5977596,0.19278821,0.17905743,-0.7870081,0.11898335,-0.79192466,-0.29957423,-0.53350246,-0.9588573,-0.17553684,-0.016470853,-0.72302014,-0.031837076,1.0551723,-0.4504572,-0.19558968,-0.19668497,0.14619724,-0.0434915,0.62277555,-0.058391903,-0.17742601,0.5281035,-0.1941823,0.85588175,0.19711828,0.13906714,-0.13042787,-0.91973794,0.09882817,0.07262581,0.0006824847,-1.442568,-0.21042743,0.71707976,-0.14541377,0.8649472,-0.049054727,-0.4563888,-0.3465256,0.4262056,0.42102292,-0.27493358,0.30017734,0.48651782,0.23628092,-0.43564028,-0.012686663,0.31705928,0.909745,-0.021075588,-0.31181884,0.4882277,-0.2711459,Money
-0.18436833,-0.15136309,0.5734873,0.24779208,0.2375973,-0.76308507,0.14460939,-0.80868465,-0.2998957,-0.5316678,-0.87249935,-0.09360955,-0.05243639,-0.76604086,-0.061874814,0.9490045,-0.3692217,-0.016371451,-0.059935644,0.12502156,0.060239203,0.6354412,-0.02862262,-0.20854518,0.5157266,-0.18597144,0.83477944,0.37510762,0.120646276,0.024596905,-0.8108534,0.17280696,0.21057251,0.08880061,-1.4006934,-0.16563587,0.65422744,-0.25249782,0.81269056,-0.013164545,-0.43391013,-0.3701873,0.50499076,0.41524854,-0.11431214,0.22556843,0.51643836,0.21882068,-0.26649326,0.018274868,0.28736624,0.71621066,-0.1662587,-0.18960366,0.45115954,-0.44300655,Money
-0.17011349,-0.17810975,0.62788266,0.25098863,0.27770758,-0.84806895,0.10404977,-0.83634293,-0.34876734,-0.622021,-1.0095675,-0.0858471,-0.015039875,-0.8041186,-0.06690757,1.0717106,-0.42785135,-0.08818563,-0.08923748,0.15885524,0.05936391,0.7177367,-0.06530139,-0.19483267,0.5401714,-0.20597894,0.8772721,0.38736168,0.09481163,0.026784897,-0.86880976,0.17480795,0.13953929,0.06516329,-1.4880267,-0.1558849,0.7232009,-0.28741023,0.87156,0.03638329,-0.50977135,-0.423414,0.545424,0.42982268,-0.16362211,0.2652192,0.56927687,0.2940058,-0.33415475,-0.013781788,0.27803597,0.7941593,-0.10881778,-0.22107072,0.49289775,-0.41461015,Money
-0.18828353,-0.07711771,0.6126626,0.20715936,0.12986736,-0.81820244,0.40597242,-0.9796934,-0.23549177,-0.38713428,-0.790877,-0.11179432,-0.1941188,-0.8602011,0.01618888,1.0757623,-0.30512324,0.15219285,-0.15707517,0.12788355,0.07810681,0.59112424,0.048097875,-0.25354192,0.66873276,-0.2447104,1.1276284,0.4654721,0.33942235,-0.01637471,-0.83762807,0.18761413,0.48220256,0.1592094,-1.6411806,-0.2969717,0.67110926,-0.22918247,0.9254531,-0.2579181,-0.34845078,-0.31489775,0.5101142,0.4991131,-0.013791322,0.21822187,0.6312779,0.022086073,-0.13035972,0.016153961,0.45603916,0.789513,-0.4308754,-0.16447683,0.41919938,-0.6125318,Megapolitan
-0.16180305,-0.054298952,0.6433586,0.16928704,0.18078521,-0.8850075,0.31221592,-0.88604397,-0.18032685,-0.41541827,-0.77659863,-0.15586811,-0.1636298,-0.87174463,0.02201751,0.9928179,-0.33593124,0.071350366,-0.18327723,0.16228442,0.0413202,0.58168846,0.01817737,-0.24481948,0.6653058,-0.2272466,1.085953,0.39957938,0.36578587,-0.01015487,-0.81685466,0.16607212,0.3866013,0.17411838,-1.5761969,-0.25848824,0.6499322,-0.19654001,0.9005541,-0.20468536,-0.36239016,-0.3120709,0.49305308,0.43974814,-0.07768149,0.21782528,0.6066761,0.037950728,-0.17171624,-0.0005942229,0.38933048,0.79601294,-0.44658992,-0.23238072,0.47149843,-0.5794617,Megapolitan
-0.16678692,-0.061143808,0.61379784,0.19052619,0.1547838,-0.8072905,0.32034594,-0.93986124,-0.23697893,-0.42620474,-0.67893046,-0.14508653,-0.1474418,-0.8500449,-0.01943813,1.01544,-0.31508726,0.12986413,-0.120912805,0.12753074,0.033453193,0.5225643,0.08674747,-0.27468425,0.66352385,-0.23020047,1.0959215,0.43788874,0.32772663,-0.007115157,-0.82883525,0.19296171,0.4383392,0.20393565,-1.557375,-0.2861036,0.61561143,-0.21526831,0.8926555,-0.1910679,-0.356801,-0.30006614,0.499609,0.44266388,0.013554001,0.19831556,0.6300857,0.038073115,-0.13066854,0.069635116,0.4125499,0.75492364,-0.44099745,-0.19012918,0.4807589,-0.60867476,Megapolitan
-0.1597046,-0.040564768,0.6145278,0.15790156,0.15311332,-0.8266152,0.31542537,-0.8970416,-0.19889471,-0.42175466,-0.72830355,-0.1321137,-0.15458235,-0.83783144,-0.013404274,0.99849534,-0.315735,0.08491511,-0.15949826,0.13835798,0.025505383,0.51813656,0.049042724,-0.24940845,0.6113639,-0.23554803,1.0777321,0.36234412,0.32021204,-0.011257309,-0.7591503,0.18581836,0.3997524,0.17737462,-1.5226808,-0.28262207,0.60063255,-0.1887208,0.867047,-0.16567406,-0.34214383,-0.28961864,0.48039854,0.4259127,-0.0063817576,0.18670498,0.6238903,0.01674274,-0.13624321,0.0063034054,0.42072788,0.7713374,-0.41978583,-0.21532422,0.4506173,-0.566695,Megapolitan
-0.17424779,-0.050866164,0.60912764,0.17176352,0.1165621,-0.8168363,0.3810146,-0.9241761,-0.19959368,-0.38504753,-0.7810143,-0.11660967,-0.18925117,-0.8375939,0.010950534,1.0372858,-0.30850017,0.10681225,-0.18095012,0.13607416,0.041994404,0.5476329,0.03761988,-0.23905963,0.6185238,-0.24125756,1.102909,0.37014115,0.32732874,-0.031266056,-0.76538795,0.18533103,0.4378252,0.15113194,-1.5712733,-0.30048516,0.6286674,-0.18891485,0.89119005,-0.21860763,-0.3289378,-0.28585324,0.4771669,0.46365064,-0.020318132,0.1969697,0.6242951,-0.008021786,-0.13363202,-0.021606885,0.4610717,0.80746114,-0.40988702,-0.19512747,0.40731367,-0.5729971,Megapolitan
-0.13821971,-0.053309426,0.69300145,0.16618347,0.23471029,-0.9728619,0.2749236,-0.90389645,-0.17952184,-0.43690816,-0.6462049,-0.2237617,-0.13272768,-0.9386139,0.0026588566,0.9958555,-0.36812162,0.07216327,-0.1582145,0.18164064,0.0026243466,0.5646098,0.087367155,-0.27834487,0.7702561,-0.20559281,1.1474012,0.47300038,0.43266532,-0.017949183,-0.9009939,0.14203914,0.39922166,0.25738123,-1.6265193,-0.26459393,0.64149684,-0.22391705,0.9568305,-0.21849121,-0.39845413,-0.31955835,0.53707224,0.42203063,-0.06443564,0.22342268,0.6448796,0.05411492,-0.18672258,0.08264848,0.370624,0.77503425,-0.5681541,-0.28591222,0.5926,-0.63955355,Megapolitan
-0.16518657,-0.053295266,0.59750813,0.17147535,0.12565914,-0.8226428,0.36016473,-0.89436996,-0.19318843,-0.38123462,-0.75834763,-0.11200253,-0.17723686,-0.8288294,0.011515239,1.006248,-0.30756053,0.09632662,-0.17436478,0.14153858,0.04184152,0.5443756,0.046361882,-0.22969805,0.6199788,-0.21873629,1.0715599,0.37965402,0.32255343,-0.02553715,-0.75712454,0.17560863,0.41904172,0.16166352,-1.5380757,-0.28056708,0.60800076,-0.20048118,0.8706469,-0.20172143,-0.33200616,-0.28295425,0.47599894,0.44226238,-0.031284653,0.19192646,0.61295205,0.0058678556,-0.14490226,-0.02383557,0.4494145,0.7709137,-0.42413065,-0.20079948,0.41019368,-0.5586926,Megapolitan
-0.16032803,-0.05331784,0.6345191,0.1737371,0.18285583,-0.8789523,0.32766375,-0.91133815,-0.19986323,-0.4096547,-0.7370298,-0.14254288,-0.15379885,-0.8780395,0.012169739,1.0151199,-0.31946918,0.10381842,-0.15806195,0.15657485,0.046088837,0.5634526,0.056561653,-0.24741286,0.6753324,-0.22613956,1.1022695,0.45146987,0.36407024,-0.0051162685,-0.8178942,0.17412463,0.4194059,0.19543193,-1.5794427,-0.26615667,0.6242155,-0.22742137,0.89719886,-0.20876266,-0.3642098,-0.31250024,0.5162827,0.4450676,-0.029052537,0.21669696,0.63639444,0.042179216,-0.15275073,0.0156013975,0.4096373,0.75141263,-0.47576332,-0.21653172,0.47575092,-0.5877267,Megapolitan
-0.17089024,-0.17344438,0.55671316,0.43642718,0.11447969,-1.1459324,0.20337938,-0.7236984,-0.30486894,-0.45985463,-1.122423,0.14511733,-0.10147585,-1.1131816,0.19397011,0.9901455,-0.53319806,0.12672918,-0.23555481,0.4111563,0.33435798,1.0824087,0.0029838085,0.062097482,0.7943047,0.1704296,0.7113284,0.94096464,0.16725242,0.033922177,-1.0039175,0.06674067,0.18668368,0.32107267,-1.5546944,-0.15920074,0.6666579,-0.69947726,0.8713041,-0.09823249,-0.5362842,-0.48542672,0.632859,0.43993717,-0.42982772,0.398256,0.5182164,0.329952,-0.46126106,-0.19608371,0.40315697,0.68528473,-0.54536927,-0.06739316,0.32666224,-0.5645119,Regional
-0.18213354,-0.283229,0.5598235,0.38249934,0.25097662,-0.7978121,0.22720024,-0.9176199,-0.41518086,-0.57223105,-1.0367439,0.016413847,-0.0421242,-0.89156616,-0.029281942,1.083407,-0.4187682,0.08868941,-0.033880323,0.15183228,0.23730518,0.88184214,-0.069971666,-0.16812654,0.66720784,-0.11136471,0.7925515,0.7064251,0.08520846,0.11253364,-1.0247787,0.1424954,0.24562167,0.073429614,-1.6241153,-0.096946046,0.81264037,-0.4920669,0.9394346,-0.059979368,-0.54419965,-0.4974037,0.6486262,0.5107062,-0.16238184,0.33549643,0.53387904,0.3310804,-0.28804734,0.040590238,0.30803517,0.66292614,-0.18598533,-0.0312756,0.39771497,-0.53789085,Regional
-0.21314529,-0.16258249,0.57312316,0.27354896,0.11049904,-0.7704531,0.39646122,-0.99388707,-0.29120767,-0.41977146,-1.0246292,-0.03313775,-0.16071497,-0.86637855,0.014049252,1.1369077,-0.33559248,0.10271089,-0.17481747,0.10434424,0.13579632,0.7106066,-0.020137157,-0.19274622,0.6175326,-0.2373668,1.002753,0.4896418,0.20778441,0.008670341,-0.89597756,0.19667087,0.41594595,0.072462246,-1.6834165,-0.25869972,0.74247885,-0.3107534,0.92105234,-0.19998392,-0.40420178,-0.3515331,0.5416793,0.54366106,-0.07852769,0.2670104,0.6099081,0.10750017,-0.22584793,-0.056702793,0.47005242,0.82293093,-0.26529348,-0.113904156,0.3382192,-0.49949574,Regional
-0.09384825,-0.026978856,0.5325895,0.09642099,0.15182525,-0.80623525,0.21385176,-0.66147095,-0.081583254,-0.3408913,-0.6497751,-0.13928922,-0.096897334,-0.7220008,0.037750795,0.81664455,-0.29899594,-0.033025667,-0.20935659,0.17146988,-0.019025337,0.43459162,0.04254663,-0.16319065,0.57732725,-0.18333425,0.9151917,0.2854162,0.32968822,-0.011289866,-0.6226548,0.12037013,0.26867923,0.17399895,-1.2727746,-0.18702587,0.47360554,-0.18223497,0.7249076,-0.14725307,-0.32030496,-0.22874728,0.39927685,0.3098522,-0.0938628,0.1757804,0.5513726,0.035651725,-0.20188498,-0.06805308,0.34796986,0.6611989,-0.42269143,-0.27127886,0.40018517,-0.3821283,Regional
-0.1079671,-0.06586407,0.5880862,0.12838846,0.2291746,-0.9393839,0.13822356,-0.65389127,-0.10302023,-0.4485144,-0.75326395,-0.111245595,-0.054434754,-0.81701154,0.005396812,0.8365859,-0.36310413,-0.082955,-0.19150825,0.22442664,0.018697582,0.55462086,0.0068066237,-0.123238206,0.5839585,-0.13571393,0.87155396,0.3517654,0.27569705,0.021740906,-0.6704217,0.11255855,0.19761293,0.19317305,-1.3284494,-0.14285047,0.5237555,-0.25008106,0.7509274,-0.05793721,-0.38109425,-0.31234705,0.47803554,0.31636187,-0.1593692,0.20025542,0.54570854,0.11842611,-0.2647679,-0.084409975,0.32499945,0.6566334,-0.42891136,-0.29513836,0.46871445,-0.39810959,Regional
-0.066809334,-0.052071106,0.5919491,0.052744024,0.19202797,-1.0086986,0.23622262,-0.6383483,-0.0108486395,-0.33722317,-0.69063133,-0.16612895,-0.10187654,-0.8029511,0.076322295,0.87364334,-0.3306996,-0.086170636,-0.29267985,0.2277138,-0.018216874,0.49967906,0.06346146,-0.10681192,0.67704725,-0.15481964,0.9784128,0.3544149,0.43247014,-0.039693747,-0.6624807,0.0735512,0.25823888,0.22357525,-1.383162,-0.1773194,0.5128366,-0.21094245,0.76252663,-0.19928853,-0.372484,-0.24241959,0.43961605,0.31970617,-0.17135514,0.21568085,0.5943608,0.045457132,-0.27177262,-0.09789399,0.37068182,0.65947866,-0.54341686,-0.35908562,0.47427332,-0.3845293,Regional
-0.115435824,-0.070506945,0.5729783,0.13249621,0.24510431,-0.91527265,0.14033616,-0.63933057,-0.098542206,-0.4480275,-0.7553591,-0.09205127,-0.055645138,-0.8148173,-0.0057031787,0.8164486,-0.3536543,-0.06993843,-0.18260248,0.20167339,0.047009222,0.5819638,0.00025018046,-0.11256042,0.5768572,-0.12239927,0.80996656,0.3981405,0.2655832,0.052855365,-0.6710392,0.11547469,0.20780712,0.19055673,-1.3048377,-0.1247798,0.5284912,-0.29112843,0.7362908,-0.049487196,-0.3851753,-0.31074417,0.48777166,0.31468573,-0.12835827,0.1971952,0.5410967,0.12497663,-0.24777983,-0.08994101,0.2904751,0.6019624,-0.41751102,-0.2632531,0.44733298,-0.39006904,Regional
-0.1111086,-0.05787322,0.57470745,0.1323674,0.2286852,-0.8885225,0.13531192,-0.6763648,-0.11736452,-0.44830367,-0.72932404,-0.124000646,-0.06199103,-0.7899248,-0.009709776,0.80831647,-0.34898698,-0.066387996,-0.17638257,0.19562,0.012912761,0.52262163,0.015056389,-0.15672572,0.5551116,-0.1541684,0.869063,0.32404914,0.26352254,0.023314953,-0.67276025,0.12984028,0.21491802,0.18412608,-1.3064446,-0.15185952,0.51940465,-0.22787732,0.73906803,-0.056514014,-0.3768167,-0.29639608,0.4575475,0.3088326,-0.12669449,0.18429154,0.53713965,0.09806454,-0.23354588,-0.060043663,0.30955228,0.66241276,-0.40753594,-0.28071076,0.46510142,-0.40724295,Regional
-0.090184234,-0.062222086,0.5142766,0.101801425,0.20396124,-0.82121897,0.11258867,-0.6012521,-0.09580265,-0.40736097,-0.6280298,-0.1287024,-0.046404112,-0.7201745,-0.006604026,0.7313822,-0.31351995,-0.06544299,-0.16063811,0.17822556,0.0011353435,0.45744008,0.033921156,-0.13880187,0.517249,-0.13954823,0.7940742,0.29412806,0.25623986,0.0074483817,-0.6068759,0.10580492,0.19316706,0.18904555,-1.179316,-0.14434777,0.46722633,-0.19637342,0.66807145,-0.05150914,-0.34695387,-0.2659243,0.40890795,0.27214515,-0.11582139,0.1625161,0.4927996,0.09078998,-0.21747327,-0.025480801,0.27388728,0.5882971,-0.38374317,-0.27308732,0.4440133,-0.3751414,Regional
-0.07655407,-0.026043285,0.59200406,0.07357917,0.19530603,-0.9480161,0.17361818,-0.6285677,-0.033054348,-0.38970438,-0.67527133,-0.15465766,-0.098017395,-0.8104239,0.03863988,0.8074147,-0.3477533,-0.087348156,-0.25286537,0.2291588,-0.035261244,0.4670868,0.04543038,-0.14896056,0.6230527,-0.14029254,0.93619734,0.28422675,0.380493,-0.016462907,-0.6479939,0.09939907,0.21722163,0.21511543,-1.3178835,-0.16606256,0.47446713,-0.18634759,0.7473571,-0.106426194,-0.34649062,-0.23937467,0.42312828,0.27670038,-0.14535789,0.1851582,0.56806195,0.023694178,-0.24979721,-0.107710406,0.3591808,0.67826843,-0.5032028,-0.34030917,0.48261327,-0.39988935,Regional
-0.10739576,-0.09965326,0.54858935,0.16445006,0.23135225,-0.807858,0.063599505,-0.65742713,-0.20085263,-0.5215123,-0.6863448,-0.111968465,-0.02666035,-0.7502242,-0.0651594,0.77970374,-0.3809098,-0.07960842,-0.09757812,0.18357763,-0.004348575,0.52369505,-0.0024972155,-0.18439901,0.50466365,-0.1190374,0.7895146,0.27844664,0.18594643,0.018381553,-0.67420685,0.12942237,0.13983633,0.17532897,-1.218679,-0.14948195,0.51845956,-0.21810791,0.7289362,0.03261251,-0.39837465,-0.3253073,0.4499176,0.28834262,-0.1360914,0.16908588,0.47403002,0.15420946,-0.24283285,0.009887832,0.26269755,0.6585749,-0.2903562,-0.24522936,0.47977698,-0.43831006,Regional
-0.12675707,-0.08244999,0.61700714,0.13842428,0.25521886,-1.0062678,0.10401367,-0.6400763,-0.106059045,-0.5228197,-0.77092457,-0.10127989,-0.052501746,-0.8772166,-0.008314253,0.83040076,-0.4019476,-0.08956263,-0.1660896,0.25320664,0.017835153,0.6012331,0.009188753,-0.122553326,0.6032611,-0.0725961,0.8884775,0.3455254,0.2934048,0.02478194,-0.65311444,0.1171459,0.16875553,0.25015914,-1.3409421,-0.13662551,0.53256565,-0.27150428,0.7838575,-0.010633261,-0.4217018,-0.33982506,0.49864793,0.30882198,-0.18704113,0.1832807,0.5387921,0.11767629,-0.27560675,-0.07953748,0.32590052,0.66494167,-0.46510673,-0.29575175,0.50697744,-0.4932084,Regional
-0.15375032,-0.13446285,0.6039679,0.19246799,0.23734957,-0.9121236,0.14164354,-0.7207089,-0.17080678,-0.5411655,-0.87804997,-0.07187653,-0.065281294,-0.836688,-0.037422903,0.9085581,-0.40744436,-0.07853219,-0.152141,0.19630751,0.049792487,0.6396475,-0.0394012,-0.14080352,0.5571866,-0.12137641,0.8548747,0.33942917,0.20934664,0.032370105,-0.71004456,0.14725552,0.17084396,0.15949331,-1.4157106,-0.13055703,0.6100329,-0.26859292,0.8130565,0.0032474166,-0.41931462,-0.35590985,0.51067126,0.37578937,-0.18346612,0.20108157,0.5184182,0.13868287,-0.28647542,-0.06880117,0.34579468,0.7194536,-0.31436777,-0.26021037,0.4524373,-0.45617864,Regional
-0.10071165,-0.08166614,0.6298075,0.06725606,0.25402957,-1.0319707,0.094999745,-0.5848312,-0.04106098,-0.49266976,-0.73577386,-0.15424253,-0.036993787,-0.80966336,0.0068554506,0.8405098,-0.3933198,-0.17060088,-0.2188399,0.24798185,-0.053962603,0.53252125,0.026566276,-0.091191314,0.5743411,-0.10565518,0.90622556,0.24629387,0.34104365,-0.03898398,-0.5940469,0.09193291,0.13355653,0.24069752,-1.282326,-0.16653766,0.5152377,-0.1911533,0.7574848,-0.023325112,-0.42920813,-0.2857282,0.44893858,0.30343696,-0.19813086,0.18275751,0.5530103,0.10410044,-0.30888715,-0.09357387,0.31681955,0.7015397,-0.42989174,-0.38092917,0.5198427,-0.41244838,Megapolitan
-0.13643052,-0.17535305,0.5378186,0.21257293,0.20974846,-0.8703658,0.20774893,-0.6790407,-0.15985861,-0.40867558,-0.8452959,-0.040266324,-0.055675715,-0.79231477,0.030148728,0.8791909,-0.35698575,-0.021173917,-0.17151205,0.18859458,0.123411074,0.6821552,-0.046728555,-0.08505721,0.60354656,-0.101558834,0.77423364,0.48732537,0.2156046,0.03406281,-0.74902636,0.07394977,0.21853682,0.11895296,-1.3983564,-0.10990044,0.62978804,-0.34017986,0.79593587,-0.12085254,-0.41943884,-0.36661905,0.51305646,0.39901116,-0.21139069,0.2582489,0.47514442,0.17531957,-0.28705192,-0.06911963,0.33590093,0.6161324,-0.3400302,-0.1915259,0.3672225,-0.40342665,Regional
-0.2247125,-0.30464983,0.6354236,0.44616824,0.31402445,-0.89297813,0.2772206,-1.0494192,-0.45067337,-0.6524032,-1.1267415,0.05336348,-0.032588825,-1.0203393,-0.059288878,1.2189748,-0.45191285,0.14847396,0.007554272,0.13896184,0.28414014,0.9877122,-0.07417837,-0.23014939,0.7657614,-0.13137783,0.8964247,0.8372368,0.08420163,0.19711316,-1.1335485,0.18273436,0.32363504,0.095207915,-1.8600624,-0.066702455,0.91168797,-0.6060699,1.0771718,-0.039375048,-0.6099486,-0.57235587,0.79596215,0.568531,-0.11669033,0.3647353,0.6182186,0.3656515,-0.26899466,0.05665012,0.37494755,0.69311595,-0.25977415,-0.010265484,0.4474537,-0.6465337,Money
0.038572185,0.3169539,1.4449399,-0.33228624,0.43068403,-1.634284,-0.5365392,-0.6335882,0.06758753,-1.3355066,-0.5259173,-0.90402526,0.109312095,-1.0778219,-0.4250459,1.057556,-1.0002692,-1.0872836,-0.46832976,0.41388893,-1.2131267,-0.14903261,0.22871257,-0.53135383,0.42267364,-0.08035589,1.6424767,-1.4175155,0.45328546,-0.39974928,-0.69465005,0.30131233,-0.58575857,0.56115174,-1.399251,-0.50950545,0.31538364,0.65874726,1.1664834,0.8168389,-0.50930077,0.0015064486,0.37466973,-0.14943497,-0.21933518,-0.08377403,0.97246885,-0.2829118,-0.6623381,-0.066300236,0.43472686,1.9362704,-0.36925375,-1.3808184,1.4783319,-0.388025,Bola
-0.047982424,0.13506083,0.9005085,-0.12128423,0.2833428,-1.0760051,-0.24877296,-0.5012431,-0.0063504293,-0.81743145,-0.50516045,-0.49798396,-0.0065245405,-0.78649557,-0.21162775,0.7436488,-0.59824705,-0.56743735,-0.24833636,0.27208722,-0.59569156,0.089258865,0.09094453,-0.34341305,0.32354707,-0.09892501,1.1052467,-0.682036,0.32627076,-0.2303382,-0.4899184,0.19588184,-0.23905696,0.31467053,-1.0328069,-0.30929974,0.29405564,0.29823232,0.7734601,0.3873205,-0.35887426,-0.08456784,0.28574708,0.017341327,-0.15618221,-0.011140821,0.62325144,-0.123160034,-0.37490082,-0.059567537,0.29075176,1.1910284,-0.26658484,-0.7872095,0.85922,-0.37414637,Bola
-0.0987344,0.19702394,1.2213831,-0.14754313,0.36504033,-1.4349107,-0.36521092,-0.61136794,-0.0058201463,-1.1163154,-0.6942652,-0.67400646,-0.011529263,-1.0366532,-0.28671426,0.9595567,-0.82204425,-0.8215003,-0.34006348,0.39256075,-0.85146964,0.12768878,0.09937919,-0.46436712,0.3862279,-0.049367372,1.4582402,-1.0306618,0.40425158,-0.35874724,-0.61968595,0.27707356,-0.37581754,0.39725748,-1.2792951,-0.4243028,0.38903046,0.4304245,1.0078075,0.55720043,-0.4746018,-0.09887633,0.35279596,-0.007499585,-0.27032164,-0.011409376,0.79087573,-0.1875845,-0.54938906,-0.13595088,0.3866541,1.6522998,-0.2867545,-1.0667108,1.1180589,-0.51244944,Bola
-0.10089006,-0.003208122,0.9034053,0.018368743,0.22676471,-1.0734115,-0.082748726,-0.7179974,-0.112174764,-0.772059,-0.68478686,-0.44100997,-0.053502865,-0.8809942,-0.1842262,0.9269562,-0.6205021,-0.44449925,-0.23572463,0.23826794,-0.49035543,0.3028738,0.05730323,-0.3368609,0.46498305,-0.12595862,1.1551853,-0.46220854,0.30969205,-0.25337917,-0.74249154,0.17985451,-0.079639055,0.22293118,-1.3513882,-0.32793427,0.47885856,0.1964499,0.92718035,0.22803776,-0.3948619,-0.16758347,0.3480939,0.18127932,-0.21484138,0.1022556,0.6437703,-0.06828561,-0.42787662,-0.03287438,0.394163,1.2866048,-0.24143532,-0.6844514,0.80319405,-0.4350601,Bola
-0.07824796,-0.063246004,0.68144387,0.017516332,0.15027162,-0.7995673,-0.037189208,-0.54531205,-0.107713014,-0.5725937,-0.7152376,-0.34265345,-0.044711865,-0.62923884,-0.08719097,0.80636793,-0.50145555,-0.43927562,-0.2673691,0.16902596,-0.3685843,0.30013645,-0.03492201,-0.22344151,0.3115515,-0.12866639,0.876509,-0.42685854,0.20885764,-0.2749553,-0.62362516,0.10018298,-0.1376647,0.04790375,-1.0685779,-0.28148466,0.46960658,0.19173513,0.7342071,0.13056388,-0.34123796,-0.15393592,0.24015659,0.20638165,-0.27963352,0.13214037,0.45568925,0.0045373347,-0.42541048,-0.08443031,0.31061682,1.1033063,-0.009803181,-0.55379593,0.5536379,-0.21925765,Bola
-0.056859322,0.17480543,1.0760361,-0.19052842,0.31782076,-1.2201645,-0.3151821,-0.47389588,0.07002038,-0.95566565,-0.4489724,-0.66695297,-0.02981042,-0.85978544,-0.2938597,0.72373563,-0.7370178,-0.77640504,-0.3131267,0.29085556,-0.8485337,-0.0063475156,0.13052367,-0.40594402,0.30599385,-0.0054162084,1.2093953,-1.049364,0.38973722,-0.33776483,-0.52523214,0.20363034,-0.35503876,0.3549983,-1.0532012,-0.36180276,0.30478847,0.4885394,0.87717384,0.53296435,-0.3720733,-0.00224989,0.2581344,-0.04676309,-0.22847864,-0.05358725,0.64347196,-0.26567885,-0.48076317,-0.06382132,0.34549102,1.4588065,-0.27721396,-0.99591315,1.0428885,-0.41857854,Bola
-0.028988792,0.21124604,1.0897214,-0.17383556,0.3267815,-1.2322521,-0.34392524,-0.5152625,0.037482943,-1.0037184,-0.4610698,-0.6272488,0.027938833,-0.8680514,-0.30001834,0.7736711,-0.7492041,-0.7572351,-0.32469437,0.30377612,-0.84696615,0.011046101,0.14528817,-0.41552654,0.34728602,0.009460932,1.194079,-0.9796266,0.3515028,-0.2883602,-0.5736805,0.2407212,-0.36454117,0.3952382,-1.1086078,-0.35607377,0.3059645,0.42129993,0.9028551,0.58032733,-0.38960183,-0.028905265,0.30837438,-0.061818816,-0.1929796,-0.044925127,0.67780626,-0.22944474,-0.48636487,-0.06533306,0.35213614,1.4402515,-0.30328208,-0.97076935,1.0599127,-0.39085642,Bola
-0.079745136,0.06728225,0.8509394,-0.048668094,0.25678566,-1.0942051,-0.09320242,-0.4783805,0.049716525,-0.68647796,-0.609034,-0.3769546,-0.074063495,-0.83851177,-0.13770893,0.72157425,-0.5518546,-0.45907226,-0.25724128,0.27275363,-0.44995153,0.27685013,0.041431494,-0.22587663,0.3844861,-0.041438945,1.0160956,-0.45096603,0.3490916,-0.18989377,-0.49674332,0.13951585,-0.12158344,0.261824,-1.1138833,-0.23837863,0.3612347,0.15015039,0.7852031,0.2510202,-0.34524265,-0.1266341,0.3294934,0.10695457,-0.2248304,0.04331671,0.5768675,-0.12109382,-0.37915868,-0.14750703,0.35259613,1.0971195,-0.35268453,-0.6744657,0.71653795,-0.4070663,Bola
-0.10082609,0.11085733,1.1734858,-0.08147174,0.33506057,-1.3030921,-0.2841565,-0.71072525,-0.08381923,-1.112707,-0.7895459,-0.6512537,-0.029023178,-0.95897144,-0.29091746,1.0176152,-0.8381809,-0.83879226,-0.3466983,0.31075227,-0.8400646,0.18764548,0.06737043,-0.46813732,0.37069625,-0.047826897,1.3559984,-1.0278579,0.3429858,-0.36575118,-0.75252926,0.24750537,-0.34398255,0.286821,-1.3800434,-0.39950758,0.5236075,0.413589,1.0803406,0.51246923,-0.46730354,-0.1158797,0.36354026,0.08828595,-0.32029772,0.027147666,0.71129733,-0.17521489,-0.5723931,-0.101835266,0.4209049,1.687122,-0.16175787,-1.0072293,1.0736502,-0.43813854,Bola
-0.14553516,0.10121996,0.8271455,0.081187814,0.19687982,-0.933054,-0.093970105,-0.6516531,-0.09413909,-0.77167153,-0.7032234,-0.38687637,-0.15262507,-0.7941602,-0.13132027,0.7707495,-0.54883826,-0.42764118,-0.16806774,0.25298595,-0.50883543,0.27435753,0.016067017,-0.43723384,0.33677247,-0.14032938,1.1904387,-0.6496583,0.3737922,-0.3132826,-0.55205595,0.2397634,-0.015704677,0.1713966,-1.1315423,-0.3234007,0.43516934,0.17378011,0.8538776,0.19174081,-0.28754357,-0.14416625,0.29062653,0.10925046,-0.2273541,0.018644623,0.54901713,-0.12548648,-0.28300133,-0.13220388,0.40118247,1.3117564,-0.19068196,-0.6437043,0.65593946,-0.5361334,Bola
0.004062985,0.24128371,1.222207,-0.21989278,0.3442818,-1.4446862,-0.42904976,-0.6324012,-0.008311737,-1.1648954,-0.633744,-0.7187243,0.06131274,-0.9822749,-0.29256815,1.0110865,-0.85818714,-0.8968724,-0.38814825,0.3983453,-0.9482123,0.001970469,0.15418617,-0.463617,0.40211442,-0.117814,1.4906801,-1.1125205,0.4026436,-0.34642848,-0.6309869,0.27431345,-0.43419757,0.44791454,-1.2822396,-0.45045254,0.31917626,0.48243517,1.0196098,0.61641467,-0.47148854,-0.059032608,0.3406644,-0.07193009,-0.22212568,-0.03312155,0.88108987,-0.17596799,-0.5634545,-0.108933024,0.38350815,1.6933154,-0.30283353,-1.1411353,1.2020068,-0.38278863,Bola
-0.048162177,0.18211012,1.0829293,-0.24612099,0.32360542,-1.2690511,-0.30258632,-0.40811548,0.13277923,-0.886644,-0.4654019,-0.6682556,-0.0367054,-0.8789041,-0.27139053,0.6937497,-0.7172892,-0.75865436,-0.33502808,0.2993792,-0.8361884,-0.0070977937,0.10965019,-0.3480418,0.27985874,-0.062153414,1.2162812,-1.0514487,0.41603485,-0.34739935,-0.46080983,0.16185752,-0.36063924,0.3388205,-1.0441462,-0.36128578,0.25239727,0.5033042,0.8439726,0.4845888,-0.34937543,-0.009889593,0.23920098,-0.034600276,-0.21848905,-0.056989867,0.6623984,-0.26404342,-0.48028854,-0.10282173,0.33605364,1.4401696,-0.30710128,-1.024481,1.0200938,-0.37873378,Bola
-0.058931343,0.09182872,0.93641067,-0.15992312,0.26448962,-1.1391976,-0.21458702,-0.46203923,0.07017256,-0.77419627,-0.45026574,-0.5568815,-0.025711143,-0.82408345,-0.23214659,0.69578207,-0.6289431,-0.5912899,-0.27939674,0.25449747,-0.650141,0.08558847,0.11497026,-0.3048387,0.35595676,-0.043847833,1.0817044,-0.7330044,0.36131704,-0.26846662,-0.5268361,0.13701494,-0.23792495,0.30627918,-1.0784843,-0.30002138,0.30398592,0.3667357,0.81555444,0.37174383,-0.3429904,-0.056416057,0.26691598,0.025193261,-0.1968827,-0.0037665472,0.59408617,-0.18619521,-0.436746,-0.043046538,0.32573053,1.2274643,-0.31522447,-0.83627194,0.9110689,-0.38074386,Bola
-0.04950708,0.2558459,1.2139804,-0.16380821,0.36545455,-1.4751965,-0.4211033,-0.6220644,-0.026185393,-1.1648414,-0.7234516,-0.6371496,0.04570474,-1.0233829,-0.24605282,1.0153028,-0.8313684,-0.85961264,-0.3881821,0.4395213,-0.8677255,0.093008675,0.12147436,-0.4661164,0.43338692,-0.09441957,1.4827427,-0.9949755,0.3961317,-0.31073764,-0.5954326,0.29685566,-0.3934719,0.46697837,-1.2833153,-0.4241082,0.3490495,0.36107445,0.9900374,0.6105681,-0.4991942,-0.1015093,0.39043272,-0.046780344,-0.24153289,-0.01498857,0.8695355,-0.14573935,-0.5337539,-0.16516632,0.37729982,1.6309992,-0.3326651,-1.0832456,1.1323035,-0.44713256,Bola
-0.053278897,0.09525332,0.88683677,-0.12860367,0.2739301,-1.1084073,-0.1659426,-0.43521747,0.08375364,-0.71825254,-0.44229254,-0.4949338,-0.047814164,-0.82271457,-0.19507939,0.6541547,-0.57715034,-0.52521795,-0.26433986,0.25429025,-0.5638207,0.13094825,0.0981224,-0.26772147,0.36233637,-0.037591845,1.0289932,-0.5978153,0.3714728,-0.21803007,-0.49560767,0.13105059,-0.19164962,0.31043616,-1.0431607,-0.26747456,0.29878244,0.2806902,0.76710284,0.3258825,-0.33460593,-0.062640466,0.282599,0.038556192,-0.1903509,0.0024760335,0.586718,-0.17640196,-0.39124018,-0.069229595,0.3116158,1.1226923,-0.37649396,-0.7711732,0.8328404,-0.39056882,Bola
-0.07143304,0.11180164,0.9449176,-0.1622744,0.26916465,-1.1387057,-0.17416611,-0.42869744,0.10292198,-0.7671588,-0.5812144,-0.5181523,-0.06148968,-0.80719626,-0.19214167,0.71803147,-0.6287242,-0.6351471,-0.3412192,0.2637846,-0.6367897,0.1319565,0.05483828,-0.25438404,0.285896,-0.053226832,1.0766865,-0.78349435,0.36283156,-0.2882427,-0.45705882,0.14167158,-0.2604811,0.26084083,-1.0488869,-0.3106188,0.3166338,0.36756974,0.78949875,0.377328,-0.352608,-0.040452324,0.25434262,0.056963604,-0.23005433,-0.0005888269,0.6018075,-0.19881636,-0.45124498,-0.15985912,0.35221723,1.2805358,-0.25557962,-0.84178954,0.8228239,-0.3230612,Bola
-0.083143875,0.07488969,0.8499174,-0.10338245,0.23185936,-1.0401223,-0.13699292,-0.4061905,0.07151268,-0.69457775,-0.58624643,-0.4531271,-0.07730765,-0.7571516,-0.15108903,0.6677178,-0.57780755,-0.56726974,-0.30269197,0.24984238,-0.5452987,0.17318213,0.031351052,-0.23238929,0.2659667,-0.02892068,0.9689332,-0.68566227,0.32486078,-0.27240333,-0.4436501,0.12701127,-0.23068665,0.2115722,-0.9745303,-0.28097135,0.32083166,0.2981662,0.73247015,0.31440192,-0.32999018,-0.06003431,0.23961872,0.07898602,-0.24572462,0.015235676,0.52911896,-0.17114167,-0.41892713,-0.15149173,0.33071205,1.1752001,-0.22117288,-0.7407537,0.7163182,-0.32396874,Bola
0.0065891366,0.25415638,1.2534397,-0.23566735,0.3693083,-1.4653914,-0.4443645,-0.5689353,0.043459866,-1.1622586,-0.5107588,-0.75222534,0.05554221,-0.98796016,-0.3182192,0.9326999,-0.8530921,-0.92387754,-0.3832333,0.40580785,-0.9939063,-0.049395435,0.18218063,-0.48650196,0.41703832,-0.04213696,1.4599984,-1.1631818,0.4313318,-0.36038107,-0.6090899,0.2570083,-0.44778097,0.48710948,-1.235429,-0.42398247,0.29846102,0.5144361,0.99952215,0.65351665,-0.46338323,-0.024653753,0.32912853,-0.10707905,-0.23759143,-0.049392633,0.84229934,-0.22778599,-0.56862813,-0.0730691,0.3846939,1.665603,-0.35072497,-1.1764549,1.2426412,-0.42866546,Bola
0.009929629,0.23642609,1.3316171,-0.2456548,0.3903928,-1.4824544,-0.4596254,-0.6725963,-0.041508026,-1.274785,-0.6387731,-0.7954754,0.09161364,-0.9991057,-0.39033595,1.1003548,-0.94166386,-1.0032233,-0.4264948,0.3793694,-1.0701311,-0.025069742,0.17763215,-0.50895894,0.3978075,-0.08157083,1.5113096,-1.2503283,0.36583704,-0.38488102,-0.73672473,0.30240756,-0.5206588,0.43745106,-1.3823402,-0.4648956,0.40280962,0.5524552,1.1183851,0.7236854,-0.5108111,-0.054639123,0.36279294,-0.07008048,-0.24315551,-0.0134373745,0.87429035,-0.18658933,-0.65844524,-0.06091538,0.40909111,1.8245502,-0.2080489,-1.2250267,1.3352726,-0.35780278,Bola
-0.07052364,0.116384536,0.8807811,-0.14107528,0.24519454,-1.0292422,-0.19881688,-0.4294351,0.060859617,-0.7419473,-0.50789976,-0.51048046,-0.061983816,-0.7483884,-0.19307901,0.6565477,-0.5869966,-0.59159064,-0.28051507,0.23985301,-0.62982553,0.078141004,0.06495666,-0.3037523,0.26172498,-0.074148685,1.0378047,-0.79135966,0.34854117,-0.28749305,-0.44793403,0.15691847,-0.23194143,0.2451613,-0.9641233,-0.3084477,0.2879236,0.36218333,0.7414976,0.3570193,-0.31387487,-0.040374227,0.22951283,0.031461753,-0.20047443,-0.015089364,0.5554835,-0.19111992,-0.3940294,-0.10631557,0.3188625,1.2260036,-0.21736254,-0.7985481,0.7946755,-0.33737808,Bola
-0.023697784,0.10758529,0.8739493,-0.1793946,0.25798088,-1.0428225,-0.19132958,-0.3985791,0.09426186,-0.7028302,-0.4215447,-0.52217925,-0.02262616,-0.73414326,-0.212201,0.63972914,-0.58731955,-0.5846055,-0.29564267,0.22967556,-0.62924653,0.042821076,0.08763486,-0.25518608,0.28691572,-0.07823859,1.0115194,-0.7416083,0.33668312,-0.26316574,-0.4560519,0.116288826,-0.2539494,0.26858377,-0.9729146,-0.29422075,0.26163146,0.37271184,0.74810714,0.3605983,-0.3092788,-0.036391307,0.23094766,0.018743955,-0.18415616,-0.015998596,0.56371486,-0.18525203,-0.41236806,-0.07662172,0.32103476,1.184311,-0.2674683,-0.8071344,0.8351826,-0.29751593,Bola
-0.0658286,0.12064439,0.93697834,-0.17073573,0.27043465,-1.1288096,-0.23283055,-0.41231337,0.10117884,-0.775612,-0.44318643,-0.5562675,-0.039565176,-0.80377966,-0.23327549,0.6411142,-0.62510175,-0.62170404,-0.27635995,0.2596257,-0.6727677,0.06121557,0.097706385,-0.30614212,0.29720402,-0.030797401,1.0676111,-0.81546885,0.36937052,-0.28098226,-0.45462844,0.14049926,-0.26019648,0.2997554,-0.9954388,-0.3006829,0.27411085,0.3906928,0.7814433,0.39469236,-0.32891914,-0.03627539,0.24427256,0.0035967669,-0.20130315,-0.026685962,0.5747664,-0.21304904,-0.42259264,-0.07839721,0.3219887,1.239281,-0.3005036,-0.8500492,0.8883331,-0.3804824,Bola
0.17179208,0.37484962,1.2647479,-0.32122323,0.34546167,-1.5281677,-0.5701475,-0.653315,-0.023666896,-1.2344476,-0.55503017,-0.76781917,0.1814406,-0.95716083,-0.27592373,1.1590858,-0.8790552,-1.0325968,-0.4838046,0.48824722,-1.0745438,-0.14661881,0.20766649,-0.5352122,0.4784313,-0.28630084,1.7193562,-1.2017738,0.4427681,-0.3707384,-0.6126371,0.3026969,-0.525056,0.54429287,-1.274478,-0.52489567,0.1993208,0.5243878,1.0184516,0.6840371,-0.5047367,-0.047200207,0.32680818,-0.22784992,-0.18822078,-0.03818619,1.0824467,-0.0716385,-0.5807942,-0.14825974,0.4040136,1.8288583,-0.36581245,-1.281615,1.3277957,-0.25679198,Bola
-0.04986252,0.11172008,0.9124697,-0.17544433,0.28333676,-1.0882231,-0.2014379,-0.3975413,0.10731326,-0.7389394,-0.42565286,-0.5368295,-0.034221314,-0.7748262,-0.22612895,0.6246597,-0.60561645,-0.595854,-0.28951532,0.24359632,-0.6512727,0.05962766,0.08905022,-0.2740613,0.29818332,-0.03902821,1.0256159,-0.7657506,0.3513831,-0.2626304,-0.45903277,0.12734471,-0.25195995,0.286059,-0.9867248,-0.2864236,0.27558696,0.37623274,0.76077116,0.38009766,-0.3219166,-0.03791402,0.24400242,0.019950014,-0.19296087,-0.021643117,0.56241566,-0.21341787,-0.41915378,-0.074391454,0.31861338,1.1916559,-0.29476634,-0.8266861,0.8614663,-0.34469563,Bola
-0.042506903,0.20730007,1.2038604,-0.14797011,0.36061156,-1.3729389,-0.39763117,-0.6047316,0.010374319,-1.1216382,-0.5142853,-0.70788586,0.0108054625,-0.9909766,-0.31066796,0.88015026,-0.8191019,-0.8246969,-0.31024408,0.3717232,-0.91095185,0.027348757,0.16254303,-0.5179881,0.42699444,-0.008672762,1.4043196,-1.0600699,0.43038946,-0.35272056,-0.6498486,0.2742352,-0.37025824,0.43972266,-1.2382333,-0.40355423,0.35333157,0.46182856,1.0009193,0.5935884,-0.44111624,-0.049319256,0.3350639,-0.062245723,-0.24482068,-0.034229875,0.7684108,-0.23087282,-0.5227213,-0.03490929,0.38474065,1.6068538,-0.34067804,-1.0841748,1.179304,-0.5125953,Bola
-0.042689364,0.10724902,0.8912123,-0.1497533,0.2677017,-1.0960732,-0.1578574,-0.4519084,0.079681665,-0.7144446,-0.56450814,-0.48668104,-0.042917307,-0.78952265,-0.17271209,0.7269322,-0.60313416,-0.57194877,-0.32466146,0.24830535,-0.59233296,0.12578698,0.053503264,-0.2438495,0.31876305,-0.1194367,1.068061,-0.6968705,0.3620458,-0.2600485,-0.49256033,0.13011569,-0.21704856,0.25770572,-1.0741208,-0.31405842,0.3081938,0.32748544,0.798553,0.3307937,-0.3399224,-0.07479923,0.26640147,0.076610066,-0.20338705,0.012677729,0.6044108,-0.15079623,-0.42808586,-0.12322895,0.35258716,1.2381328,-0.27052343,-0.8025468,0.8109239,-0.2990449,Bola
-0.08209562,0.10529414,0.9843017,-0.15998395,0.28958532,-1.1314545,-0.24347089,-0.41436067,0.0977842,-0.82420677,-0.42443734,-0.61357147,-0.054729752,-0.8147404,-0.26392683,0.6336655,-0.66538805,-0.68601567,-0.27762133,0.25622246,-0.74336195,0.043687984,0.09357004,-0.35029697,0.28087106,0.021045182,1.0661651,-0.9374756,0.36777845,-0.32169184,-0.48814923,0.14918812,-0.30678624,0.28819042,-0.98353237,-0.30949846,0.30081266,0.45189926,0.8032091,0.43865535,-0.33240017,-0.005519622,0.23125373,-0.0059705093,-0.24049056,-0.032542244,0.5476551,-0.26558092,-0.4588378,-0.062787466,0.3218889,1.3188262,-0.25368646,-0.900717,0.928355,-0.40313634,Bola
-0.0389056,0.11800477,1.036154,-0.21413842,0.2880816,-1.2005079,-0.25998744,-0.4315658,0.10678678,-0.8553516,-0.486069,-0.62975836,-0.03234294,-0.83814085,-0.2729606,0.73397946,-0.690276,-0.7185951,-0.3206252,0.27673352,-0.7746948,0.032674138,0.10262012,-0.3103494,0.29762593,-0.045054376,1.1462053,-0.9585338,0.37115636,-0.33631587,-0.5010517,0.15908544,-0.34664592,0.28899157,-1.0728211,-0.33151653,0.29494295,0.48986298,0.84122306,0.44965234,-0.34680778,-0.018756082,0.23253094,-0.0070958687,-0.22625107,-0.026387421,0.63914526,-0.23127024,-0.49724665,-0.08360364,0.34343383,1.3814665,-0.25118378,-0.96150184,0.9726152,-0.3373583,Bola
-0.070773356,0.083669476,0.7747559,-0.06270639,0.22384359,-0.9287253,-0.11341723,-0.4326815,0.03141323,-0.64051366,-0.5468561,-0.39572605,-0.06489575,-0.69980496,-0.13734068,0.64357704,-0.5192027,-0.46285695,-0.2467552,0.21905611,-0.48138386,0.17389984,0.02716466,-0.24504778,0.27539593,-0.09096532,0.9475598,-0.5711367,0.3002134,-0.22688922,-0.45122173,0.13194212,-0.15148191,0.1962736,-0.9538728,-0.26842114,0.30707306,0.23765285,0.70232433,0.26352435,-0.29718885,-0.08991363,0.24844167,0.086250536,-0.19914654,0.021766914,0.508791,-0.1231693,-0.35415328,-0.13153878,0.3178529,1.0949235,-0.21164478,-0.6521153,0.65903205,-0.3198669,Bola
0.10404247,0.29162532,1.162492,-0.282705,0.33168757,-1.4239835,-0.46465307,-0.57822543,0.009171036,-1.0934173,-0.5125841,-0.6904728,0.12860528,-0.91211396,-0.26563242,1.0208063,-0.7936234,-0.8854264,-0.41920623,0.41938308,-0.9246064,-0.0777237,0.18708427,-0.43946606,0.44875336,-0.1978621,1.4958693,-1.0071739,0.40362838,-0.3061361,-0.5679466,0.2604123,-0.4446228,0.4901338,-1.2002505,-0.44493744,0.2229936,0.46027544,0.9336894,0.60459286,-0.46181616,-0.0462514,0.32201,-0.15624897,-0.16891392,-0.02609723,0.95385987,-0.10198107,-0.5287176,-0.114464186,0.35256872,1.5816933,-0.37134573,-1.1346868,1.1977757,-0.2770925,Bola
-0.0552579,0.13676402,1.0186543,-0.18992947,0.30447012,-1.2147528,-0.244769,-0.4547447,0.09769591,-0.8489526,-0.5228595,-0.59787214,-0.04344074,-0.87247956,-0.24371669,0.7212932,-0.6832503,-0.6873932,-0.31958264,0.2807773,-0.72710204,0.07681925,0.08812545,-0.31758037,0.31196862,-0.053264968,1.1629049,-0.88726074,0.3911471,-0.3063625,-0.51204497,0.15843576,-0.3055208,0.31000116,-1.0958263,-0.33048737,0.30252606,0.4211735,0.8501942,0.43437243,-0.3631215,-0.04798707,0.26358932,0.011331504,-0.23052584,-0.027660785,0.63189876,-0.22414443,-0.46871886,-0.11047316,0.35211012,1.3689046,-0.30913752,-0.9255351,0.95809674,-0.38503948,Bola
-0.065995224,0.0999408,0.85816634,-0.10304281,0.25724933,-1.0708363,-0.160408,-0.47216013,0.021853795,-0.72139615,-0.58518016,-0.43346408,-0.04217702,-0.78928876,-0.15343483,0.7319607,-0.5670314,-0.5121856,-0.27142683,0.26103786,-0.5083942,0.17940117,0.053358797,-0.2564361,0.32656947,-0.08203957,1.0294559,-0.56960166,0.328557,-0.2139828,-0.4796792,0.16069882,-0.1963919,0.2656689,-1.0573043,-0.27608037,0.31803867,0.24282691,0.7592965,0.31334057,-0.3487364,-0.09877918,0.29051825,0.07479416,-0.18682757,0.025108239,0.59491956,-0.11998915,-0.38749275,-0.121346965,0.31249502,1.1345305,-0.27660623,-0.7253784,0.76432854,-0.34974426,Bola
-0.07098907,0.13189885,0.8887085,-0.12342591,0.25504485,-1.0947512,-0.20517382,-0.4634539,0.0461687,-0.769062,-0.53642964,-0.48740688,-0.045051064,-0.80577356,-0.1776172,0.7017082,-0.58461314,-0.56646055,-0.26828584,0.28685728,-0.59490544,0.11912389,0.07645047,-0.30775657,0.3309947,-0.075806014,1.0903524,-0.7000686,0.36224517,-0.25462592,-0.47142,0.16741312,-0.206024,0.29137883,-1.0260189,-0.29634506,0.2925925,0.2881381,0.7611517,0.33758834,-0.3331488,-0.07198429,0.26554567,0.026712859,-0.19957218,-0.006670524,0.5999493,-0.1623586,-0.38906515,-0.11571854,0.31736225,1.194914,-0.29098302,-0.78099126,0.8107753,-0.37984756,Bola
-0.016611088,0.124926604,0.7970918,-0.093428165,0.21338743,-0.9976077,-0.22929458,-0.52236277,-0.05832059,-0.755832,-0.5759382,-0.43709788,0.032217428,-0.72135514,-0.14460777,0.8008733,-0.55478054,-0.5331502,-0.28271544,0.2873087,-0.5395162,0.09939234,0.078850314,-0.32157156,0.35086855,-0.17083302,1.0792414,-0.5872853,0.29022518,-0.23224653,-0.49972054,0.20205604,-0.20905867,0.2725384,-1.0052907,-0.3295234,0.28100243,0.24446602,0.71168596,0.31833825,-0.34924415,-0.10867218,0.26577002,0.03205609,-0.16484691,0.03003468,0.6419974,-0.042090733,-0.37439075,-0.070345394,0.28434017,1.1534593,-0.19152434,-0.72849476,0.7570491,-0.27495974,Bola
0.007326157,0.22082625,1.0929464,-0.19838874,0.32282105,-1.2962104,-0.4110285,-0.5877392,-0.057644617,-1.029983,-0.63152355,-0.6254718,0.080892965,-0.86674845,-0.24065523,0.9957629,-0.742069,-0.8212528,-0.35907272,0.3793667,-0.81841946,0.0028922725,0.11593812,-0.42411396,0.34867486,-0.20013562,1.4209734,-0.9551043,0.3327472,-0.32709947,-0.5290158,0.2626066,-0.40137255,0.38930842,-1.1606721,-0.42327803,0.29635197,0.40711442,0.892116,0.5330813,-0.45187077,-0.08228693,0.31840345,-0.047667976,-0.19727007,-0.015667012,0.8428692,-0.091633126,-0.49901825,-0.12191465,0.3237162,1.5418293,-0.21354397,-1.0364888,1.0527371,-0.32034072,Bola
-0.027369987,0.1317277,0.91003454,-0.15918146,0.26695397,-1.0965965,-0.21813543,-0.45104665,0.05427793,-0.7746688,-0.49409512,-0.51813436,-0.0068237707,-0.77751684,-0.19542617,0.7275901,-0.60880256,-0.6132363,-0.30825353,0.27357513,-0.632915,0.08488244,0.08686423,-0.29314786,0.33774778,-0.0742203,1.0796045,-0.7215369,0.34816104,-0.25796747,-0.5005889,0.15205361,-0.2515212,0.30106005,-1.0244894,-0.30615762,0.29683024,0.32672137,0.7682284,0.37303472,-0.3511599,-0.05446665,0.2586577,0.015611266,-0.19622618,0.0070708166,0.62339276,-0.14962372,-0.43145245,-0.097215556,0.31190133,1.2173927,-0.2650638,-0.817993,0.8483451,-0.31220683,Bola
-0.06044394,0.09690087,0.8980865,-0.13815214,0.26073852,-1.0988512,-0.17342983,-0.44769043,0.08402657,-0.7233648,-0.49686718,-0.5162339,-0.037677277,-0.8014904,-0.20254338,0.6836057,-0.6057436,-0.56854177,-0.29853472,0.2404185,-0.6054951,0.110240705,0.08680426,-0.27506784,0.3337296,-0.05292004,1.0371382,-0.69781643,0.3594869,-0.25752828,-0.5036812,0.13398883,-0.2196472,0.27396637,-1.0558295,-0.29497376,0.30936742,0.33721465,0.8001227,0.34623352,-0.33476946,-0.058388647,0.26810366,0.057946943,-0.20306109,0.006306803,0.5705726,-0.18308674,-0.42799145,-0.08333373,0.33997777,1.2054695,-0.29262078,-0.80086946,0.8407805,-0.34839126,Bola
0.030023197,0.29361367,1.2783338,-0.2213227,0.38810334,-1.4544187,-0.459036,-0.65656745,0.016773216,-1.2083013,-0.45030656,-0.76279664,0.10242982,-1.0085354,-0.37455726,0.9625899,-0.884003,-0.87709945,-0.38438833,0.3751971,-1.030603,-0.080777265,0.2190249,-0.5484257,0.47628477,-0.07089231,1.5016392,-1.1252686,0.4130686,-0.2984843,-0.7086687,0.30439526,-0.42552224,0.5435759,-1.3536496,-0.44279534,0.31468412,0.48174483,1.0905961,0.70617497,-0.45824423,-0.042630978,0.4031533,-0.13434656,-0.17096108,-0.06373427,0.880467,-0.2257138,-0.5466261,-0.014057273,0.41335124,1.698525,-0.41432855,-1.1671522,1.3199259,-0.44508293,Bola
-0.014304918,0.16975002,0.98855513,-0.24120295,0.29574996,-1.1518836,-0.2925943,-0.37896672,0.11738302,-0.8323209,-0.4256455,-0.6259951,-0.023411902,-0.7786303,-0.2534892,0.666557,-0.66835165,-0.7394604,-0.34070274,0.26224822,-0.78870374,-0.039407145,0.11245114,-0.30353677,0.23553595,-0.07909135,1.1207532,-0.9991725,0.37119558,-0.32977852,-0.42362,0.14929199,-0.36959976,0.31550777,-0.9486563,-0.35362005,0.22455394,0.49820545,0.78409237,0.48471925,-0.33513752,0.016806956,0.2059376,-0.048574217,-0.1996391,-0.057707306,0.63232696,-0.23723026,-0.45575497,-0.102849856,0.3137252,1.3592881,-0.25857848,-0.9598286,0.95267236,-0.29515606,Bola
0.02450961,0.26939294,1.2676247,-0.23796277,0.38673806,-1.5032659,-0.45089084,-0.61430454,0.028440578,-1.1813383,-0.5542019,-0.7352987,0.08647807,-1.0295607,-0.3175648,0.99218005,-0.8574826,-0.9009941,-0.39278492,0.4154399,-0.9748716,-0.025585987,0.18695374,-0.4819713,0.46199387,-0.098769814,1.5083623,-1.0833379,0.43793616,-0.3237594,-0.6351805,0.27900693,-0.43138617,0.50992846,-1.3134588,-0.4324424,0.2978596,0.47087416,1.0262082,0.6522902,-0.483623,-0.054467726,0.36775628,-0.094516054,-0.2009089,-0.037838,0.9109211,-0.18710981,-0.558568,-0.07678695,0.39085904,1.6649166,-0.38961932,-1.1728069,1.2638113,-0.41319495,Bola
-0.038783785,0.18387112,1.1916078,-0.121531956,0.378992,-1.3818854,-0.35049498,-0.66001076,-0.022674821,-1.1016397,-0.49905497,-0.666999,0.035473026,-1.0255752,-0.321969,0.919298,-0.8115221,-0.7205689,-0.2910601,0.35009795,-0.8379535,0.0795095,0.1956405,-0.4815448,0.5097242,-0.0015712363,1.3620651,-0.8555728,0.41176614,-0.28209656,-0.7414337,0.27725327,-0.29803666,0.47662383,-1.3508832,-0.37769005,0.39404854,0.3531417,1.0424718,0.5626591,-0.46423575,-0.09553997,0.4045406,-0.01442667,-0.19182181,-0.002996018,0.7872213,-0.18532053,-0.50908095,0.0259786,0.38056472,1.498132,-0.40266576,-1.0148593,1.186402,-0.5271413,Bola
-0.21229284,0.13118716,0.9593711,0.0874794,0.20452876,-1.0185682,-0.1180843,-0.7131663,-0.09207748,-0.91833025,-0.7942656,-0.49256027,-0.225618,-0.872802,-0.17920168,0.8134046,-0.63533795,-0.5439326,-0.17132771,0.26265502,-0.6549848,0.26714468,0.007578837,-0.5491374,0.27228314,-0.12595382,1.364333,-0.9467538,0.43313375,-0.4216851,-0.56874436,0.29622564,-0.06680324,0.14818972,-1.1794726,-0.39063907,0.48624992,0.3010095,0.95713437,0.26575124,-0.2878244,-0.11391825,0.28887066,0.079157166,-0.27371055,-0.02353288,0.58123344,-0.21832703,-0.3045529,-0.16547807,0.4478526,1.5762694,-0.14002958,-0.7688947,0.73143756,-0.6447736,Bola
0.046580657,0.29182917,1.4238095,-0.262372,0.41579765,-1.6343732,-0.51688737,-0.6987692,0.019621208,-1.3448743,-0.54171985,-0.84992945,0.1060907,-1.1047958,-0.3994443,1.1089013,-0.98339045,-1.0275228,-0.43074143,0.45190787,-1.1461527,-0.08214478,0.2388685,-0.56641644,0.5180048,-0.059087165,1.6655262,-1.2775604,0.4658823,-0.38005114,-0.7576584,0.32864627,-0.50684637,0.5703648,-1.4666157,-0.48243394,0.35413408,0.56615645,1.181213,0.7641904,-0.51967657,-0.036821533,0.4004338,-0.13869298,-0.2294565,-0.046013936,0.98754144,-0.2380638,-0.64930093,-0.03133442,0.4546654,1.8896705,-0.39797515,-1.324627,1.455983,-0.45852172,Bola
-0.059864584,0.24237686,1.4603925,-0.20019995,0.453362,-1.6307908,-0.48008054,-0.6904007,0.046586167,-1.3534477,-0.48331362,-0.89808005,0.012982693,-1.1822101,-0.43484905,0.95262474,-1.0020701,-0.99175805,-0.3516995,0.4048526,-1.1586285,-0.023747444,0.22880986,-0.62217134,0.49852026,0.07107451,1.6004295,-1.3388139,0.5105977,-0.4100372,-0.79195124,0.31493428,-0.45931226,0.551175,-1.4604316,-0.45369232,0.40650833,0.5971072,1.2123693,0.7659397,-0.5018047,-0.024584437,0.40208158,-0.09955858,-0.27897656,-0.075863376,0.85356396,-0.3535932,-0.62663597,0.018802555,0.4624338,1.8987844,-0.4474221,-1.3117707,1.4806043,-0.64299834,Bola
-0.1871839,0.09055617,0.7769174,0.093516976,0.16181357,-0.8129739,-0.083349995,-0.5949097,-0.0865225,-0.74409986,-0.6495701,-0.40493685,-0.19850929,-0.7152531,-0.14763054,0.6528437,-0.5150283,-0.41944247,-0.120744064,0.20117481,-0.51867086,0.23718823,0.0017674782,-0.45945472,0.22031067,-0.0905919,1.1047975,-0.7644017,0.35597646,-0.35271204,-0.4813087,0.24237595,-0.037403442,0.112051144,-0.96999043,-0.32245758,0.41834205,0.24594554,0.79215556,0.20529053,-0.23225494,-0.09757109,0.23354301,0.08056379,-0.2282405,-0.016407806,0.45301285,-0.17880906,-0.24187121,-0.1160528,0.36200488,1.2872425,-0.10530192,-0.612774,0.5897276,-0.5552222,Bola
-0.1768464,0.08793605,0.93622875,0.07426869,0.2224831,-1.0368541,-0.1278561,-0.70100164,-0.09688174,-0.8677426,-0.76296264,-0.48083165,-0.17002043,-0.8814459,-0.16250135,0.8320625,-0.62827104,-0.51161367,-0.19104545,0.2657426,-0.59722495,0.29121363,0.015406746,-0.49258873,0.3420416,-0.12291521,1.2893956,-0.78797233,0.41063973,-0.37636456,-0.62482345,0.25720116,-0.06952363,0.17732562,-1.2202626,-0.37112832,0.49160063,0.2491807,0.93964267,0.24148351,-0.3330956,-0.13696627,0.30292395,0.122169,-0.2724732,0.024261754,0.5881292,-0.15661192,-0.34211463,-0.12309502,0.41433328,1.48475,-0.17528626,-0.74437934,0.7482048,-0.59098804,Bola
-0.042472806,0.18053338,0.9995777,-0.16293918,0.2801425,-1.161221,-0.31671107,-0.48545605,0.027517619,-0.91552913,-0.4772705,-0.60984653,-0.007588394,-0.8141762,-0.24246332,0.75393933,-0.6868159,-0.7191243,-0.29466096,0.31057462,-0.7698743,0.011295606,0.116384074,-0.4002504,0.3162656,-0.048383847,1.1950631,-0.94838,0.37052143,-0.32021138,-0.5071599,0.21008803,-0.32936588,0.3425378,-1.0096244,-0.3600033,0.28230482,0.42722446,0.8211861,0.47296453,-0.36549005,-0.030094901,0.24683438,-0.04436429,-0.20844297,-0.03411599,0.65538955,-0.19435163,-0.4527441,-0.07475537,0.3218986,1.3791752,-0.24766381,-0.93022424,0.96546245,-0.38422564,Bola
-0.07082923,0.15807267,0.99136615,-0.13376884,0.28351226,-1.1247509,-0.27756143,-0.46620205,0.049643464,-0.88253,-0.45413044,-0.5830197,-0.04295043,-0.8114261,-0.25146708,0.6858405,-0.67268115,-0.680219,-0.27357903,0.2807318,-0.75767756,0.04665536,0.107492976,-0.3951002,0.3103868,0.0113627985,1.1181263,-0.93917763,0.3635015,-0.3171102,-0.5146282,0.19914858,-0.2875744,0.31769806,-1.0088605,-0.32513773,0.30889586,0.40797555,0.83189934,0.45914838,-0.3372399,-0.02344923,0.25202394,-0.029529877,-0.22383828,-0.036056466,0.58499116,-0.23566197,-0.44044748,-0.07559124,0.33781046,1.351062,-0.25862592,-0.88981634,0.93547994,-0.42404014,Bola
-0.13645476,-0.1367255,0.5054945,0.2349609,0.20602445,-0.6578039,0.088678904,-0.72685164,-0.28698424,-0.5000368,-0.70651054,-0.096700445,-0.025078926,-0.6941264,-0.0638366,0.819874,-0.34773457,-0.008723734,-0.045864187,0.10700904,0.04132946,0.5399278,-0.00862768,-0.2157456,0.48610678,-0.1478108,0.7289169,0.34207025,0.11739376,0.029211948,-0.74772316,0.16476785,0.1669444,0.123889,-1.2215644,-0.15640524,0.55160743,-0.23031625,0.7301628,0.019480972,-0.39286283,-0.33052123,0.45620358,0.345316,-0.09400978,0.19439317,0.44411162,0.19257341,-0.22888403,0.06419877,0.24438238,0.64173377,-0.17000009,-0.16736342,0.43793073,-0.42222086,Nasional
-0.18306398,-0.24096754,0.5988111,0.3622042,0.2718005,-0.86507595,0.24013658,-0.9700999,-0.37050718,-0.55108774,-0.899135,-0.055478085,-0.041216336,-0.9738802,-0.03225394,1.0479382,-0.4065505,0.15669587,-0.014364204,0.15907414,0.2294843,0.8484343,0.005481691,-0.23045461,0.78560567,-0.12633055,0.89013225,0.8120358,0.19500391,0.12757872,-1.0984898,0.14297006,0.35669613,0.17353615,-1.712332,-0.121915355,0.8050026,-0.50377643,0.98064137,-0.13274683,-0.5207132,-0.4853424,0.67178,0.50428224,-0.122632444,0.324299,0.56520045,0.29301393,-0.26473907,0.12601958,0.30898425,0.61927706,-0.37954277,-0.074028656,0.5177105,-0.61660737,Money
-0.0948682,0.23295237,1.4355334,-0.23891495,0.44649747,-1.570145,-0.3930851,-0.6008796,0.13824388,-1.266071,-0.6050498,-0.844206,-0.032763574,-1.112138,-0.41163254,0.897561,-0.97432536,-1.0079459,-0.42783895,0.34441498,-1.1278435,0.0143138245,0.13769354,-0.506254,0.35281724,0.07103514,1.4746755,-1.4065835,0.46776912,-0.39183998,-0.6912919,0.26607987,-0.4940797,0.44844347,-1.3997256,-0.42473844,0.40528247,0.6443359,1.179333,0.7658265,-0.47031736,0.005527898,0.36729163,-0.046139523,-0.29249078,-0.08133088,0.7761279,-0.40334797,-0.651787,-0.122137494,0.4917651,1.9030968,-0.3559161,-1.2744422,1.361324,-0.52122337,Bola
-0.07592663,0.15922101,1.0523028,-0.12534763,0.3375926,-1.1780735,-0.3073084,-0.47995028,0.09499283,-0.9359884,-0.44545653,-0.59416854,0.016609276,-0.8584491,-0.2967703,0.68938845,-0.73349255,-0.71005744,-0.30379033,0.25701654,-0.80736744,0.014921148,0.09613166,-0.4062618,0.32537764,0.048439946,1.1125813,-0.9582505,0.3474055,-0.25601396,-0.5453146,0.21392721,-0.34283692,0.3631123,-1.1064973,-0.31151235,0.32017085,0.4053578,0.8981446,0.56566995,-0.3515938,-0.037595723,0.33547902,-0.014993875,-0.21960923,-0.058487054,0.578914,-0.28371462,-0.48469928,-0.04653932,0.37756392,1.3861551,-0.30236813,-0.93772936,1.0039476,-0.41580075,Bola
-0.093607344,-0.49738476,0.601138,0.19737959,0.035841946,-0.70196533,0.1921594,-1.1740353,-0.6405772,-0.47131434,-1.2620374,-0.32343057,0.062420763,-0.6074496,0.028792182,1.6676781,-0.5665614,-0.3501913,-0.32587624,0.023501562,-0.13523677,0.69459325,-0.08702329,-0.19784358,0.68992466,-0.4614118,1.1154659,0.16469285,-0.07231488,-0.46499717,-1.490161,0.03733961,0.03217498,-0.34033406,-1.8740914,-0.49195212,1.1112794,0.11844304,1.1359057,-0.25166532,-0.5619,-0.5222287,0.33255967,0.72695047,-0.5426272,0.42667797,0.45316622,0.48150823,-0.7985077,0.14114746,0.34285298,1.4048808,0.49357456,-0.44038716,0.5998847,-0.008167391,Money
-0.11616046,-0.3478642,0.58079535,0.20661588,0.06579253,-0.7351406,0.2052494,-1.0353395,-0.5133569,-0.47661772,-1.2122678,-0.18583217,-0.0029370058,-0.6588339,0.035129897,1.4479872,-0.4861112,-0.22385386,-0.25862336,0.08841445,-0.03158049,0.7083882,-0.08769225,-0.16618615,0.60443497,-0.3721947,1.0399424,0.24794431,-0.017672746,-0.29265144,-1.179104,0.09545048,0.10276437,-0.19831589,-1.6865768,-0.3909735,0.9210831,-0.03926706,1.0045818,-0.1790951,-0.5013857,-0.4782009,0.38727742,0.6268026,-0.39410767,0.3445067,0.4904263,0.38819936,-0.60585845,0.016504379,0.3491848,1.1684704,0.26627654,-0.32411855,0.48752725,-0.14215566,Money
-0.12962422,-0.065500274,0.6931507,0.058280624,0.16526279,-1.0000492,0.08100711,-0.61734855,-0.074988015,-0.54348534,-0.8633583,-0.147541,-0.052214522,-0.80739254,-0.040084567,0.8758328,-0.46825656,-0.26365227,-0.2582671,0.26693478,-0.120267674,0.5461598,-0.044791896,-0.09698198,0.45139542,-0.050108496,0.90735084,0.017912107,0.23759682,-0.122914106,-0.6004643,0.12349499,0.036116425,0.16335712,-1.2949712,-0.21575709,0.53624564,-0.068566106,0.8154439,0.04123121,-0.37822974,-0.26100045,0.37721053,0.30208513,-0.27053604,0.1644714,0.49276492,0.04754047,-0.38233083,-0.16546115,0.38877434,0.8825323,-0.26245013,-0.4197323,0.5011356,-0.35781038,Tekno
-0.12339789,-0.052689996,0.6671523,0.05827273,0.16191915,-0.96645415,0.07827363,-0.59144086,-0.06302729,-0.5188871,-0.8024336,-0.1511144,-0.051758483,-0.78404546,-0.041952204,0.8267087,-0.45291263,-0.24784622,-0.25126636,0.2530701,-0.12441094,0.5080825,-0.028457243,-0.10034601,0.44367653,-0.04816537,0.8787792,0.016461458,0.23591602,-0.10938761,-0.5812558,0.12050003,0.038190227,0.17200786,-1.246644,-0.20931603,0.5041098,-0.0691976,0.7860401,0.045246575,-0.36047256,-0.24557498,0.37038094,0.2816969,-0.25430876,0.14721806,0.48137248,0.033753842,-0.36051422,-0.15139034,0.3776463,0.847573,-0.2831345,-0.40971833,0.4885602,-0.35490865,Tekno
-0.10933311,-0.07120667,0.620828,0.059654057,0.14123605,-0.83434844,0.042142354,-0.57629347,-0.11508001,-0.51202995,-0.76283234,-0.17311603,-0.035699114,-0.6843467,-0.059077363,0.8020431,-0.4330213,-0.26690102,-0.2190531,0.21267948,-0.15052414,0.4546429,-0.043730773,-0.13373269,0.37763664,-0.070862345,0.8035748,-0.063704334,0.18132672,-0.13695243,-0.5836408,0.11799288,-0.003709536,0.11484331,-1.1393476,-0.21634825,0.48749343,-0.0049532405,0.7347933,0.057075616,-0.34453303,-0.22445492,0.31631428,0.26304308,-0.24131909,0.15076491,0.43412328,0.053379618,-0.3563002,-0.11066039,0.32734475,0.85323554,-0.14371265,-0.38896078,0.46854776,-0.29668123,Tekno
-0.040603295,-0.08795228,0.41578612,0.09307081,0.18772538,-0.69254553,0.033332378,-0.50274855,-0.13050957,-0.3864515,-0.3650666,-0.13138375,-0.003751844,-0.60911524,-0.050848234,0.5581281,-0.29256222,-0.038786322,-0.08046433,0.1544936,0.001548572,0.36887595,0.07684122,-0.15792836,0.4897945,-0.07999781,0.64672214,0.30938786,0.21709548,0.0236445,-0.56870824,0.05693332,0.15625535,0.21657373,-0.9454379,-0.118563175,0.39020655,-0.18017913,0.57237285,-0.015439757,-0.31547156,-0.24887887,0.34807596,0.18762736,-0.0978266,0.12545735,0.37931782,0.107995756,-0.16638282,0.088090084,0.17947194,0.44014528,-0.38613617,-0.21429281,0.46460667,-0.3874187,Regional
-0.15226896,-0.09499202,0.6850292,0.18099898,0.28818437,-0.9167672,-0.0074599413,-0.77632517,-0.22654115,-0.6075753,-0.56046045,-0.24638984,0.015483514,-0.88554645,-0.10491649,0.83259624,-0.43764064,-0.045567926,-0.032688137,0.20432548,-0.070020646,0.5005867,0.09671536,-0.2934749,0.6585413,-0.08941294,0.95462054,0.3479215,0.28396836,-0.028909,-0.86902624,0.15076177,0.18260498,0.29153746,-1.3643728,-0.20538263,0.55070996,-0.18049705,0.87073356,0.01768397,-0.43481332,-0.337335,0.49116653,0.31738296,-0.09968605,0.18452638,0.51569253,0.15664494,-0.295196,0.15227446,0.25497264,0.70768774,-0.4068079,-0.32959184,0.72289175,-0.5681058,Megapolitan
-0.17149466,-0.1777445,0.59205997,0.2750277,0.27105796,-0.90723926,0.15251842,-0.7987889,-0.22464675,-0.54047626,-0.8959875,-0.0005854411,-0.021114571,-0.87702394,-0.0335882,0.9339358,-0.3999223,0.0027124132,-0.1122601,0.178288,0.13451855,0.72495395,-0.057717416,-0.15908578,0.63598907,-0.13488342,0.8289165,0.543129,0.16587456,0.11295666,-0.794961,0.15450297,0.23651423,0.1731375,-1.5130327,-0.10773679,0.6476066,-0.38552982,0.8550553,-0.0054371953,-0.460998,-0.4240254,0.6126797,0.4324288,-0.14890935,0.22173017,0.52215636,0.19997194,-0.25042555,-0.021708779,0.34467345,0.6479255,-0.36831906,-0.17897399,0.44042584,-0.5055304,Money
-0.06279494,-0.07980482,0.4708867,0.09554258,0.16338062,-0.7547817,0.14849968,-0.6023976,-0.12303933,-0.33325803,-0.5819981,-0.12598704,-0.060584832,-0.67203915,0.021656575,0.7433715,-0.30190584,-0.051518083,-0.1710071,0.15102749,0.016809303,0.44889444,0.041154858,-0.13823363,0.52518153,-0.1373394,0.75686145,0.31588653,0.23498361,-0.01898924,-0.6489338,0.07345785,0.21252124,0.13377841,-1.1511613,-0.15843967,0.48247996,-0.18499087,0.6582002,-0.10779351,-0.33471903,-0.2602184,0.37079102,0.27499035,-0.13893159,0.18378375,0.45921543,0.10359214,-0.23691295,-0.019051638,0.26413685,0.5751001,-0.3557548,-0.24348466,0.40267578,-0.34079564,Regional
-0.1534924,-0.09549035,0.55660164,0.19392976,0.17419139,-0.87662125,0.19535282,-0.7047199,-0.15359297,-0.45596713,-0.81195086,-0.059455656,-0.110150166,-0.8074542,0.023346521,0.85168916,-0.3514947,-0.0063597453,-0.14778927,0.20971653,0.06849242,0.61864907,-0.0052052047,-0.1304145,0.5741469,-0.099574946,0.87843704,0.38670117,0.26476023,0.007907042,-0.65963537,0.13177112,0.2452988,0.1861051,-1.359234,-0.16230462,0.5643157,-0.27178043,0.77519494,-0.08965905,-0.37752858,-0.32586175,0.4686895,0.37120232,-0.16920188,0.1774742,0.50270426,0.098102726,-0.22913747,-0.079462625,0.35848647,0.655163,-0.3940457,-0.2199097,0.40601578,-0.50578815,Regional
-0.016799528,-0.017917158,0.5525008,0.06694604,0.15101542,-0.9406954,0.18608938,-0.57840145,-0.028175643,-0.2969499,-0.55284506,-0.17489639,-0.074722655,-0.78843975,0.08301098,0.781373,-0.35017094,-0.07941692,-0.28361604,0.2478612,-0.04645578,0.43175885,0.07510024,-0.12551126,0.670172,-0.10005667,0.8996837,0.32696715,0.38800362,-0.025366137,-0.67644835,0.043459132,0.19901381,0.24857691,-1.271912,-0.16968593,0.4234855,-0.21090382,0.7169575,-0.15153363,-0.33241063,-0.22558151,0.420462,0.2432555,-0.19330929,0.20968089,0.5491209,0.03938763,-0.28063545,-0.07478611,0.3631883,0.64972687,-0.57187307,-0.3468409,0.48595494,-0.35169154,Regional
-0.07106027,-0.027456056,0.586898,0.05640097,0.2199174,-0.94208795,0.14469212,-0.61225176,-0.030962948,-0.3810826,-0.5363846,-0.20732848,-0.06072887,-0.7966282,0.0051391884,0.75201774,-0.34966505,-0.101684324,-0.2210326,0.20139374,-0.06891589,0.4230281,0.0769248,-0.17214862,0.6277266,-0.12376389,0.89507866,0.27476245,0.37737924,-0.019322228,-0.6636491,0.08065196,0.21736792,0.2412235,-1.2747889,-0.17665207,0.46178827,-0.16654351,0.7423134,-0.09224965,-0.34118116,-0.23300734,0.42811993,0.2585375,-0.13725878,0.17297325,0.54515624,0.042504095,-0.24035293,-0.03039607,0.30940303,0.6424273,-0.5336255,-0.36996147,0.5235286,-0.40577048,Regional
-0.081788786,-0.058099892,0.55666924,0.082914785,0.18409693,-0.9806077,0.18067734,-0.5586066,-0.017616214,-0.35892797,-0.7153694,-0.10431382,-0.06715228,-0.7868579,0.07864083,0.80743176,-0.34366757,-0.10527612,-0.26405182,0.2651283,0.004166134,0.53109056,0.018970104,-0.06191963,0.61453015,-0.094844416,0.87279207,0.34325927,0.35679305,-0.01535626,-0.5813241,0.057588708,0.18549183,0.22270398,-1.2663726,-0.14450444,0.47648132,-0.25456896,0.7143409,-0.12665394,-0.36904427,-0.2707143,0.4377095,0.29526946,-0.21484636,0.20137063,0.5297341,0.07593597,-0.2844433,-0.14611734,0.35565144,0.6268136,-0.4993054,-0.32166183,0.42266038,-0.36485946,Regional
-0.13735254,-0.04032725,0.6590837,0.23661883,0.24272116,-1.0123924,0.022606703,-0.6694101,-0.19116724,-0.61149126,-0.8023031,-0.0709777,-0.049458243,-0.92945504,-0.029193452,0.8226332,-0.47793737,-0.07040252,-0.13674714,0.27978715,0.010908029,0.65082514,0.0016659773,-0.1808842,0.5667745,-0.023740364,0.83164036,0.34414667,0.1884415,0.04774093,-0.7427189,0.1531435,0.10744572,0.29931656,-1.3207164,-0.16995463,0.5069097,-0.30872086,0.7973424,0.13347162,-0.4395634,-0.36041957,0.54014707,0.27740878,-0.20319301,0.18952842,0.53531826,0.17112724,-0.3213382,-0.081044436,0.31329337,0.76475376,-0.41149473,-0.29685804,0.5355376,-0.51764756,Regional
-0.037572134,0.016177623,0.6025853,0.07702337,0.16851576,-1.0742477,0.2991313,-0.68407327,0.0014142469,-0.27225894,-0.68974,-0.1337561,-0.12932046,-0.87089807,0.16199347,0.92820907,-0.32414624,-0.0112615,-0.3461481,0.28586712,0.021029241,0.51428664,0.07427602,-0.11546559,0.79556066,-0.16602455,1.0903261,0.4866659,0.493493,0.013407497,-0.7029228,0.06436897,0.32785025,0.28032127,-1.4989427,-0.17213275,0.47601107,-0.29870364,0.78983,-0.26964316,-0.35830387,-0.24787815,0.49730733,0.29870793,-0.17998217,0.23547718,0.68545914,0.03332935,-0.25664946,-0.15623216,0.44456264,0.669263,-0.72922343,-0.34436923,0.45435175,-0.40409234,Regional
-0.074929126,-0.058228258,0.5502674,0.076572895,0.14769107,-0.7945387,0.058529057,-0.5633555,-0.12485929,-0.44149524,-0.60379374,-0.19793847,-0.055876285,-0.66262597,-0.019937577,0.7381113,-0.38754296,-0.19117709,-0.19237165,0.18868743,-0.12499673,0.39811763,0.024351088,-0.16833694,0.45428735,-0.10520736,0.80736923,0.05000258,0.23772177,-0.11381515,-0.6195815,0.08583099,0.068317726,0.14771935,-1.089621,-0.21155219,0.45893857,-0.053932175,0.67370427,0.0022537147,-0.33665434,-0.21944183,0.31997147,0.23430416,-0.20479658,0.15096088,0.4424609,0.0782947,-0.29629496,-0.02808992,0.2775332,0.75904226,-0.25224912,-0.3587476,0.4750698,-0.3342307,Tekno
-0.09442999,-0.015826417,0.54715705,0.118059404,0.16563565,-0.80544525,0.08060619,-0.56736284,-0.095565744,-0.41390994,-0.6081645,-0.13657004,-0.067986146,-0.7045753,-0.0011513466,0.71684194,-0.3430427,-0.07323081,-0.16503756,0.19410981,-0.05172575,0.4307887,0.02702467,-0.16505662,0.4932574,-0.10610989,0.7909565,0.19433762,0.25440806,-0.024113856,-0.5780863,0.11835339,0.14479993,0.20384936,-1.1158415,-0.17267017,0.4103317,-0.14989005,0.6641045,-0.0071780486,-0.3212148,-0.22114773,0.37996712,0.2410035,-0.12636799,0.14774495,0.486156,0.069868766,-0.23319216,-0.061735738,0.2922052,0.6574147,-0.35162947,-0.29761636,0.4322841,-0.38144264,Megapolitan
-0.2217795,-0.12521026,0.63930583,0.39959946,0.34048656,-0.8440846,0.0057023186,-0.98413163,-0.42010686,-0.71361136,-0.77377015,-0.08843729,-0.010211757,-0.99055016,-0.111037746,0.941951,-0.43387932,0.17490987,0.08928532,0.11165269,0.13251343,0.6959244,0.038723692,-0.37934005,0.6831832,-0.20157486,0.88238645,0.6445056,0.13427857,0.195571,-0.9835298,0.28680098,0.3101482,0.3071614,-1.56372,-0.19386359,0.61602896,-0.42696318,0.92658705,0.14165685,-0.5119783,-0.4681405,0.70369166,0.41656917,0.03799617,0.21028593,0.6167373,0.29453504,-0.171527,0.20208077,0.25232047,0.6689156,-0.3590025,-0.14042965,0.6338005,-0.69653106,Nasional
-0.22476271,-0.14047094,0.6001564,0.46611,0.34436256,-0.7885314,-0.0012681148,-1.0788249,-0.50199616,-0.7406691,-0.71772546,-0.06412337,-0.0035199218,-1.00698,-0.13045515,0.945457,-0.41793883,0.2762883,0.16289404,0.07230119,0.1895423,0.7005158,0.060849834,-0.46322554,0.73189086,-0.2351895,0.88692147,0.75670505,0.11539237,0.24488835,-1.050414,0.3241446,0.389481,0.34349045,-1.6148884,-0.20835127,0.628801,-0.4762684,0.9499435,0.16438523,-0.5345839,-0.50904906,0.7525668,0.43296933,0.10573124,0.20261616,0.62297696,0.33587617,-0.09403465,0.31345546,0.24038425,0.6100153,-0.3806159,-0.075102046,0.64900786,-0.7996106,Nasional
-0.07824765,0.035577442,0.6891663,0.10523145,0.31017223,-0.90782315,-0.118295826,-0.84661084,-0.23997644,-0.7321782,-0.671198,-0.2594605,0.057921454,-0.89444023,-0.12144915,0.9445676,-0.44335413,-0.15651053,-0.08197611,0.20515548,-0.15993801,0.36136627,0.07893219,-0.38413393,0.6024207,-0.31485152,1.1130229,0.1738418,0.26583844,0.05673597,-0.80597025,0.25741997,0.12681317,0.31835312,-1.3849363,-0.2564679,0.44807905,-0.15312591,0.84474,0.15998049,-0.44762644,-0.33899072,0.5096349,0.21058655,0.026305715,0.13137421,0.7218063,0.1686408,-0.22548175,0.07307379,0.2583585,0.832289,-0.36236992,-0.4091537,0.75506186,-0.47574487,Nasional
-0.10966259,-0.032336988,0.6477598,0.1584037,0.35166362,-0.8632928,-0.08989333,-0.8676527,-0.25037676,-0.68723965,-0.55014104,-0.25108355,0.063416496,-0.9203605,-0.148633,0.86364627,-0.40451288,-0.044006925,0.010790181,0.1675911,-0.06460489,0.40676752,0.10001235,-0.4015815,0.6715565,-0.2728363,1.0398529,0.37791964,0.2870197,0.10352877,-0.89254355,0.2227141,0.21551551,0.33008605,-1.4018958,-0.20897217,0.50158644,-0.21666662,0.8652921,0.09262896,-0.45520854,-0.38506782,0.53549385,0.25341102,0.050734796,0.14738661,0.6400496,0.18795359,-0.19034791,0.18334529,0.22079404,0.6728402,-0.43171564,-0.324,0.7845798,-0.5765143,Nasional
-0.16220313,-0.22571434,0.46577427,0.27547348,0.08845849,-0.563611,0.3480232,-0.87176895,-0.30696642,-0.2759144,-0.787869,-0.14617547,-0.12621696,-0.6611494,0.059137717,0.95580053,-0.29463458,0.10226262,-0.14905861,0.051837847,0.10046907,0.59376967,-0.011304576,-0.20383005,0.6250187,-0.2057696,0.81231004,0.45082173,0.21786344,-0.072748825,-0.9653767,0.086104944,0.34261087,0.001424808,-1.482739,-0.21633078,0.7172121,-0.20740683,0.82869667,-0.28792498,-0.35871696,-0.27641127,0.41826215,0.49482197,-0.1694025,0.3087115,0.4495449,0.15172312,-0.2587631,0.09640518,0.33081213,0.7474575,-0.16169783,-0.11725042,0.31470707,-0.38266325,Nasional
-0.08655054,0.2210252,1.3008304,-0.21018812,0.42220843,-1.422396,-0.36633983,-0.5678044,0.097111024,-1.155035,-0.53468716,-0.76972604,-0.01425581,-1.0090109,-0.37831375,0.8252365,-0.8884018,-0.90555143,-0.39237368,0.3047603,-1.0295337,0.009174497,0.14383261,-0.48343796,0.34688827,0.056122668,1.3350204,-1.2561375,0.42436618,-0.35682657,-0.6721858,0.25284073,-0.42832115,0.41795868,-1.2923988,-0.39996168,0.39483133,0.5569155,1.0797668,0.6953396,-0.44191498,-0.0017505161,0.34734583,-0.042893596,-0.25480506,-0.060997244,0.71138996,-0.34873366,-0.58455473,-0.0826368,0.42014092,1.72134,-0.31717423,-1.1522521,1.2463224,-0.47678128,Bola
-0.19900988,-0.09614643,0.5494072,0.38340157,0.28791162,-0.6927609,-0.01997648,-0.9720852,-0.43560523,-0.6498839,-0.6028757,-0.11414814,-0.017641487,-0.87179834,-0.119376615,0.83630633,-0.37281114,0.22353283,0.12232764,0.036410574,0.11763379,0.5479293,0.07555886,-0.44902804,0.6326014,-0.25359884,0.81929773,0.57123196,0.116334364,0.18523648,-0.93989545,0.30710146,0.3495497,0.30512762,-1.428279,-0.23100977,0.5326869,-0.33228785,0.8354948,0.15931565,-0.44860125,-0.40635228,0.62837285,0.36902475,0.11414683,0.1621552,0.56791145,0.26739436,-0.09796742,0.29938194,0.21527362,0.6045592,-0.31413,-0.1220072,0.6206146,-0.67644393,Nasional
-0.028024198,0.20684887,1.3354942,-0.24962057,0.41853586,-1.4862013,-0.315389,-0.5683464,0.1824757,-1.1244385,-0.5138213,-0.79562104,-0.012209638,-1.0389129,-0.38429007,0.8586799,-0.92581093,-0.9287987,-0.45979676,0.2904422,-1.0589881,-0.0059088725,0.15188788,-0.41017857,0.38650146,0.041217033,1.3778343,-1.2461027,0.4548794,-0.3526555,-0.7042045,0.20252545,-0.45113254,0.43912393,-1.4093167,-0.39178094,0.3935481,0.58971995,1.1597652,0.69861454,-0.4363263,0.005596926,0.37626913,-0.021646319,-0.27904248,-0.06750839,0.75174093,-0.38898167,-0.6442597,-0.09070069,0.5169383,1.7841308,-0.40814638,-1.2093939,1.284474,-0.42221925,Bola
-0.06912112,-0.044741567,0.48495147,0.084815554,0.16679287,-0.706706,0.029059066,-0.50673544,-0.11309496,-0.39747903,-0.49833915,-0.16624907,-0.018512221,-0.6073215,-0.027681632,0.63167787,-0.32167652,-0.12026794,-0.14098008,0.16412982,-0.08328897,0.34516776,0.0310756,-0.16077745,0.43209234,-0.099891275,0.69442254,0.12253088,0.20617132,-0.054957308,-0.5541077,0.094602875,0.087258756,0.1730212,-0.98376936,-0.16989401,0.37557113,-0.08420316,0.60084575,0.025233416,-0.30027896,-0.20855285,0.31578484,0.21301274,-0.13354105,0.13216808,0.40835342,0.07934305,-0.23645072,0.005879999,0.23982506,0.60030246,-0.27340838,-0.2979202,0.44262663,-0.3188511,Megapolitan
-0.05699989,0.1705934,1.1337535,-0.17298569,0.3417965,-1.3022715,-0.3833434,-0.5418916,0.02883562,-1.0148374,-0.50951767,-0.6904528,-0.010833953,-0.93032914,-0.29056233,0.8143108,-0.7662521,-0.7970841,-0.28825155,0.33011317,-0.8668483,0.025668416,0.11615423,-0.46637946,0.33355007,-0.08321675,1.3339349,-1.0656239,0.40577322,-0.3581137,-0.5631537,0.22135937,-0.362149,0.35860416,-1.1231482,-0.3987311,0.30270895,0.5034283,0.9182562,0.5273156,-0.40579417,-0.039378293,0.26701272,-0.05909533,-0.22860003,-0.037676044,0.73225063,-0.21078292,-0.49341178,-0.0732221,0.3307166,1.5663712,-0.28376266,-1.0591066,1.0981688,-0.45133117,Bola
-0.03766213,0.19364882,1.1466435,-0.17744319,0.3348489,-1.3148713,-0.39797333,-0.5398436,0.02674723,-1.0487027,-0.51755804,-0.67654496,0.011562011,-0.9232825,-0.29569215,0.839084,-0.7769232,-0.81846195,-0.3068638,0.35478932,-0.8833423,0.01687259,0.12148007,-0.4744053,0.3577268,-0.06394429,1.3501319,-1.0766969,0.3898024,-0.350306,-0.5618193,0.23683919,-0.37704095,0.3830626,-1.1344073,-0.38593945,0.30448574,0.48084486,0.9219846,0.55806655,-0.40933722,-0.045306914,0.28388664,-0.078873456,-0.23235717,-0.039376803,0.7446555,-0.20811081,-0.50195384,-0.084510505,0.35097483,1.5679972,-0.27811646,-1.0602643,1.1071932,-0.44029588,Bola
-0.065395206,0.16375308,1.1496612,-0.17458124,0.33363906,-1.3145767,-0.38818952,-0.5422883,0.017810045,-1.0422349,-0.5425375,-0.704013,-0.013117203,-0.9252971,-0.29614338,0.8438617,-0.7846369,-0.83720374,-0.30846602,0.33934677,-0.8881945,0.03140169,0.10932849,-0.48443004,0.3335449,-0.06618448,1.3529118,-1.1202844,0.39286435,-0.38660592,-0.5777336,0.2232199,-0.38782224,0.34318307,-1.1300995,-0.40792617,0.33365962,0.5294501,0.9274916,0.5435448,-0.41777998,-0.03785802,0.26269442,-0.059866965,-0.26081336,-0.033263944,0.7273187,-0.21394394,-0.51872164,-0.087031096,0.33740258,1.6080686,-0.24125516,-1.0795865,1.1051803,-0.44654694,Bola
-0.072073154,0.1543945,1.2097791,-0.23718035,0.359459,-1.388387,-0.36739838,-0.5161605,0.09389874,-1.0134759,-0.42857954,-0.78599656,-0.0327243,-0.98271906,-0.3402772,0.7797774,-0.8010871,-0.8236181,-0.30978367,0.31681892,-0.94093525,-0.017733688,0.15035027,-0.46221668,0.35606068,-0.048650336,1.3538169,-1.152587,0.45123544,-0.38905263,-0.5905543,0.19020504,-0.3799552,0.37827992,-1.1703712,-0.4027698,0.30136296,0.6024608,0.95717657,0.5418918,-0.3968063,0.0014725282,0.25360122,-0.061706938,-0.22960228,-0.053997345,0.73699945,-0.29322207,-0.5286481,-0.032444686,0.34024948,1.5990413,-0.34051535,-1.1375382,1.1981956,-0.46906766,Bola
-0.1040628,0.16249152,1.1502079,-0.17185816,0.35644123,-1.2852942,-0.37398458,-0.4959438,0.06440711,-0.99895775,-0.4299671,-0.7142061,-0.04068891,-0.9369405,-0.32355002,0.7033927,-0.7643163,-0.7739985,-0.25113112,0.30707493,-0.8949323,0.012837868,0.11686127,-0.48461527,0.31724304,-0.016887408,1.2680179,-1.1182734,0.41363207,-0.3619185,-0.5463409,0.20924523,-0.34238395,0.35406047,-1.0726553,-0.36950183,0.29804304,0.52762395,0.89957786,0.5382631,-0.37367,-0.017946415,0.25350314,-0.06034106,-0.22690037,-0.06258783,0.6588896,-0.28251818,-0.478534,-0.04518872,0.31576496,1.5266263,-0.29519922,-1.0488057,1.1093146,-0.50590324,Bola
-0.08254768,0.12567513,0.9965878,-0.15983324,0.30388546,-1.1297561,-0.2781672,-0.45875216,0.07797248,-0.83184683,-0.4192771,-0.600692,-0.0418036,-0.83201903,-0.27728993,0.64936435,-0.65492207,-0.652865,-0.24573022,0.2515493,-0.740017,0.05037025,0.08086147,-0.38718164,0.2985869,-0.053941865,1.1223733,-0.90801543,0.36877674,-0.29800454,-0.5046183,0.16581504,-0.26615462,0.28648767,-1.0127052,-0.31599116,0.28862542,0.44188285,0.8119301,0.42336547,-0.32114473,-0.03385695,0.23466021,-0.023546899,-0.19154577,-0.038427833,0.5916323,-0.23419365,-0.42104518,-0.065000124,0.30499715,1.3333355,-0.27907923,-0.89122856,0.94877887,-0.41320977,Bola
-0.06386835,0.15599035,1.1830513,-0.24231033,0.33744547,-1.3888485,-0.32141197,-0.50096893,0.101763144,-0.9789283,-0.55038744,-0.72170305,-0.039312653,-0.9697154,-0.30073148,0.83411443,-0.77971303,-0.81020856,-0.3530743,0.32932332,-0.8732963,0.040757332,0.11292158,-0.38493758,0.33763987,-0.07150971,1.346322,-1.0847837,0.43492925,-0.3737007,-0.55152386,0.1866412,-0.38926882,0.3489882,-1.1919284,-0.39264375,0.3095704,0.5473047,0.93814975,0.50965166,-0.40121174,-0.017978191,0.26367208,-0.030297108,-0.24415672,-0.03683639,0.7527439,-0.26023805,-0.53724736,-0.11615968,0.36064255,1.575214,-0.3192527,-1.0939461,1.1170542,-0.40940508,Bola
-0.1035773,0.062618695,0.8127213,-0.03598822,0.2547785,-0.9406269,-0.13721803,-0.5757605,-0.05475273,-0.7041698,-0.44307217,-0.4526504,-0.06363486,-0.7769116,-0.19824666,0.6793553,-0.51901835,-0.37382174,-0.15378389,0.18907489,-0.46271715,0.16749528,0.09867383,-0.35617378,0.38781095,-0.10818759,1.0164403,-0.46471736,0.31012174,-0.16784447,-0.58274233,0.18323195,-0.060893178,0.27598107,-1.0921329,-0.27979353,0.3589528,0.23138008,0.770125,0.26276755,-0.32410175,-0.10776213,0.28848022,0.090315536,-0.11003565,0.009474281,0.5592409,-0.11141113,-0.29436946,0.036064778,0.2705886,1.0660893,-0.3061036,-0.63241786,0.7782311,-0.4718437,Bola
-0.08866273,-0.06727915,0.49380392,0.12502158,0.1626387,-0.6694771,0.041679677,-0.564188,-0.18758835,-0.45195234,-0.7085578,-0.10408649,-0.017270194,-0.58896023,-0.03335632,0.7556226,-0.33842957,-0.14795823,-0.13876402,0.16727121,-0.045177642,0.43802986,-0.035746668,-0.14206879,0.3654424,-0.14346413,0.7015627,0.1150434,0.11467536,-0.038100287,-0.5577309,0.12668855,0.050068546,0.08508,-1.0228913,-0.16532394,0.4419486,-0.11524692,0.62046725,0.04052068,-0.33580709,-0.25115842,0.335941,0.25707605,-0.14766869,0.15600355,0.43181852,0.14484572,-0.26238877,-0.07319784,0.24119128,0.68063515,-0.11558007,-0.2559459,0.37440234,-0.27068335,Money
-0.039843705,-0.019288411,0.47438738,0.057702158,0.15017693,-0.7053273,0.038347755,-0.49373403,-0.10668947,-0.40086997,-0.5251836,-0.14937149,-0.026079278,-0.58411205,-0.018411122,0.651302,-0.32239202,-0.14240701,-0.1660123,0.17976397,-0.089813955,0.3302889,0.03116047,-0.14453876,0.40244594,-0.120714076,0.7061585,0.08694149,0.20098226,-0.047964502,-0.51428014,0.09769978,0.06889757,0.16237228,-0.95978624,-0.16420266,0.35814187,-0.07685997,0.5742403,0.026404826,-0.30018547,-0.19391148,0.29583073,0.18319634,-0.12460195,0.12589146,0.43799934,0.076557,-0.23127651,-0.03360898,0.23939174,0.6156029,-0.26015797,-0.29951942,0.41096,-0.274427,Entertainment
-0.05412565,-0.055525664,0.4450281,0.082879715,0.11877606,-0.6043607,0.023076987,-0.4826287,-0.1324266,-0.37298638,-0.58219296,-0.13531175,-0.004645422,-0.50312996,-0.014001929,0.6717927,-0.31182775,-0.17929845,-0.17474541,0.14790294,-0.096486054,0.34271303,-0.018100534,-0.133819,0.3369783,-0.124728985,0.6325198,0.037691705,0.14163023,-0.09715372,-0.5027668,0.09135671,0.013497262,0.07948683,-0.8925345,-0.17035052,0.378117,-0.04223261,0.55488104,0.016917,-0.28699127,-0.18904023,0.26302972,0.21425608,-0.16159277,0.15939651,0.37434816,0.10630973,-0.27345365,-0.0647152,0.23568456,0.64688194,-0.104205854,-0.28213656,0.35490325,-0.18889244,Entertainment
-0.13863069,-0.14196253,0.5466699,0.22497314,0.1943738,-0.83202416,0.2611915,-0.83363307,-0.22074793,-0.39900708,-0.7552002,-0.10963207,-0.09815662,-0.8238769,0.017541144,0.9350404,-0.33093575,0.07003397,-0.13518785,0.15610029,0.10708602,0.6266604,0.03250113,-0.2159514,0.6849657,-0.19075006,0.93906987,0.5242862,0.2973486,0.018081404,-0.8430231,0.11437952,0.3500195,0.15287226,-1.5086113,-0.17833859,0.642524,-0.30623576,0.8490243,-0.19308199,-0.3975834,-0.34717262,0.5007979,0.41640195,-0.120128244,0.24209872,0.5443771,0.14309673,-0.21107435,0.03427009,0.35288295,0.6510824,-0.42062128,-0.18399459,0.4520085,-0.51768774,Regional
-0.06839733,-0.045464974,0.57656205,0.14991507,0.21683839,-0.85959786,0.071404316,-0.69831324,-0.19243805,-0.5167913,-0.59211516,-0.15413259,-0.034082733,-0.789815,-0.041003507,0.81941473,-0.3791748,-0.044774067,-0.112577155,0.18502653,-0.027690358,0.46526152,0.0683424,-0.2368671,0.58716905,-0.17189282,0.9064344,0.31219268,0.2574996,0.030585961,-0.70574874,0.13730572,0.1803479,0.2513121,-1.2773948,-0.1893138,0.47254798,-0.21475829,0.7677623,0.022521028,-0.39331803,-0.29990363,0.47451085,0.25252983,-0.078113906,0.1634862,0.5760218,0.13872504,-0.2008989,0.038746636,0.295433,0.680491,-0.41719055,-0.2928435,0.5401005,-0.4718582,Regional
-0.14202817,-0.062239386,0.5602477,0.20830962,0.15508081,-0.70934165,0.17514022,-0.7827593,-0.2388659,-0.49269256,-0.6876225,-0.120062865,-0.11007994,-0.75053483,-0.042113896,0.86409676,-0.34393364,0.033512816,-0.084019884,0.1279763,-0.005491246,0.49225807,0.05099133,-0.24707358,0.5247145,-0.20036158,0.91465884,0.27650142,0.2228036,0.0077885026,-0.70206255,0.18224119,0.25555792,0.17887701,-1.3166279,-0.22441144,0.5099226,-0.19229427,0.7823947,-0.039795343,-0.34022424,-0.2805939,0.44657657,0.33441132,-0.037085135,0.15584981,0.54570866,0.09350983,-0.15693696,0.014596708,0.34616622,0.73462254,-0.3012485,-0.20519051,0.43585303,-0.50045866,Nasional
-0.111670434,-0.106176525,0.5794663,0.21499081,0.2555447,-0.80488867,0.0925345,-0.81433797,-0.2705551,-0.5318096,-0.48157418,-0.2083265,-0.048260603,-0.8375907,-0.103017114,0.79521817,-0.37902284,0.061729863,0.001066717,0.11804989,0.012220295,0.48648956,0.105717115,-0.3242568,0.65517944,-0.16519669,0.89503914,0.43780884,0.26011193,0.0649633,-0.8636867,0.15535864,0.28037998,0.28201726,-1.3675935,-0.19367696,0.5525337,-0.2349925,0.8220605,-0.009542256,-0.415285,-0.34067813,0.5102851,0.30242154,-0.03183668,0.16885345,0.53869146,0.15119335,-0.16285017,0.23060195,0.258161,0.6445957,-0.453388,-0.23879746,0.61984533,-0.6216181,Nasional
-0.112834625,-0.08758555,0.56985396,0.18124971,0.19604605,-0.79566026,0.13693285,-0.73739463,-0.19272487,-0.45843384,-0.6018398,-0.17034619,-0.06350445,-0.7788185,-0.037659053,0.8108349,-0.3673431,-0.012778,-0.11116495,0.143811,-0.015514692,0.48394918,0.05693421,-0.23850304,0.59399664,-0.16514829,0.8830322,0.32179382,0.25864226,0.0052161943,-0.75603163,0.13351604,0.23156205,0.20089568,-1.3162261,-0.20038813,0.52257353,-0.19229706,0.7851328,-0.04922914,-0.36762917,-0.2881646,0.46429473,0.31252846,-0.09772721,0.17789511,0.5222402,0.104914784,-0.2074684,0.06334147,0.31275833,0.687711,-0.38605434,-0.2622004,0.50703055,-0.47786874,Nasional
-0.13297276,-0.04869502,0.6086027,0.14381412,0.20652188,-0.795,0.12220673,-0.6882161,-0.14885229,-0.47688994,-0.5454802,-0.20755646,-0.093640834,-0.75659406,-0.054605868,0.75468194,-0.35736564,-0.017661136,-0.08918925,0.1464893,-0.07259761,0.4330341,0.08052637,-0.23181373,0.5622418,-0.12802832,0.8891677,0.22248872,0.30156714,-0.005910832,-0.68330705,0.15041526,0.2236391,0.2341722,-1.2615758,-0.19367358,0.49029547,-0.12816446,0.7673486,-0.032284115,-0.33599937,-0.23926732,0.4112904,0.288892,-0.07423209,0.13786675,0.51273125,0.044625416,-0.19151433,0.05396388,0.2950623,0.7028881,-0.40687138,-0.2906255,0.5250719,-0.5159813,Nasional
-0.10144058,-0.09500986,0.49330634,0.17743461,0.20169546,-0.6927476,0.12821156,-0.6851435,-0.20280962,-0.41471845,-0.47815758,-0.1617784,-0.06075203,-0.7043929,-0.057315033,0.7093611,-0.31496662,0.03926368,-0.048304852,0.10635099,0.011749639,0.43957177,0.07494507,-0.23353322,0.55551076,-0.14212422,0.77059025,0.36103144,0.23761319,0.037221715,-0.7231918,0.117850326,0.24700303,0.20607634,-1.1988579,-0.16048637,0.49206388,-0.1901365,0.71404916,-0.056166314,-0.34001955,-0.27524152,0.4227339,0.2958372,-0.05525648,0.16143367,0.45449498,0.1090647,-0.16181156,0.14114274,0.25381994,0.5753173,-0.3698742,-0.20703255,0.4816031,-0.4875827,Nasional
-0.09468081,-0.048739117,0.47930643,0.12941377,0.17135166,-0.7404272,0.13827784,-0.6050543,-0.13388631,-0.37707847,-0.5819981,-0.10529323,-0.0706408,-0.6775539,0.012815628,0.70796317,-0.29541314,-0.010578572,-0.13399169,0.1551931,0.016170789,0.44047078,0.034459423,-0.164517,0.5194635,-0.12416485,0.7691906,0.3059568,0.24746366,0.008082481,-0.5925942,0.11458006,0.21847336,0.18149777,-1.1526047,-0.1557756,0.44589227,-0.20197172,0.6579188,-0.056218605,-0.32314542,-0.24715471,0.391574,0.2739617,-0.09428709,0.15276007,0.47353077,0.08336339,-0.17325284,-0.005518884,0.2773205,0.5617639,-0.37775907,-0.22015513,0.3929008,-0.41655543,Regional
-0.07418549,0.03401101,0.6594365,0.01822423,0.21285173,-0.92237496,-0.026375365,-0.4743953,-0.022471411,-0.52771986,-0.52839136,-0.27682775,-0.06402847,-0.71987057,-0.047426026,0.67152613,-0.42283633,-0.29538035,-0.20964676,0.2399602,-0.2596548,0.30889875,0.055086374,-0.20263886,0.41924906,-0.048188396,0.86986464,-0.15273085,0.31279936,-0.14215355,-0.5142923,0.104459465,-0.0059259837,0.2368718,-1.0017257,-0.21179703,0.35596883,0.020785823,0.67473984,0.111908205,-0.33480966,-0.14354348,0.31427395,0.1403724,-0.18487556,0.097572275,0.5026165,-0.016142646,-0.29978582,-0.084447466,0.27651078,0.83425033,-0.34418178,-0.48492554,0.5607264,-0.3828128,Entertainment
-0.0653723,-0.00679453,0.57683873,0.052889664,0.21369481,-0.81769425,-0.009967631,-0.48785624,-0.06589892,-0.48021248,-0.45458964,-0.2322418,-0.03575452,-0.6760973,-0.06429112,0.6184236,-0.38537842,-0.21281709,-0.1508294,0.19341458,-0.18122771,0.32166785,0.054416776,-0.19718753,0.42960948,-0.053866416,0.77199286,-0.004143036,0.26428953,-0.079786025,-0.5423144,0.097604275,0.038574606,0.22606523,-0.98338526,-0.17660666,0.37251672,-0.04050296,0.6433411,0.08320978,-0.3211797,-0.17862317,0.32842162,0.15850928,-0.15412243,0.10315526,0.44052386,0.026506126,-0.25735554,-0.007818267,0.24398033,0.70453775,-0.34021786,-0.3917983,0.53563297,-0.38338417,Entertainment
-0.073735975,0.02399464,0.6090238,0.03161601,0.22128077,-0.81437093,-0.05315969,-0.45499706,-0.04541397,-0.51327777,-0.42810997,-0.27455676,-0.03902489,-0.6576927,-0.07574323,0.59682614,-0.39169228,-0.25642318,-0.14570138,0.2008146,-0.24990118,0.25513637,0.0653075,-0.22664267,0.3835374,-0.0416803,0.7861922,-0.13725224,0.2689861,-0.112444706,-0.49958572,0.102105215,-0.009855429,0.23046571,-0.912154,-0.1915358,0.32172,0.037632734,0.6347767,0.13766375,-0.31608516,-0.14144054,0.3007754,0.12709709,-0.14033026,0.075100675,0.44787574,-0.009350416,-0.26242432,-0.021241643,0.2337082,0.74740547,-0.30708516,-0.4427682,0.56499135,-0.38344094,Entertainment
-0.06805394,0.011969777,0.61345315,0.041163467,0.21996622,-0.80341774,-0.06521965,-0.5073981,-0.096293285,-0.5330848,-0.45743316,-0.27242115,-0.017221522,-0.6561734,-0.08980153,0.645817,-0.4045594,-0.24854107,-0.13887224,0.19397858,-0.23944627,0.26940337,0.06313038,-0.24460822,0.3897135,-0.08445988,0.813877,-0.11142757,0.23887803,-0.11016163,-0.5476137,0.12037505,0.00038173754,0.21759735,-0.966967,-0.20388784,0.3537077,0.028624171,0.6571507,0.13411263,-0.32779273,-0.16589339,0.30462754,0.14226282,-0.12895337,0.09185091,0.46488807,0.027695024,-0.26787502,0.0048151147,0.23335637,0.77326095,-0.27158487,-0.4358447,0.57997036,-0.3700523,Entertainment
-0.058436733,-0.0050773085,0.47063377,0.058112998,0.15229335,-0.66114646,0.012862139,-0.44008085,-0.086958684,-0.38381922,-0.48231667,-0.16022663,-0.030833365,-0.54719955,-0.028165152,0.59062505,-0.30989504,-0.14975727,-0.14564082,0.17057903,-0.11249522,0.29900128,0.025052555,-0.14296335,0.3533985,-0.0976516,0.66967213,0.031616636,0.19502382,-0.066692,-0.4575954,0.09473775,0.04784428,0.15453815,-0.8699202,-0.15934446,0.32590148,-0.054291688,0.5476932,0.039562866,-0.2703927,-0.16711657,0.26995996,0.16396911,-0.11972647,0.10869624,0.3972407,0.05823412,-0.22311378,-0.050166022,0.22391216,0.6025173,-0.22394302,-0.30306152,0.399646,-0.27336964,Entertainment
-0.16761631,-0.05423052,0.69009125,0.22388244,0.18859643,-1.053068,0.48557028,-1.0019584,-0.124625415,-0.30928004,-0.7603423,-0.14124833,-0.22047329,-1.0258414,0.10636421,1.1071475,-0.32198805,0.21295732,-0.22684339,0.20478481,0.11449642,0.67317754,0.1179516,-0.22620048,0.95116013,-0.20346275,1.2767067,0.72105527,0.5430883,0.05375309,-0.948179,0.15414864,0.5972481,0.29129797,-1.8864226,-0.22356232,0.6829892,-0.398825,1.0128248,-0.4105546,-0.39158228,-0.31391713,0.61341137,0.49908203,-0.06592282,0.2693987,0.7446611,0.010227529,-0.17374262,-0.026583739,0.5445022,0.7388908,-0.7980162,-0.21585035,0.49295923,-0.6733664,Megapolitan
-0.25223985,-0.30641982,0.5687296,0.38519302,0.093181714,-0.6098103,0.4406847,-1.1487076,-0.45442998,-0.41404605,-1.0828859,-0.12118437,-0.15818451,-0.79881513,0.010767188,1.2506851,-0.36465007,0.1510883,-0.12446577,0.019538093,0.14876536,0.78368396,-0.041170713,-0.2575259,0.6817025,-0.27941325,0.97669965,0.5313683,0.16628863,-0.06925481,-1.1729643,0.16851167,0.43815872,-0.044075496,-1.847247,-0.28552732,0.9417076,-0.269152,1.0397527,-0.3101742,-0.45608512,-0.3701014,0.52498806,0.6669886,-0.14248268,0.37158203,0.5585629,0.21243548,-0.29350546,0.11573455,0.42520496,0.94787616,-0.063299656,-0.06518437,0.32652548,-0.4958108,Nasional
-0.20374772,-0.053839363,0.60555214,0.22789972,0.12511124,-0.80188435,0.39687723,-0.91610837,-0.1782465,-0.3610831,-0.77573067,-0.10706381,-0.21084139,-0.82997376,0.027416918,1.0069968,-0.29430172,0.16604424,-0.14126515,0.12846766,0.06903913,0.5809675,0.06774652,-0.20697229,0.673368,-0.2334334,1.1118035,0.4604839,0.36649078,0.036224157,-0.7412145,0.21147454,0.48499072,0.21346515,-1.5875772,-0.25308335,0.6123398,-0.2714331,0.8793554,-0.2622666,-0.34185144,-0.26413473,0.49541217,0.46488386,0.0017075373,0.18614718,0.6470837,0.028307276,-0.12710531,-0.043209594,0.48388115,0.7609313,-0.48977304,-0.15836543,0.3737674,-0.58864117,Megapolitan
-0.12484228,-0.042332556,0.6578277,0.12780319,0.21112742,-0.9623788,0.20661837,-0.7369188,-0.09492082,-0.43114555,-0.70280993,-0.19438018,-0.108620144,-0.8565036,0.019970322,0.905684,-0.37208262,-0.031139411,-0.20578815,0.19740127,-0.03986977,0.53244793,0.06243192,-0.18522486,0.67402536,-0.16524796,1.0154262,0.33190256,0.39921483,-0.014972518,-0.7516623,0.1262396,0.27946332,0.24138893,-1.4566917,-0.20320095,0.5663996,-0.19845477,0.85233206,-0.13948119,-0.38540167,-0.25861043,0.47006533,0.35028765,-0.12591259,0.2049724,0.6121565,0.061663736,-0.2534689,-0.032532807,0.36103085,0.76811415,-0.49815193,-0.33733886,0.5168745,-0.48912144,Megapolitan
-0.1630282,-0.09353698,0.6693057,0.182769,0.18607567,-0.8494301,0.28561863,-0.9193119,-0.2011858,-0.45733595,-0.8428769,-0.21295126,-0.15044253,-0.8456428,0.0010082683,1.0488096,-0.38113123,0.006305776,-0.20367247,0.123679265,-0.022594068,0.5774427,0.02221838,-0.2523942,0.6839721,-0.27738085,1.0920649,0.3086666,0.36739695,-0.02196103,-0.9096699,0.171776,0.34591138,0.14489764,-1.6393561,-0.25876608,0.70559734,-0.16581278,0.9509559,-0.20123138,-0.39429012,-0.27853814,0.47466433,0.44409055,-0.106624,0.2427838,0.6429612,0.08578199,-0.24658914,0.0061577247,0.38525808,0.9230743,-0.3580549,-0.28787774,0.48397607,-0.48862514,Megapolitan
0.07132684,0.05874404,0.46313047,-0.03241546,0.13779183,-0.7079826,-0.04843605,-0.42601445,-0.0615499,-0.37880835,-0.3220078,-0.2232655,0.047863696,-0.5282749,-0.016130826,0.6234876,-0.31995043,-0.21379352,-0.20532799,0.20416985,-0.185437,0.15765788,0.09477326,-0.16840184,0.4350158,-0.1740044,0.7758518,0.023235139,0.25253066,-0.055882517,-0.46143982,0.071703605,0.008472351,0.24358131,-0.84092855,-0.1964151,0.2292838,-0.034714986,0.5189395,0.031567186,-0.27122074,-0.15140413,0.26544115,0.06278571,-0.089866415,0.093994,0.49303526,0.089118004,-0.22560693,-0.00435765,0.2142893,0.5997321,-0.34219375,-0.38797823,0.49839395,-0.18745962,Entertainment
0.13562205,0.24827127,0.91730684,-0.21787952,0.24780966,-1.2154788,-0.3337723,-0.5707325,-0.04620601,-0.8683571,-0.6096879,-0.5066261,0.12728386,-0.78599614,-0.12706618,1.0157379,-0.63970876,-0.68649423,-0.4021938,0.38678586,-0.6461808,0.014078387,0.1266858,-0.31642634,0.42598325,-0.34978035,1.3873515,-0.6457577,0.36072567,-0.23732693,-0.4998814,0.2183538,-0.30459386,0.39463314,-1.1299946,-0.4099507,0.20779525,0.2554475,0.7936725,0.38510725,-0.4293691,-0.11870823,0.3140919,-0.06480233,-0.13066752,0.03284345,0.90801334,0.051723737,-0.42779082,-0.14795211,0.32949495,1.3420478,-0.31050825,-0.89694065,0.9187176,-0.16731046,Global
-0.006929066,0.13425566,0.9212081,-0.12599637,0.30175385,-1.113231,-0.2579068,-0.5232133,0.015019142,-0.8463138,-0.5405282,-0.49590865,0.017570574,-0.80451703,-0.20382915,0.8013404,-0.62601507,-0.631824,-0.3107543,0.27419788,-0.6050469,0.111852914,0.07664142,-0.3443427,0.34979403,-0.12182508,1.1461401,-0.67420834,0.33440804,-0.2244333,-0.5256197,0.18156914,-0.26428604,0.31718796,-1.0819948,-0.32452968,0.3090875,0.31657505,0.8222562,0.4310834,-0.39981365,-0.09637907,0.3017779,0.016511183,-0.18262902,0.009161158,0.6686933,-0.09824011,-0.42285147,-0.106207915,0.3374725,1.2636832,-0.28384838,-0.82870424,0.90163386,-0.33784184,Global
0.0043350826,0.19233964,1.0113482,-0.17727849,0.27949467,-1.2300235,-0.33148128,-0.5338342,0.0015139476,-0.94645953,-0.6486732,-0.567253,0.031551804,-0.8368301,-0.19920278,0.90589416,-0.6978756,-0.77008986,-0.37884626,0.3506613,-0.7395725,0.05834017,0.08518272,-0.3661643,0.3209831,-0.16611123,1.2958713,-0.8961763,0.35055315,-0.30904275,-0.49197567,0.22737424,-0.36396998,0.33550575,-1.0970334,-0.3889994,0.28216976,0.39077258,0.836049,0.48051193,-0.41766074,-0.071254164,0.28235823,-0.029531226,-0.21915886,0.00051001116,0.76331073,-0.101448946,-0.48148644,-0.16512874,0.35799855,1.4608216,-0.23033547,-0.95734686,0.9506707,-0.2965323,Global
0.094569355,0.18144162,0.8302998,-0.09586489,0.24188085,-1.0879136,-0.28699222,-0.6506922,-0.1457494,-0.8128076,-0.6368375,-0.41491738,0.12770155,-0.773367,-0.106153704,1.0126569,-0.5797714,-0.5379371,-0.32666865,0.33464426,-0.5300368,0.11909318,0.096125506,-0.36383983,0.4784205,-0.3552067,1.2795101,-0.4439062,0.29972214,-0.19454128,-0.60476077,0.23248969,-0.19252463,0.33438814,-1.1788099,-0.38678554,0.27476588,0.1464825,0.7931465,0.31561556,-0.42303106,-0.1965926,0.34750706,0.013115644,-0.124652416,0.074158065,0.82430124,0.11877596,-0.39127997,-0.08187821,0.31018424,1.2339596,-0.25471896,-0.76600844,0.8485979,-0.21293156,Global
-0.022726163,0.033781823,0.67562145,0.05747417,0.2240346,-0.8597462,-0.16927455,-0.6559921,-0.16197929,-0.6917079,-0.60138094,-0.332806,0.038143728,-0.74482995,-0.12985645,0.8088259,-0.50595367,-0.3496814,-0.19542025,0.19931708,-0.36157563,0.22030103,0.052006084,-0.3631837,0.43732953,-0.2540911,0.97428054,-0.28964326,0.25281563,-0.15667759,-0.65209734,0.19799046,-0.06267555,0.2200846,-1.1340762,-0.31326124,0.34746727,0.105164796,0.75134057,0.2455957,-0.36122093,-0.21581356,0.32528692,0.14558591,-0.12910742,0.08709436,0.58094835,0.07613825,-0.31353405,0.033591826,0.29596972,1.0363466,-0.17171164,-0.5720917,0.71395254,-0.32098615,Global
-0.2241781,-0.29319534,0.6011691,0.43086717,0.23916471,-0.84687626,0.19357364,-0.96339494,-0.46605626,-0.6227588,-1.1993362,0.032054648,-0.02338433,-0.93431383,-0.010580433,1.180464,-0.46671075,0.08708988,-0.05520609,0.18940435,0.24512553,0.965103,-0.0859204,-0.1477402,0.6780653,-0.11616258,0.81520885,0.72394377,0.0535195,0.081992805,-1.0762321,0.17907864,0.21055368,0.086322375,-1.6893998,-0.13931772,0.8264659,-0.51812327,0.9694465,-0.03963189,-0.56588453,-0.5210547,0.6693957,0.5623119,-0.2087762,0.3721717,0.55211854,0.38598818,-0.37572944,-0.003365958,0.33385462,0.7564761,-0.11095278,-0.051499087,0.41071713,-0.4990434,Money
-0.11740671,-0.06643428,0.5806235,0.3159942,0.07671313,-1.2583786,0.29789063,-0.5942159,-0.113365605,-0.2920285,-0.95686686,0.07492116,-0.1619236,-1.1124024,0.27025494,0.91928303,-0.47823745,0.10520522,-0.35794067,0.4572523,0.2288803,0.9459461,0.06681856,0.08954002,0.8744515,0.20226689,0.773161,0.83659995,0.34497696,-0.016130494,-0.91673833,0.0013696334,0.22251335,0.3918644,-1.4989218,-0.16606218,0.5389747,-0.6243793,0.8127984,-0.19506253,-0.46251646,-0.35362625,0.5820136,0.35623553,-0.43621665,0.3822578,0.57962,0.20200922,-0.46633264,-0.2806643,0.45131925,0.68378365,-0.73521703,-0.18706167,0.3262035,-0.4913961,Regional
-0.20440464,-0.15074363,0.59228635,0.52440596,0.084531605,-1.2955458,0.2560383,-0.747152,-0.32126758,-0.43886283,-1.2660946,0.20055018,-0.1458079,-1.2758741,0.28732327,1.0737567,-0.58673894,0.20509657,-0.30239296,0.51156956,0.40098158,1.2422343,0.015946815,0.10488861,0.9352889,0.27544722,0.72262055,1.1070093,0.20124936,0.021106632,-1.140955,0.06063671,0.2068931,0.41378966,-1.6966375,-0.18703371,0.6746925,-0.8393027,0.9193493,-0.12248548,-0.5622569,-0.50875413,0.71088535,0.48035204,-0.52544916,0.473746,0.5806167,0.3683487,-0.55882037,-0.27814198,0.46914646,0.7470497,-0.6468832,-0.05882402,0.30947754,-0.59971535,Nasional
-0.17401546,-0.10002298,0.61052895,0.4181211,0.116878144,-1.226861,0.16881971,-0.6868334,-0.26145616,-0.472815,-1.073471,0.09587397,-0.12389057,-1.1680702,0.19900349,0.94572717,-0.5589757,0.10903496,-0.2561172,0.44826746,0.26219076,1.0367184,0.03496936,0.033385653,0.80486244,0.2141344,0.7445698,0.8397608,0.21852486,0.003352145,-0.9930228,0.08392539,0.16426101,0.40602627,-1.527265,-0.20177616,0.5929259,-0.651956,0.86258733,-0.044175934,-0.51085997,-0.43905243,0.6229089,0.39767775,-0.43478838,0.36839777,0.5492991,0.28791186,-0.47888333,-0.21513386,0.41113847,0.7481435,-0.61446065,-0.15179904,0.3816159,-0.59433275,Regional
-0.08252323,-0.042078782,0.5616036,0.14896041,0.15740056,-1.0576515,0.19540471,-0.570598,-0.04636334,-0.33352208,-0.7328419,-0.07771556,-0.09877921,-0.88477165,0.13172348,0.8086847,-0.3878446,-0.03034545,-0.2868066,0.3126175,0.06289623,0.6179,0.060362194,-0.042546097,0.68828195,-0.0042245514,0.8492376,0.47956878,0.36209974,-0.025044717,-0.6984003,0.045568176,0.20076391,0.29986677,-1.3193275,-0.16697535,0.47027552,-0.34363386,0.7381157,-0.13846637,-0.39049444,-0.27831137,0.47222102,0.28999242,-0.26903504,0.24961331,0.5470357,0.102575265,-0.32764652,-0.15104677,0.3729862,0.647838,-0.59884804,-0.29735956,0.4146952,-0.42356822,Regional
-0.1921531,-0.11879379,0.6211662,0.42460847,0.09021644,-1.2614657,0.19926237,-0.66754526,-0.24691845,-0.43696815,-1.130488,0.09205457,-0.1337267,-1.1669458,0.22594894,0.9761444,-0.57624596,0.08612646,-0.29217395,0.48084417,0.26338363,1.0685467,0.036222875,0.08747585,0.7971088,0.2485351,0.7515791,0.8290616,0.21582481,-0.048040975,-0.9956166,0.065959096,0.13742536,0.38399345,-1.5403471,-0.21247634,0.60832894,-0.6394091,0.87659985,-0.084172875,-0.5057351,-0.4405545,0.59764266,0.43286806,-0.5037656,0.39427462,0.5245211,0.29099277,-0.5326816,-0.2572155,0.4475142,0.7964521,-0.6092649,-0.1707716,0.3561644,-0.5693638,Nasional
-0.1458264,-0.090860486,0.5621726,0.34226233,0.11971787,-1.0888903,0.13111386,-0.61813504,-0.23034738,-0.44477147,-0.96903694,0.050175577,-0.10270776,-1.0125142,0.15646997,0.8697395,-0.5044081,0.04417721,-0.23456949,0.39333898,0.19445208,0.8826909,0.03060001,0.025554383,0.68394065,0.14907417,0.7084688,0.66162515,0.18676417,-0.02684251,-0.8588618,0.08199518,0.11723459,0.33767545,-1.3617918,-0.19048138,0.53596044,-0.5181525,0.7815128,-0.03109386,-0.45683622,-0.38269487,0.52753145,0.35306937,-0.38651758,0.3194986,0.5078502,0.24923679,-0.4375693,-0.18076582,0.36778727,0.71729106,-0.5124733,-0.18008946,0.360882,-0.51143944,Nasional
-0.16989279,-0.18187936,0.55893105,0.46027762,0.10786218,-1.1520826,0.22343116,-0.73504364,-0.30294606,-0.43596035,-1.0627545,0.12682861,-0.106396064,-1.142665,0.19337036,0.97708213,-0.53985304,0.1613819,-0.23144887,0.40903383,0.3267888,1.0788622,0.02465049,0.028652411,0.8587241,0.19730297,0.7074076,0.96438444,0.18988253,0.04065199,-1.0559946,0.056986205,0.20748381,0.36071262,-1.5821123,-0.16956736,0.65478724,-0.71136546,0.89537585,-0.1055929,-0.5255809,-0.47381607,0.6540401,0.44203654,-0.4251103,0.39565358,0.51852524,0.31968594,-0.46018165,-0.16757798,0.42612013,0.6826842,-0.5896077,-0.07031766,0.35580724,-0.58917415,Regional
-0.18848786,-0.09538475,0.60280496,0.43430424,0.06780113,-1.260491,0.19596368,-0.6315135,-0.24221942,-0.4292215,-1.1185648,0.12223153,-0.1489947,-1.1837037,0.25026256,0.9387902,-0.5739695,0.114994004,-0.2987308,0.50060153,0.2794626,1.0823252,0.03810779,0.10162978,0.8102008,0.28624704,0.7206942,0.8633548,0.22039261,-0.04484822,-0.97179216,0.055573367,0.13711686,0.41596296,-1.4937704,-0.2099972,0.56969804,-0.67434484,0.8400651,-0.08098277,-0.49795496,-0.42991114,0.599757,0.4034531,-0.50594306,0.3964069,0.5315827,0.27941957,-0.52651346,-0.27481905,0.43582028,0.76270777,-0.63806313,-0.14348327,0.3290091,-0.5841282,Nasional
-0.15616262,-0.09731634,0.55103195,0.3599496,0.08936327,-1.078014,0.14784025,-0.595145,-0.22343151,-0.42030936,-0.9172672,0.05040026,-0.11707237,-1.0285957,0.16728197,0.82210517,-0.5108068,0.07764557,-0.22764449,0.39904737,0.19622335,0.8892157,0.045457613,0.024486795,0.7095959,0.21095277,0.6674547,0.68781066,0.20396294,-0.032245945,-0.88413775,0.06157334,0.123700134,0.3595659,-1.3381975,-0.18862131,0.52250963,-0.5353432,0.7685518,-0.03961626,-0.44469294,-0.36802867,0.5252622,0.3430378,-0.40207964,0.32221326,0.47474533,0.22556667,-0.4376416,-0.17212722,0.37621254,0.698444,-0.54232115,-0.15710804,0.3556311,-0.53390825,Megapolitan
-0.14146297,-0.09225835,0.62104434,0.37513575,0.10498911,-1.3237873,0.22370619,-0.6546854,-0.19358335,-0.39736605,-0.99028593,0.05966085,-0.14763178,-1.208913,0.23577681,0.9464833,-0.55232245,0.11173599,-0.32670343,0.47634283,0.24579223,1.0267084,0.098042645,0.06628647,0.9026502,0.24186319,0.7779198,0.89252645,0.31207696,-0.03183666,-1.0232913,0.027540684,0.19719514,0.4477375,-1.5581003,-0.20495056,0.57872015,-0.6632726,0.8748843,-0.13156395,-0.5100321,-0.4004484,0.6163638,0.37418127,-0.4637123,0.390789,0.59133995,0.25220338,-0.49568504,-0.22658296,0.43132982,0.7342672,-0.7583733,-0.1918916,0.40143386,-0.5868223,Megapolitan
-0.057485666,0.013266954,0.5626835,0.01284584,0.18939027,-1.0112944,0.27124465,-0.5378869,0.067379296,-0.2505936,-0.6307675,-0.11407385,-0.11581427,-0.79422605,0.08983066,0.78852063,-0.29413453,-0.074596,-0.33481544,0.21955115,0.010054183,0.51598376,0.056639317,-0.036634766,0.6687626,-0.1124333,0.8538715,0.40854394,0.4340061,0.00660994,-0.5838181,0.061236966,0.28075725,0.24476983,-1.2983212,-0.1491504,0.45908517,-0.27483028,0.6984128,-0.19035812,-0.3226251,-0.19913003,0.4469147,0.28084067,-0.13859668,0.19789836,0.6025571,0.03292922,-0.23538406,-0.17995033,0.34255472,0.5511208,-0.62284446,-0.3340865,0.4007473,-0.32739255,Regional
-0.09527695,-0.018706843,0.57974,0.08879247,0.1702256,-0.89903104,0.26913944,-0.6900837,-0.06870019,-0.32914957,-0.7010059,-0.125576,-0.13054138,-0.7885869,0.04949656,0.8668912,-0.30780193,-0.02675618,-0.25306112,0.18606764,0.007318094,0.501373,0.028058508,-0.15029755,0.6182714,-0.17591742,0.9474822,0.3399398,0.3560514,0.0036165307,-0.6550866,0.124224596,0.2991029,0.19179916,-1.3783119,-0.1905244,0.51066947,-0.21161988,0.7539446,-0.16533351,-0.33420837,-0.23618458,0.45349434,0.329873,-0.10578956,0.18998267,0.59938955,0.0255274,-0.20450677,-0.10998674,0.36939973,0.67223907,-0.49240476,-0.28429386,0.41525382,-0.4070773,Regional
-0.08488643,0.0042007985,0.5458707,0.064730674,0.12124903,-0.88696754,0.34199792,-0.6770133,-0.024768949,-0.24055493,-0.6825801,-0.09890432,-0.15234172,-0.7685629,0.09527449,0.88311064,-0.26541805,0.0058426377,-0.29990226,0.18798408,0.017478535,0.47242856,0.05156068,-0.1160731,0.64147365,-0.18612213,0.973152,0.37150005,0.39461598,-0.0091410205,-0.61127245,0.110526204,0.35766742,0.18776454,-1.3791163,-0.19840878,0.47589785,-0.23915045,0.7269287,-0.24048205,-0.29190272,-0.20182429,0.43855056,0.32848927,-0.086500674,0.1989794,0.62367195,-0.0176558,-0.18851389,-0.16125709,0.42697948,0.64229196,-0.54811037,-0.27084586,0.35468382,-0.36489436,Regional
-0.19921781,-0.12402642,0.5927184,0.42731717,0.09862868,-1.2010065,0.20283198,-0.65360147,-0.23575936,-0.4316872,-1.1092528,0.11970096,-0.1312692,-1.138785,0.2108653,0.92584085,-0.5493465,0.10229416,-0.26537368,0.45229366,0.28616518,1.0529145,0.0066729607,0.08143283,0.76949644,0.24167667,0.7110354,0.8335157,0.1968701,-0.009515256,-0.943625,0.0655287,0.15255883,0.36510032,-1.5090431,-0.18142089,0.60556424,-0.65022373,0.8506118,-0.08123007,-0.48926324,-0.443662,0.603309,0.4267457,-0.47466895,0.36823276,0.4934217,0.26975086,-0.48768574,-0.24957074,0.43861562,0.73382753,-0.5930925,-0.13359506,0.32285354,-0.5761811,Regional
-0.10224757,-0.08419483,0.53771806,0.33354437,0.052037086,-1.2607247,0.32898274,-0.58354884,-0.11901099,-0.2349325,-0.8785654,0.075894244,-0.16825663,-1.1382691,0.30597758,0.8961941,-0.47267285,0.15578052,-0.36821976,0.4687758,0.2565704,0.96018815,0.11091831,0.101565816,0.95535266,0.25895607,0.71842235,0.94240427,0.37686023,-0.027375039,-0.9986184,-0.039718833,0.24942331,0.42907748,-1.4991155,-0.16867247,0.5343229,-0.67205703,0.80848616,-0.24623884,-0.4693044,-0.3465659,0.5824594,0.34962603,-0.45995334,0.41824022,0.5645808,0.21111597,-0.48204997,-0.2405842,0.4431508,0.6287288,-0.79094857,-0.15812962,0.33335608,-0.5012657,Regional
-0.1276341,-0.06606781,0.5882776,0.3210401,0.107551195,-1.1867492,0.2242081,-0.659122,-0.16992533,-0.38383216,-0.88035476,0.015284103,-0.14715868,-1.101449,0.19668229,0.8775515,-0.4919071,0.105919875,-0.2863625,0.4121304,0.19731207,0.8777466,0.08304456,-0.015277063,0.8360656,0.15946186,0.8062767,0.76230496,0.32444185,-0.013407951,-0.9426561,0.045333616,0.22043553,0.39529923,-1.4884304,-0.19543345,0.55303144,-0.5505181,0.8338687,-0.12346463,-0.45057848,-0.36169285,0.5690277,0.33823478,-0.38837206,0.33973673,0.56087375,0.18429537,-0.41648406,-0.17154516,0.4166006,0.7054065,-0.7030204,-0.19950081,0.41416058,-0.56709075,Regional
-0.17001046,-0.13765499,0.6245195,0.39132366,0.21982986,-1.0606256,0.05958042,-0.8062591,-0.36148274,-0.62856597,-1.0019,0.01999152,-0.042564847,-1.0400761,0.043263976,1.0053185,-0.5392783,0.046561323,-0.13831356,0.32066715,0.16446926,0.89494705,0.01622778,-0.13749418,0.7253187,0.035501763,0.80219,0.65075177,0.1491875,0.04013521,-0.97108597,0.17781278,0.14856361,0.3250581,-1.5220933,-0.20167881,0.6224438,-0.5027771,0.88963073,0.09448672,-0.5394738,-0.4541617,0.6276234,0.40195748,-0.28287756,0.30379328,0.571616,0.3274799,-0.39326322,-0.05835981,0.34660083,0.76828474,-0.39609158,-0.17822821,0.50392276,-0.5815108,Nasional
-0.18684651,-0.14258735,0.6035336,0.45074347,0.14233328,-1.1865733,0.23691787,-0.7925054,-0.30377367,-0.46228912,-1.0915858,0.102512,-0.11246928,-1.1957573,0.19119367,1.0289791,-0.53025,0.17183375,-0.22093326,0.41733706,0.31001797,1.0698916,0.02754791,-0.011628315,0.8935052,0.15792865,0.8104991,0.9827147,0.23477568,0.05952697,-1.0772965,0.0940687,0.25154802,0.3634592,-1.6687127,-0.16582961,0.66927487,-0.72584194,0.9279571,-0.12613526,-0.5456399,-0.48604575,0.6929994,0.4591917,-0.3822033,0.3995406,0.5830788,0.29832548,-0.43633294,-0.16454065,0.43538406,0.70566505,-0.6301345,-0.08752018,0.3933896,-0.63125604,Nasional
-0.2068802,-0.14484632,0.5838945,0.45525128,0.13714135,-1.1163795,0.24658273,-0.7834038,-0.28720602,-0.42879394,-1.0147477,0.0661578,-0.13106386,-1.1587344,0.17031984,0.9598849,-0.5011403,0.19861577,-0.18427886,0.37381467,0.29384026,1.0280739,0.04280344,-0.030519528,0.86511904,0.15944469,0.77572984,0.9560836,0.23220327,0.04752887,-1.0846485,0.08348233,0.27411738,0.35690385,-1.6347865,-0.16897593,0.6637827,-0.68401384,0.9080816,-0.1485155,-0.50179476,-0.4597525,0.6672231,0.45950964,-0.3724738,0.37716573,0.5376679,0.26975048,-0.4240663,-0.113713935,0.4236378,0.68390745,-0.623004,-0.09383937,0.40897697,-0.6367704,Nasional
-0.11373543,-0.0695746,0.5519801,0.3160148,0.082253575,-1.173567,0.25145587,-0.5843008,-0.13893092,-0.3170905,-0.857536,0.046691936,-0.14707845,-1.0715537,0.22980016,0.8486134,-0.46768856,0.11161999,-0.30465746,0.42488915,0.20466205,0.8822415,0.08600087,0.03965686,0.83596873,0.20031907,0.729895,0.78416836,0.3250162,-0.021243153,-0.9062296,0.010974301,0.20378266,0.38831264,-1.4083474,-0.17320924,0.509639,-0.58099985,0.7807449,-0.15656252,-0.44339252,-0.3376675,0.5505581,0.31950197,-0.4035388,0.35174033,0.5407135,0.18897489,-0.4304178,-0.20982336,0.40954003,0.6534734,-0.6965305,-0.17760028,0.3549543,-0.5090778,Regional
-0.13031909,-0.07508719,0.6222402,0.3267562,0.11688743,-1.3135605,0.2946044,-0.63297546,-0.11201374,-0.3153291,-0.8820968,0.02339805,-0.1678357,-1.1917268,0.25003937,0.91274875,-0.49246967,0.12737274,-0.33690926,0.45314744,0.20775709,0.9500758,0.111585386,0.051543545,0.9527367,0.22379407,0.8008296,0.88733774,0.4007011,-0.013889307,-1.0053469,-0.004690439,0.25767696,0.43989202,-1.5710139,-0.17524809,0.56442386,-0.6324207,0.8568119,-0.2087919,-0.4810372,-0.35832822,0.61437947,0.3579828,-0.43146196,0.39172786,0.5979443,0.18488106,-0.47477412,-0.20673262,0.440026,0.6832449,-0.8191247,-0.21910538,0.41318613,-0.5684395,Regional
-0.10557112,-0.056270607,0.54530853,0.29462454,0.07890469,-1.1420472,0.21443407,-0.5723311,-0.14885029,-0.32163224,-0.85488325,0.024121374,-0.13449249,-1.0310487,0.21930286,0.8433808,-0.47225037,0.06695992,-0.31869045,0.40402356,0.17404248,0.848392,0.084236756,0.042905618,0.78184664,0.18614829,0.70235336,0.71144694,0.29242042,-0.046777938,-0.8974,0.017133951,0.17301159,0.36798352,-1.368347,-0.19333029,0.5040103,-0.53007954,0.7606,-0.13003266,-0.44452226,-0.32043958,0.5161081,0.31217805,-0.4013162,0.34543473,0.53181297,0.1982834,-0.45047033,-0.19827433,0.37838224,0.6852568,-0.6329909,-0.20236982,0.3542086,-0.47117916,Regional
-0.17995687,-0.3018763,0.61833745,0.37887084,0.28324977,-0.8441056,0.17729175,-0.979493,-0.44004506,-0.58527464,-0.88155925,-0.10366286,0.02441752,-0.91604716,-0.041248478,1.1300184,-0.44589448,0.095710404,-0.012612452,0.1579918,0.1706344,0.8307532,0.0060622576,-0.23352589,0.7922037,-0.13455041,0.89791965,0.76645625,0.17441621,0.0466761,-1.1644537,0.12042907,0.2672411,0.14154378,-1.6775823,-0.15543205,0.825842,-0.45089582,1.0158026,-0.12947254,-0.5783524,-0.5024922,0.6532253,0.53266746,-0.1555999,0.36949685,0.5487052,0.37157702,-0.33430317,0.17717956,0.2733796,0.6848215,-0.24163212,-0.1013669,0.5541853,-0.5631296,Megapolitan
-0.13146093,-0.086904824,0.63257,0.33203554,0.11980735,-1.3151288,0.29750305,-0.66653025,-0.12291649,-0.3437032,-0.9355014,0.03945909,-0.16279708,-1.1905497,0.23487926,0.9523025,-0.50086975,0.11510833,-0.33472666,0.44816726,0.21997812,0.9716098,0.09597527,0.046020973,0.9442534,0.19579047,0.8348294,0.8815651,0.3832859,-0.0030502386,-0.9936192,0.013074789,0.2656043,0.42065406,-1.6122451,-0.17395651,0.59080917,-0.63593596,0.884784,-0.20029359,-0.48798794,-0.3749531,0.62827575,0.3771226,-0.42177165,0.37836143,0.6096052,0.1927357,-0.46191937,-0.22851819,0.46177965,0.69730055,-0.7998469,-0.21285717,0.41200364,-0.5702746,Regional
-0.25692284,-0.1570185,0.6541089,0.48357636,0.21216775,-1.1440359,0.15645097,-0.8914385,-0.38565117,-0.62281805,-1.1565157,0.09557129,-0.08594986,-1.1997123,0.093281426,1.0663096,-0.53802955,0.18702258,-0.103244655,0.36608204,0.29298106,1.0705154,0.018914737,-0.089308366,0.80410975,0.076654,0.85368645,0.90802854,0.14909723,0.09165177,-1.0564635,0.189675,0.2608504,0.36476254,-1.7017891,-0.19628693,0.6879435,-0.6831644,0.9570297,-0.0028116293,-0.56397784,-0.53147864,0.7325341,0.49756238,-0.28171346,0.34975773,0.6140322,0.33821508,-0.38115945,-0.09375033,0.3978043,0.7407657,-0.51113707,-0.08350691,0.46107724,-0.699137,Nasional
-0.14874369,-0.1281326,0.6271728,0.1479715,0.31898636,-1.1493421,0.29846895,-0.73169625,0.019637646,-0.34807324,-0.7089232,-0.05870937,-0.06470524,-0.95997256,0.049846902,0.8831042,-0.36997774,0.02084448,-0.22906609,0.24503152,0.12445916,0.64088506,0.04572831,-0.112742744,0.83978456,-0.113180384,1.0145591,0.64065206,0.42845997,0.10691706,-0.75290585,0.051887188,0.36178088,0.27201083,-1.6385708,-0.08471467,0.6194728,-0.39767537,0.8872523,-0.18934934,-0.42736137,-0.37222102,0.63575053,0.41689903,-0.19224785,0.22919613,0.58841884,0.08037293,-0.2253589,-0.04876826,0.41817826,0.553608,-0.77515876,-0.2939556,0.49223176,-0.5593288,Megapolitan
-0.16279288,-0.11440891,0.65127516,0.14928846,0.328138,-1.2243071,0.35715196,-0.78232014,0.046408303,-0.31189334,-0.70980257,-0.07549844,-0.093803555,-1.0348278,0.08998395,0.91925144,-0.3697206,0.06332447,-0.2563945,0.25852445,0.13957117,0.66320115,0.07531169,-0.13053659,0.93217325,-0.11969126,1.1132724,0.7170785,0.5191221,0.101325266,-0.8120452,0.044756584,0.4402657,0.31106782,-1.7541617,-0.102135375,0.6492274,-0.43480194,0.9425108,-0.2648879,-0.4412848,-0.3789598,0.66972524,0.4429287,-0.19616228,0.2510958,0.62858117,0.05749371,-0.21346217,-0.037420686,0.44803068,0.56565595,-0.8942782,-0.3061822,0.5159533,-0.6288542,Megapolitan
-0.16673669,-0.119105265,0.65298563,0.14793253,0.32499287,-1.2080629,0.32406205,-0.7444351,0.053714477,-0.33532855,-0.73982847,-0.07069391,-0.075645775,-1.0022396,0.06621041,0.9033179,-0.37954667,0.016558591,-0.25641483,0.25221676,0.11343485,0.6572521,0.040284086,-0.115818076,0.86024076,-0.10956229,1.0655427,0.6384484,0.46765652,0.08489154,-0.76537937,0.047557533,0.38695964,0.27697703,-1.7001843,-0.09694051,0.64307594,-0.3970729,0.9286648,-0.21342598,-0.43076894,-0.37889066,0.6528283,0.44164371,-0.21240936,0.23494388,0.5945862,0.05572391,-0.23449223,-0.059865147,0.4507856,0.5907508,-0.8237178,-0.3231729,0.49844554,-0.5927578,Megapolitan
-0.16529237,-0.115255244,0.6715343,0.13835935,0.34357285,-1.2544713,0.34580532,-0.78783286,0.06212431,-0.3228211,-0.7236918,-0.08400721,-0.076934785,-1.0377127,0.0790284,0.93757015,-0.38084918,0.039642442,-0.26545256,0.26460373,0.124607556,0.65801823,0.06977447,-0.1297594,0.9392298,-0.13707595,1.1381938,0.7021248,0.51557904,0.09939859,-0.8104888,0.046899024,0.43609875,0.30338955,-1.7845848,-0.10331587,0.6561475,-0.4198302,0.9574171,-0.2525185,-0.44120064,-0.38552952,0.6793006,0.4542814,-0.20061381,0.24999528,0.6394195,0.060926564,-0.2253718,-0.046525486,0.4674367,0.57846284,-0.903255,-0.3372359,0.53852683,-0.610539,Megapolitan
-0.15911649,-0.0888958,0.67644066,0.12527278,0.3436013,-1.2672039,0.36228138,-0.7922388,0.07790481,-0.31526726,-0.7215335,-0.09101273,-0.09844662,-1.0510204,0.09214403,0.93803996,-0.36630848,0.050321642,-0.27619305,0.26988238,0.121117696,0.64444816,0.07864362,-0.13757963,0.9447883,-0.14760698,1.1714534,0.6973353,0.553127,0.100128874,-0.79299086,0.05526366,0.4583855,0.31675076,-1.7900221,-0.10936527,0.6398219,-0.41798046,0.95419294,-0.27152425,-0.4286256,-0.37246087,0.67737156,0.44103023,-0.1831715,0.24409714,0.6655391,0.04038499,-0.205868,-0.06253176,0.47105423,0.5767694,-0.938757,-0.33915624,0.5368455,-0.62293905,Megapolitan
-0.16675924,-0.10715695,0.6678628,0.13733898,0.33475518,-1.2578146,0.35558295,-0.7749425,0.074809015,-0.31903517,-0.75570726,-0.06742924,-0.083683096,-1.03342,0.0893114,0.9429024,-0.3762305,0.03010172,-0.27643183,0.2720865,0.128636,0.66793126,0.056473777,-0.11374335,0.92522305,-0.1327021,1.1317203,0.6898254,0.51179796,0.099438615,-0.7861169,0.046383306,0.4304465,0.29416162,-1.7731874,-0.101005144,0.65105927,-0.4257077,0.94974875,-0.25255233,-0.43842062,-0.38470125,0.6767515,0.45535496,-0.21001582,0.24912135,0.6409551,0.057832282,-0.22767761,-0.07984206,0.4764497,0.5843637,-0.891774,-0.3322359,0.5108767,-0.5971047,Megapolitan
-0.16614705,-0.10419755,0.67162555,0.13721563,0.3490288,-1.2506881,0.3414978,-0.7862012,0.06505331,-0.32976457,-0.694275,-0.09141154,-0.08479376,-1.0458909,0.076941945,0.914225,-0.3765969,0.050528925,-0.25309032,0.2619968,0.11979524,0.6443864,0.08138194,-0.1433431,0.94143236,-0.12891531,1.1436698,0.69982064,0.53357685,0.10351729,-0.80476415,0.051104028,0.44570485,0.31954414,-1.7716967,-0.10494585,0.64308274,-0.4188016,0.9523971,-0.2506658,-0.43273172,-0.38021922,0.6760997,0.44085002,-0.18767832,0.23863205,0.6411931,0.046233978,-0.20588428,-0.035424348,0.45887342,0.56621075,-0.9263725,-0.33221483,0.5481507,-0.63742656,Megapolitan
-0.17138186,-0.11822652,0.65823936,0.14729682,0.34118629,-1.2283893,0.34793442,-0.7801189,0.06494149,-0.3205729,-0.71200305,-0.07342076,-0.079500526,-1.0299942,0.07065092,0.9110959,-0.37448317,0.046215087,-0.25244752,0.2511401,0.12934572,0.65432596,0.061571028,-0.13314463,0.9205924,-0.1244992,1.113072,0.695091,0.5051732,0.10723416,-0.7959598,0.046336934,0.43607658,0.29890615,-1.7640296,-0.095459305,0.6533216,-0.4213563,0.9492657,-0.24453308,-0.43180394,-0.38517785,0.67734957,0.45018578,-0.19656844,0.23610662,0.61906767,0.047863945,-0.21062204,-0.041160513,0.46391168,0.56658566,-0.89665437,-0.32164177,0.5226161,-0.6243495,Megapolitan
-0.17087208,-0.11785865,0.71251446,0.1381214,0.36249632,-1.3084785,0.32969663,-0.81175435,0.06721616,-0.37457168,-0.75526357,-0.097544216,-0.07454945,-1.0884086,0.062031187,0.9592229,-0.41153753,0.008433836,-0.2726503,0.27053878,0.10553735,0.6771467,0.06377467,-0.14651269,0.9480129,-0.12644477,1.1704803,0.67517513,0.5275695,0.099808626,-0.83890355,0.061919417,0.4277747,0.31414485,-1.8358301,-0.111837916,0.68538344,-0.41281587,0.99841917,-0.22662863,-0.45869038,-0.399223,0.6973469,0.4594813,-0.21510044,0.24437338,0.65392405,0.04815193,-0.24346098,-0.04785182,0.476175,0.6299503,-0.91913414,-0.3683958,0.57335466,-0.64410144,Megapolitan
-0.14556305,-0.10815037,0.67771333,0.12608205,0.3156824,-1.2527707,0.31656396,-0.7577094,0.059218723,-0.3493752,-0.7941872,-0.08223377,-0.071863346,-1.0276902,0.087271,0.95696664,-0.40185276,-0.021815335,-0.30828032,0.26610202,0.09667105,0.6699183,0.040525414,-0.099317364,0.88685274,-0.12413699,1.092389,0.62940556,0.48159713,0.082293354,-0.8002323,0.05761114,0.36848396,0.2808649,-1.7455977,-0.116045795,0.6573239,-0.3990914,0.94466215,-0.21322207,-0.45051333,-0.37230402,0.65685207,0.44454846,-0.23489295,0.25430375,0.63795745,0.06840286,-0.2802782,-0.09715227,0.46364406,0.64388186,-0.8192345,-0.35673046,0.51264286,-0.5437358,Megapolitan
-0.14019552,-0.110285744,0.6576513,0.119897984,0.3342483,-1.2013873,0.27148783,-0.7472011,0.046953976,-0.37775984,-0.71729285,-0.09107072,-0.043378226,-0.98674977,0.045305114,0.9061863,-0.3977513,-0.02803053,-0.26466578,0.24092185,0.08160129,0.61581105,0.04499874,-0.13098617,0.8557792,-0.13881762,1.0701339,0.59322095,0.4523743,0.09366608,-0.77665555,0.05802407,0.3539177,0.28863585,-1.68481,-0.114565015,0.63941044,-0.3689051,0.9215232,-0.1670281,-0.44654864,-0.37472436,0.6443056,0.41591623,-0.202752,0.21631223,0.6141649,0.07319316,-0.24504183,-0.040140413,0.42931786,0.6104893,-0.80164886,-0.35574716,0.5375727,-0.5582302,Megapolitan
-0.09685904,-0.052794088,0.56266356,0.08119436,0.23293038,-0.97966343,0.20215689,-0.6110346,-0.0099321045,-0.3401302,-0.6590102,-0.10609022,-0.06697235,-0.8064088,0.050817534,0.79725826,-0.32294586,-0.05795345,-0.23893131,0.22388236,0.025945101,0.5148818,0.04070148,-0.10146956,0.6332348,-0.12537666,0.89934945,0.394067,0.36565843,0.009821744,-0.62440896,0.06865388,0.25845826,0.21834363,-1.3228931,-0.1405884,0.4945072,-0.2636926,0.74012786,-0.14267352,-0.35822666,-0.2766814,0.46811238,0.30778462,-0.15984343,0.1997982,0.5430293,0.06798883,-0.23147884,-0.09404369,0.3431732,0.5883697,-0.5642233,-0.30589968,0.43432564,-0.40983957,Megapolitan
-0.10320615,-0.04602041,0.6264004,0.062625565,0.25736988,-1.1082358,0.24930535,-0.6404016,0.025328768,-0.326668,-0.70593435,-0.13997383,-0.087207906,-0.88910145,0.071578704,0.8748535,-0.3574708,-0.08118854,-0.30177668,0.24996926,0.0126241045,0.5618564,0.0540975,-0.08920245,0.7149372,-0.1299968,0.98527825,0.42519245,0.43246385,-0.014565431,-0.6920249,0.05336813,0.27573603,0.23894462,-1.4532276,-0.16446672,0.5341105,-0.27330148,0.8146797,-0.18026856,-0.3857606,-0.2817259,0.5038966,0.3428085,-0.19093224,0.22827531,0.6018667,0.06697716,-0.27413988,-0.12185081,0.38043365,0.6539716,-0.6438291,-0.36724046,0.4798036,-0.42079136,Megapolitan
-0.07163645,0.014920391,0.67575896,-0.006612977,0.2464452,-1.2462417,0.3047731,-0.58783877,0.14620061,-0.2696982,-0.7143598,-0.13406542,-0.11269056,-0.9596581,0.12932827,0.905213,-0.35723698,-0.11537498,-0.43007663,0.27874434,-0.004704667,0.59670866,0.079306915,-0.021456491,0.8281716,-0.104512654,1.0017965,0.4903444,0.5465309,-0.00081465597,-0.68531555,0.036031876,0.31115037,0.2975776,-1.5266933,-0.14733464,0.52381647,-0.34036154,0.82018965,-0.23224445,-0.38191888,-0.22073215,0.53348047,0.31311482,-0.19747715,0.25239387,0.70479983,0.027058236,-0.30208328,-0.2420057,0.40413958,0.6347582,-0.79754,-0.42204708,0.468099,-0.35602662,Megapolitan
-0.06851818,-0.012013985,0.63477296,0.03789122,0.21980093,-1.1885525,0.3161125,-0.60954976,0.085684575,-0.25864863,-0.7504459,-0.10278001,-0.11892706,-0.9435612,0.15032804,0.92253584,-0.35180345,-0.070117466,-0.41100544,0.27653795,0.045129906,0.630968,0.070966,-0.01754731,0.81941164,-0.10126948,0.9652965,0.54476386,0.5034646,0.009819914,-0.71756566,0.03814166,0.3119717,0.2734168,-1.5181308,-0.14530025,0.5382804,-0.37523597,0.8095087,-0.24790812,-0.39283967,-0.2442343,0.53274643,0.32781887,-0.21139605,0.2735286,0.6817879,0.06725399,-0.30478126,-0.23243035,0.40243343,0.6235058,-0.74875766,-0.3581268,0.42730296,-0.35343865,Megapolitan
-0.15999283,-0.08469286,0.5951716,0.17582078,0.18724474,-0.8671859,0.22216561,-0.7768962,-0.1788667,-0.45236546,-0.8097856,-0.09624544,-0.103862576,-0.83999366,0.012937355,0.9366382,-0.34781003,0.005948877,-0.16834176,0.17410918,0.0420844,0.597409,0.024227466,-0.1589564,0.60514617,-0.15016837,0.9163967,0.38888007,0.2740923,0.008116048,-0.75151277,0.14905776,0.28273135,0.18224229,-1.4332176,-0.20271991,0.59357303,-0.26535606,0.80646306,-0.09717767,-0.3936021,-0.2988356,0.48582512,0.38747516,-0.10558495,0.21785289,0.57657623,0.108784735,-0.23800226,-0.052394915,0.34901795,0.72036403,-0.3777177,-0.22106607,0.4288483,-0.47622257,Nasional
-0.10787916,-0.050222915,0.56921405,0.12650986,0.19060168,-0.81252366,0.17172638,-0.6440832,-0.065845735,-0.38931847,-0.5838781,-0.1629456,-0.099068575,-0.75866956,-0.01863242,0.7187494,-0.34360442,-0.03272564,-0.17704915,0.15151004,-0.026132533,0.44901013,0.028144397,-0.1918642,0.5609771,-0.107429184,0.8323389,0.25196484,0.30386898,0.016926672,-0.66909754,0.10658443,0.2164708,0.1947597,-1.2800839,-0.1566379,0.50283486,-0.15776117,0.73796266,-0.059827663,-0.30860707,-0.22716576,0.4213001,0.28967696,-0.12636457,0.14880809,0.4802984,0.0033406718,-0.21507359,-0.0065448196,0.33511806,0.6616078,-0.44795036,-0.2864377,0.46027386,-0.44847026,Regional
-0.19725819,-0.16604783,0.56580627,0.30431494,0.19996591,-0.7489778,0.20016505,-0.8544943,-0.31854516,-0.56716394,-1.0165743,0.023414496,-0.0804524,-0.8186834,-0.043747753,1.0074555,-0.36131614,0.05461978,-0.055642415,0.15504186,0.15693013,0.72999156,-0.06440862,-0.15685071,0.5075374,-0.18909399,0.8300997,0.48395655,0.09051656,0.112132624,-0.74105394,0.21953036,0.25483415,0.08211497,-1.4570111,-0.14367443,0.6434416,-0.38316625,0.8206682,-0.01570391,-0.42628577,-0.406995,0.5630197,0.46505734,-0.06552579,0.22085673,0.5597144,0.21076767,-0.20554629,-0.067810066,0.34024966,0.6773746,-0.16961531,-0.09746528,0.34055048,-0.47424433,Money
-0.13399063,-0.11728349,0.53593147,0.18849789,0.149772,-0.7315915,0.1263015,-0.70510864,-0.22946884,-0.49538052,-0.7885584,-0.086833365,-0.06629265,-0.7065844,-0.041077156,0.8602152,-0.36780596,-0.07249447,-0.12403273,0.15860029,0.009645939,0.546236,-0.025116684,-0.16583492,0.46259382,-0.1426771,0.7985866,0.2347822,0.14296587,-0.023608161,-0.6775059,0.15241191,0.15503429,0.09575832,-1.2458498,-0.18018246,0.54971004,-0.1906572,0.7359328,-0.0010524819,-0.3611276,-0.30803248,0.4135413,0.3496144,-0.14544915,0.17266475,0.46417448,0.13346846,-0.24970143,-0.043079335,0.31254908,0.716917,-0.18082695,-0.2243843,0.39841738,-0.3968817,Money
-0.1973117,-0.29533148,0.5991408,0.41840157,0.3160673,-0.80993074,0.24203318,-1.0222278,-0.4776966,-0.6431789,-1.0813007,0.02329951,-0.010486945,-0.9423719,-0.06967277,1.1991868,-0.42344734,0.13208297,0.02519424,0.12358882,0.27303928,0.9316155,-0.06875856,-0.23012742,0.7213165,-0.17076649,0.85681236,0.8149064,0.06801938,0.18994065,-1.109142,0.18406802,0.29105625,0.061224207,-1.7563592,-0.06456484,0.8796025,-0.5675033,1.0197257,-0.04263996,-0.6024996,-0.5587539,0.7408317,0.5462411,-0.094067656,0.36951515,0.60184515,0.40824866,-0.2671296,0.09256711,0.30726492,0.64264214,-0.1745826,-0.0025079888,0.44761693,-0.5855207,Money
-0.08221151,0.2718339,1.4770483,-0.2727507,0.44619024,-1.6014467,-0.4752908,-0.5838223,0.1297732,-1.3401581,-0.5075279,-0.9295432,-0.011561741,-1.1105915,-0.44796363,0.8875424,-1.0111995,-1.0921946,-0.4237149,0.36669162,-1.2334837,-0.0884364,0.1903068,-0.5776882,0.35531056,0.10929192,1.5112635,-1.5639142,0.48020062,-0.43374592,-0.69762594,0.2808273,-0.5543219,0.50076497,-1.338873,-0.45256743,0.37128302,0.72393644,1.176169,0.83648115,-0.47514996,0.045120087,0.33325073,-0.12172622,-0.2899784,-0.10539904,0.78985846,-0.43262064,-0.6748896,-0.07436968,0.46144813,1.9582655,-0.3454128,-1.354775,1.4638197,-0.5468496,Bola
-0.08240208,-0.17644511,0.41251266,0.12969717,0.066251904,-0.5628873,0.10737999,-0.5598684,-0.2122945,-0.31535006,-0.64854425,-0.15080453,-0.030494925,-0.4969797,0.009792801,0.75015354,-0.33042464,-0.15174851,-0.1899577,0.09832336,-0.055199265,0.4305822,-0.023260107,-0.11318301,0.3927259,-0.11198516,0.6022858,0.09906326,0.097068064,-0.1774628,-0.69781274,0.0405969,0.056109827,-0.015434121,-1.0248005,-0.21022497,0.5296786,-0.033464126,0.61279017,-0.07966911,-0.3077338,-0.22129825,0.24451526,0.31698352,-0.26131833,0.21421126,0.30287752,0.14191137,-0.34647682,0.00818686,0.23979089,0.70320475,-0.008335171,-0.24822067,0.32779896,-0.18103434,Global
-0.09297839,-0.05475999,0.58006483,0.11468751,0.20258608,-0.8995438,0.22683723,-0.66050607,-0.049262684,-0.34388483,-0.5640675,-0.17804839,-0.11695209,-0.8035374,0.027148226,0.7721475,-0.34611753,-0.027405279,-0.21187614,0.17928971,-0.022328617,0.4678255,0.068248555,-0.17278291,0.6677681,-0.10441237,0.897473,0.3390334,0.38041258,0.005939651,-0.72851646,0.08735744,0.26738137,0.22281891,-1.3805434,-0.14318697,0.51676416,-0.20531106,0.7842558,-0.13578841,-0.33114544,-0.2328991,0.45499834,0.2983156,-0.15331168,0.18485503,0.52448004,0.005745356,-0.23192005,-0.0114740925,0.36745495,0.6535341,-0.56271595,-0.31125477,0.48566967,-0.46862465,Regional
-0.19637538,-0.15064813,0.62196904,0.2988407,0.29597995,-0.872812,0.15441346,-0.77009076,-0.13018723,-0.5135769,-0.7947905,-0.02829929,-0.019176243,-0.89679635,-0.059902567,0.83883345,-0.42263588,0.008406516,-0.102923244,0.13222964,0.09072507,0.6489305,-0.08187685,-0.19920443,0.6040137,-0.08947781,0.8227481,0.48718935,0.17041415,0.16555345,-0.7895525,0.14810733,0.21313871,0.19379018,-1.5601559,-0.058278546,0.64369947,-0.37634692,0.8913968,0.023244174,-0.3904303,-0.41199496,0.6725393,0.43432915,-0.16496094,0.16148515,0.4566599,0.0801732,-0.25991783,0.020836093,0.39193076,0.67327845,-0.45133108,-0.22095627,0.46228182,-0.54339176,Nasional
-0.2503825,-0.178472,0.68008435,0.3940995,0.3601941,-0.9883478,0.22555704,-0.8361211,-0.08686415,-0.5331131,-0.8281959,0.03499795,-0.045487646,-1.0602149,-0.06015367,0.8327255,-0.4577201,0.13457197,-0.08230597,0.12231786,0.17199264,0.7662968,-0.105645575,-0.22438346,0.72592884,-0.03121274,0.85507464,0.6762767,0.20808099,0.29338285,-0.8455632,0.17397113,0.29633048,0.26642108,-1.7805439,0.008069116,0.6904033,-0.53121287,1.0116248,0.040894303,-0.41170967,-0.47317123,0.8514152,0.4897951,-0.14712167,0.15040395,0.46751982,0.018491125,-0.22207926,0.027969692,0.47133598,0.63766164,-0.65235865,-0.16797085,0.45993638,-0.7173478,Nasional
-0.25816393,-0.20953088,0.7373317,0.37410223,0.41068548,-1.0445399,0.30291602,-0.8848078,-0.007603848,-0.4993715,-0.7339837,-0.017163984,-0.03012121,-1.1179935,-0.10120422,0.8394776,-0.46522525,0.11060299,-0.10090432,0.090687595,0.1447251,0.73884714,-0.085130274,-0.24566197,0.8017173,-0.024967842,0.93243665,0.7271822,0.26590776,0.32276532,-0.90526783,0.13009088,0.34923664,0.2887503,-1.9465227,0.03573238,0.7515036,-0.5351215,1.0991724,-0.026679058,-0.40487477,-0.48255897,0.9165912,0.5387907,-0.16248368,0.14078341,0.46747965,-0.055774435,-0.23790033,0.07323021,0.55418193,0.6444519,-0.80009735,-0.23885274,0.55706865,-0.7584034,Nasional
-0.0831254,-0.04124606,0.524138,0.10396985,0.17975022,-0.78094643,0.14130983,-0.6053524,-0.08778938,-0.38944244,-0.53084916,-0.14746292,-0.07397446,-0.7187258,-0.022832429,0.68462825,-0.32048872,-0.03145674,-0.14387086,0.17695041,-0.019294513,0.41355163,0.042824138,-0.19559914,0.5389649,-0.09856986,0.82128847,0.2593982,0.2959185,6.059612e-05,-0.6200148,0.1023108,0.20624961,0.20385705,-1.1757088,-0.15478812,0.45204365,-0.15784244,0.6876697,-0.06991368,-0.2997273,-0.24622485,0.39016238,0.259682,-0.113355,0.13617077,0.45120603,0.020531531,-0.187455,0.006427544,0.29929766,0.5903375,-0.43733078,-0.26172632,0.4689009,-0.4397546,Nasional
-0.13603045,-0.055567298,0.62599933,0.1336126,0.21386315,-0.98110396,0.23907691,-0.7194635,-0.093435444,-0.41435862,-0.8107579,-0.12762582,-0.11620004,-0.8434754,0.05146863,0.92570126,-0.3407265,-0.025569566,-0.21418038,0.22751401,0.023017544,0.5793094,0.017303593,-0.13484535,0.643488,-0.16579688,1.015398,0.3860184,0.3717372,-0.0041593085,-0.66836876,0.12910496,0.28305125,0.20558351,-1.454203,-0.17832737,0.5550042,-0.24868768,0.81764627,-0.15769844,-0.38557577,-0.2988682,0.4892162,0.3807649,-0.14114577,0.20649637,0.6064494,0.07408082,-0.23941793,-0.101382084,0.37761346,0.696666,-0.48550823,-0.2984289,0.45462033,-0.47441146,Nasional
-0.09854486,-0.15948862,0.56191075,0.13356614,0.17565592,-0.8663867,0.26353347,-0.7949991,-0.19858353,-0.3634961,-0.79475486,-0.16146097,-0.09564348,-0.7603471,0.040285066,0.9936926,-0.3382059,-0.049621783,-0.23316953,0.15963234,0.03723149,0.583026,0.012873122,-0.1589467,0.65280247,-0.20962644,0.9586416,0.40412807,0.3127299,-0.06869858,-0.8418285,0.08137257,0.28465167,0.093121424,-1.488482,-0.21269879,0.6683357,-0.19816388,0.8249197,-0.24184333,-0.41312298,-0.31676248,0.4410204,0.42303857,-0.1933474,0.26703322,0.5453933,0.13843066,-0.2943618,0.004325521,0.3422039,0.72150475,-0.34032404,-0.26804978,0.45489135,-0.38729015,Megapolitan
-0.14181617,-0.08950607,0.57108027,0.119312495,0.13927642,-0.8603271,0.40685624,-0.80934215,-0.09413306,-0.27732506,-0.8641976,-0.11262629,-0.18797295,-0.77813566,0.08091069,1.0100279,-0.27168217,0.014917988,-0.28553256,0.1488314,0.05442351,0.5707378,0.0073704077,-0.1269151,0.6392362,-0.2481166,1.0308439,0.3878885,0.38453728,-0.032398924,-0.7107329,0.12250164,0.39402875,0.090569034,-1.5350204,-0.21405289,0.62632483,-0.21053027,0.8104318,-0.3095768,-0.34491065,-0.24683829,0.44519934,0.44352666,-0.107921004,0.23913798,0.6264432,0.020361148,-0.2058352,-0.13507748,0.43460578,0.721936,-0.42737228,-0.23518716,0.34357786,-0.38970578,Regional
-0.18953776,-0.20619068,0.6080687,0.3125396,0.25996128,-0.81429124,0.097113274,-0.87078166,-0.38197443,-0.6322245,-0.9860807,-0.07717495,-0.0089762835,-0.8580501,-0.066534914,1.038096,-0.44578874,-0.013150343,-0.04957328,0.15552843,0.098223045,0.75172985,-0.044003353,-0.21615265,0.58594877,-0.15365076,0.8258673,0.47908422,0.08446232,0.034231592,-0.95906234,0.18401618,0.15379904,0.107458636,-1.5173222,-0.1570738,0.71973455,-0.34374562,0.89120346,0.03854334,-0.5035185,-0.43990636,0.5741226,0.4454063,-0.16428544,0.28169218,0.52944326,0.3022483,-0.34057447,0.048238184,0.28449598,0.7648061,-0.12793507,-0.16989347,0.5103383,-0.4643003,Money
-0.16554822,-0.12981685,0.5742662,0.32509375,0.24651273,-0.8247111,0.06293476,-0.85252804,-0.3476707,-0.6093004,-0.8399356,-0.042783726,-0.018862866,-0.870735,-0.052059937,0.93756175,-0.4109473,0.06917481,-0.023834134,0.15871578,0.11959733,0.67365474,-0.0038312897,-0.25936738,0.6077623,-0.16609351,0.83443546,0.52648836,0.120715335,0.114131816,-0.85978585,0.2193247,0.23649092,0.22377299,-1.4430515,-0.17592911,0.5862734,-0.36411598,0.84639317,0.08075873,-0.46354914,-0.42221493,0.6033927,0.38688907,-0.06778607,0.22319582,0.5593449,0.26858288,-0.23384006,0.06359641,0.2914454,0.66947114,-0.2789043,-0.16168746,0.5154654,-0.53824615,Nasional
-0.18767838,-0.10387442,0.58985066,0.3298743,0.30935672,-0.74733704,0.025086956,-0.8894871,-0.35812685,-0.63079816,-0.616791,-0.13414827,-0.0140242865,-0.8805052,-0.12882005,0.8117354,-0.38974935,0.14895403,0.092696615,0.07399539,0.07116279,0.56540227,0.055667922,-0.37809023,0.6151652,-0.17412898,0.82404107,0.5060717,0.12753879,0.16472845,-0.91435486,0.25251824,0.28268847,0.27508554,-1.4367509,-0.1623835,0.56905055,-0.33161116,0.84756714,0.12901692,-0.44438058,-0.39835912,0.6190608,0.3525221,0.036423605,0.16350007,0.5500597,0.20646086,-0.14743038,0.23985936,0.23303525,0.62646747,-0.35858282,-0.15537871,0.6034993,-0.65746045,Nasional
-0.08197992,-0.21295716,0.51550627,0.2740981,0.15352173,-0.7087651,0.023406865,-0.84735173,-0.4157315,-0.56639344,-0.92286146,-0.10970844,0.04587085,-0.69150174,-0.027326044,1.0877721,-0.4462269,-0.14978644,-0.1859783,0.1330769,0.0072861942,0.6122054,-0.041648276,-0.22800517,0.54672796,-0.2354235,0.78429013,0.3041323,0.062139332,-0.08662603,-0.949747,0.15618594,0.0591656,0.055848617,-1.3871313,-0.26385626,0.64594775,-0.18087368,0.8206102,0.03382414,-0.48112777,-0.38826036,0.449545,0.4023411,-0.24026555,0.3224225,0.4961772,0.35666677,-0.41722044,0.049361225,0.29852828,0.8633459,0.01838264,-0.26401183,0.4891253,-0.24877414,Nasional
-0.1593329,-0.12308022,0.59208244,0.3260376,0.2728172,-0.802277,-0.009124815,-0.85264117,-0.35459524,-0.66294986,-0.74518895,-0.07834971,0.0038065028,-0.8480376,-0.0935655,0.89263254,-0.42391634,0.05040909,0.013864172,0.14559628,0.07025781,0.61813146,0.0019175486,-0.3215912,0.6048598,-0.16378537,0.8304141,0.4516241,0.13327059,0.10664713,-0.8374028,0.23181133,0.20412566,0.24773672,-1.3863275,-0.1877344,0.5577036,-0.30592275,0.8509635,0.13997562,-0.4654849,-0.4069032,0.5846062,0.3558504,-0.049300335,0.18519735,0.53662056,0.25567764,-0.2106249,0.12245434,0.26826832,0.68068236,-0.26829633,-0.18884398,0.5674425,-0.58015233,Nasional
-0.16905312,-0.09520526,0.6246837,0.37991384,0.3115332,-0.8270571,-0.076533385,-0.9793898,-0.4385288,-0.77622277,-0.7873872,-0.080753356,0.02961097,-0.927798,-0.11457495,0.97455543,-0.45589978,0.10482372,0.05317666,0.1261651,0.07414425,0.6189856,0.013088811,-0.42043644,0.6580966,-0.24961619,0.90717274,0.496505,0.11206846,0.17062616,-0.927235,0.31331152,0.23384811,0.3154451,-1.4992124,-0.2370758,0.54066676,-0.3395686,0.9100733,0.24162175,-0.5091958,-0.4539524,0.6774581,0.36932477,0.029675998,0.1784339,0.63254005,0.31570327,-0.18333404,0.1902924,0.2668988,0.7330057,-0.26946378,-0.19723383,0.64328444,-0.6354004,Nasional
-0.1689229,-0.12832868,0.6136087,0.33244425,0.27604103,-0.8271137,0.008444535,-0.8800204,-0.36085635,-0.6688789,-0.79053485,-0.08069819,-0.0003576641,-0.8728829,-0.08761935,0.9342265,-0.43283558,0.050693866,0.0059120026,0.15133184,0.07521767,0.64948314,-0.0024390935,-0.3173014,0.6244425,-0.17193104,0.8596185,0.475526,0.14086679,0.10042671,-0.8720447,0.23307683,0.2178104,0.24264993,-1.4438006,-0.19413854,0.58800733,-0.31996703,0.88038856,0.11535865,-0.47630355,-0.41962948,0.5998826,0.3796738,-0.059051316,0.20088217,0.55374867,0.26445124,-0.22689849,0.11499726,0.27883855,0.7066758,-0.2709107,-0.19288798,0.57296324,-0.58135086,Nasional
-0.14478344,-0.09865797,0.60046846,0.32689562,0.25617453,-0.80346537,-0.09009049,-0.8733213,-0.38301417,-0.70354617,-0.6972995,-0.12894721,0.004653381,-0.8471418,-0.100836076,0.8961503,-0.46566078,0.0018448551,-0.019106708,0.12836392,-0.0166645,0.54609627,0.03142391,-0.40354785,0.6056925,-0.17732616,0.8539096,0.3169433,0.14195724,0.04213472,-0.8639248,0.26455837,0.16249043,0.2904768,-1.358879,-0.26542026,0.49996153,-0.20717081,0.86571765,0.23670724,-0.46257395,-0.37057564,0.5543325,0.32493517,-0.06187905,0.16710584,0.5387785,0.2466202,-0.2408498,0.14738394,0.28377715,0.7822222,-0.23488563,-0.26468515,0.65002644,-0.57575136,Nasional
-0.23146625,-0.17482142,0.64773494,0.37031293,0.34874094,-0.92509466,0.18364368,-0.7938948,-0.10687764,-0.519376,-0.75698084,0.010996663,-0.027645774,-1.003591,-0.06543031,0.7931199,-0.44036883,0.12084263,-0.064394,0.10966377,0.15037179,0.7184264,-0.08663115,-0.2249065,0.6907404,-0.030828632,0.7960552,0.6445237,0.1878583,0.26778582,-0.83459896,0.16182926,0.26364252,0.25733632,-1.6722691,-0.00052857905,0.65305597,-0.49528253,0.9560824,0.04839234,-0.401393,-0.45190758,0.7974113,0.45676666,-0.1336561,0.15597294,0.4437403,0.0422512,-0.22593108,0.05765127,0.41697598,0.59958726,-0.59208864,-0.16676337,0.46796113,-0.6672061,Nasional
-0.13766526,-0.05514285,0.59995556,0.27026448,0.28616598,-0.7963905,-0.08970682,-0.79683846,-0.29487666,-0.65919447,-0.53561705,-0.15516295,0.008058914,-0.8304511,-0.123504244,0.74957657,-0.42174765,0.030454455,0.013657663,0.11275963,-0.038157977,0.4546809,0.05552247,-0.39314926,0.58586085,-0.15891567,0.8232195,0.30255157,0.16331251,0.0883706,-0.78543544,0.24462257,0.18619889,0.32810783,-1.2914188,-0.2157153,0.4419171,-0.20252085,0.8052492,0.2284588,-0.41803962,-0.33638623,0.55008113,0.2728673,-0.0028662577,0.10732951,0.5257613,0.16699179,-0.17304957,0.19170836,0.24541067,0.67861396,-0.35813424,-0.2708456,0.64335185,-0.6080579,Nasional
-0.14535497,-0.03484542,0.5721096,0.21591935,0.16990049,-0.7022371,0.06646633,-0.8277746,-0.26945424,-0.58993256,-0.7652084,-0.093641415,-0.04487751,-0.734888,-0.07824139,0.9337958,-0.37194622,-0.0691524,-0.114541136,0.12570393,-0.061980553,0.46942273,0.017978458,-0.32646745,0.47595975,-0.20936796,0.9180196,0.1556227,0.15616095,-0.0040126964,-0.67660075,0.2530246,0.20110668,0.16576263,-1.2937514,-0.26258135,0.49478552,-0.14885198,0.803291,0.10517642,-0.38330144,-0.28645596,0.45626014,0.30835474,-0.025586812,0.16081204,0.5614959,0.12110992,-0.19257216,-0.03991656,0.3752741,0.8245972,-0.19290084,-0.24931085,0.4881077,-0.4546765,Nasional
-0.19006611,-0.110487975,0.53980476,0.24332422,0.12122907,-0.7225817,0.27205595,-0.8540817,-0.27399573,-0.4923134,-0.9078466,0.0067595746,-0.12232991,-0.76994824,-0.037134364,1.0094348,-0.31941354,0.051723685,-0.11420771,0.123032026,0.08951106,0.6246428,0.011600879,-0.16238782,0.49458936,-0.2014682,0.89737785,0.37023333,0.13181208,0.022053268,-0.65847045,0.22158407,0.3214379,0.11395812,-1.4181281,-0.22961445,0.5872088,-0.28791112,0.7991287,-0.06108026,-0.36561576,-0.3164552,0.486751,0.44982466,-0.027871408,0.17553964,0.58327377,0.10941224,-0.16590379,-0.087046534,0.42592412,0.71720237,-0.22931807,-0.13169937,0.31790236,-0.4773576,Nasional
-0.23964179,-0.09736448,0.5817156,0.28702185,0.07074471,-0.7263601,0.38060758,-1.0482541,-0.3438107,-0.54301715,-0.9309611,0.023352556,-0.17694582,-0.849559,-0.078235306,1.1666452,-0.32014647,0.14591609,-0.082630105,0.089452766,0.081105754,0.62577677,0.08574975,-0.23259102,0.5332545,-0.24319448,1.0830101,0.3876132,0.13634337,0.0056835054,-0.7096403,0.29680824,0.4731538,0.15101942,-1.6121918,-0.32498977,0.6258778,-0.30482897,0.9081821,-0.082505815,-0.36220667,-0.31737635,0.53450006,0.5162486,0.08224143,0.15628068,0.69167453,0.04790142,-0.10175675,-0.058485687,0.5632578,0.82194656,-0.28688246,-0.09788544,0.33133402,-0.6186036,Nasional
-0.17339402,-0.07474063,0.61047846,0.26309285,0.24625504,-0.83642167,0.04090656,-0.8678628,-0.31009343,-0.6443715,-0.7980633,-0.11104226,-0.030768467,-0.8675791,-0.0770155,0.9247715,-0.41894415,0.0015263645,-0.06860696,0.13909066,0.010642178,0.55896986,0.0001732627,-0.32482752,0.58882403,-0.20793372,0.9337903,0.33750412,0.17356667,0.03637152,-0.79000336,0.24259537,0.2258071,0.22547801,-1.4545969,-0.24715121,0.5580102,-0.23395763,0.8607842,0.09844494,-0.43341002,-0.37757748,0.53691113,0.38225797,-0.05614673,0.15784992,0.5793514,0.17675325,-0.18716241,0.08778079,0.3129014,0.76035964,-0.30108902,-0.25560328,0.5402437,-0.57652944,Nasional
-0.15723135,-0.0785873,0.70134294,0.27247018,0.2958943,-0.952659,-0.009590041,-0.8447512,-0.29797995,-0.75269836,-0.9195762,-0.09134468,-0.034810737,-0.9113882,-0.090500794,0.9844606,-0.4819153,-0.086900026,-0.08253077,0.20886315,-0.005925401,0.6440208,-0.030783217,-0.3081479,0.56549317,-0.1656105,0.9517217,0.26577038,0.16848484,0.06942775,-0.76158386,0.2563551,0.13766935,0.23193622,-1.4493997,-0.20122236,0.56545824,-0.25280747,0.9010077,0.20207655,-0.47980976,-0.38580918,0.58446825,0.34394234,-0.10285335,0.16657281,0.6211295,0.19336617,-0.26343545,-0.04234402,0.3383768,0.8418258,-0.2734997,-0.30010822,0.5866253,-0.5558887,Nasional
-0.18759124,-0.09146419,0.6042975,0.34183154,0.20307449,-0.87096566,0.12375858,-1.0094588,-0.38511494,-0.6467587,-0.94350797,-0.0028436687,-0.06641826,-0.9074339,-0.033582516,1.1107314,-0.41452798,0.10456709,-0.081924565,0.15471384,0.10570221,0.6727156,0.016953023,-0.32115036,0.65119976,-0.25742787,1.0051919,0.48799914,0.15785486,0.08523788,-0.83965576,0.30373344,0.34852797,0.23057193,-1.5892946,-0.26678017,0.58775,-0.36261937,0.91406226,0.07653089,-0.45402357,-0.390181,0.63584507,0.42783064,-0.012604226,0.21564735,0.68159485,0.23130488,-0.1994397,0.0012175918,0.41831812,0.77923137,-0.29567805,-0.17190546,0.48279306,-0.5737394,Nasional
-0.1500964,-0.14453305,0.5761055,0.4375876,0.11899642,-1.1912031,0.2372418,-0.7579932,-0.28366283,-0.42748082,-0.9700561,0.075690016,-0.1232452,-1.1641214,0.19870214,0.97252727,-0.53553814,0.16820125,-0.24518766,0.40676066,0.28299493,1.0128063,0.06293249,-0.033735067,0.9182434,0.18457286,0.7786984,0.93666667,0.26083815,0.033953134,-1.0842104,0.061306514,0.24664159,0.4061614,-1.62564,-0.18863252,0.6329885,-0.66810197,0.9111011,-0.10315728,-0.5192121,-0.4429409,0.66446126,0.4130609,-0.41399312,0.38927174,0.56064796,0.2850147,-0.4479038,-0.12664619,0.44296235,0.7070628,-0.6734452,-0.12355621,0.42007175,-0.6246826,Regional
-0.10734185,-0.078266606,0.5558113,0.21655323,0.20470497,-0.9322868,0.12970148,-0.67074066,-0.1841947,-0.47207907,-0.7392212,-0.038138226,-0.071856305,-0.86563605,0.021939233,0.80895674,-0.39651442,0.008300905,-0.14208826,0.24898218,0.1013083,0.6652565,0.023220448,-0.12921703,0.62924945,-0.04714536,0.80654126,0.51066047,0.24461067,0.06313431,-0.7371853,0.11439537,0.21261962,0.26459694,-1.3194473,-0.14076252,0.5300112,-0.3802694,0.7576237,-0.03245773,-0.41414905,-0.34595433,0.51588416,0.30643353,-0.17344889,0.21054748,0.5245747,0.16402285,-0.25131223,-0.06162497,0.3108764,0.6090809,-0.48423666,-0.19821633,0.44699335,-0.509783,Nasional
-0.16918671,-0.15974104,0.54299736,0.26892635,0.21246123,-0.73175097,0.1629054,-0.7990248,-0.3026473,-0.5302954,-0.92108095,-0.027486645,-0.051076844,-0.77576584,-0.0390526,0.95386124,-0.3555935,0.025559334,-0.060605403,0.1432373,0.11872427,0.6730686,-0.05552073,-0.17067547,0.5231975,-0.1850998,0.7946722,0.45731866,0.114036225,0.08307161,-0.7630385,0.18049301,0.21901742,0.08773649,-1.3904133,-0.13691477,0.62589467,-0.33916757,0.794098,-0.022194877,-0.4218648,-0.38590214,0.5327664,0.42091578,-0.08023179,0.22889817,0.5288059,0.22662629,-0.22259127,-0.01941441,0.29345563,0.6547364,-0.1748405,-0.12582655,0.37715304,-0.4328385,Money
-0.19001122,-0.19712828,0.5726521,0.3115987,0.23276033,-0.7760079,0.17859025,-0.8507563,-0.3306825,-0.5700463,-1.0071532,-0.007505647,-0.045627613,-0.82977146,-0.044679765,1.0168518,-0.38583204,0.03260006,-0.053897854,0.15612149,0.15178469,0.7540952,-0.0766217,-0.16895802,0.56122464,-0.17192326,0.81944597,0.517044,0.10454845,0.09689476,-0.83027947,0.18209821,0.22434548,0.078381784,-1.4952037,-0.121850945,0.69112635,-0.38471425,0.8577743,-0.021631671,-0.4610086,-0.43159667,0.58071876,0.46214285,-0.10985626,0.25917423,0.53580034,0.2567352,-0.25102612,-0.020552812,0.31480157,0.685864,-0.16593291,-0.11021929,0.39051464,-0.4697899,Money
-0.176491,-0.18571527,0.5407596,0.3051833,0.23424512,-0.6917916,0.14919308,-0.847353,-0.3537801,-0.54608846,-0.89175206,-0.042401586,-0.017295199,-0.7853136,-0.051527284,0.9685031,-0.36208442,0.06520467,-0.00947495,0.11983201,0.13487571,0.68926114,-0.04557471,-0.21377337,0.5629853,-0.1903201,0.7856823,0.5337847,0.0991739,0.098257415,-0.858291,0.18244632,0.2368644,0.08803191,-1.4337155,-0.12151996,0.65453815,-0.37649918,0.8256109,-0.033382654,-0.44774023,-0.41484818,0.5673879,0.43783647,-0.059675336,0.2641172,0.522036,0.2740381,-0.21807022,0.05873393,0.26367068,0.62851334,-0.15857866,-0.09157664,0.40789884,-0.45169,Money
-0.15395908,-0.34137654,0.53371555,0.3504039,0.17441863,-0.70819986,0.2787517,-0.93234664,-0.43561023,-0.5261967,-1.1995205,0.007896024,-0.022262704,-0.77736986,-0.009876824,1.2236016,-0.4244157,-0.02153799,-0.1290499,0.13444525,0.21044959,0.906763,-0.14075696,-0.11530239,0.59641016,-0.19304475,0.7851083,0.59972787,0.04270472,0.014487747,-1.0318555,0.10996816,0.1963739,-0.08973281,-1.6398695,-0.13098663,0.8879445,-0.41987723,0.9466447,-0.1523997,-0.53088313,-0.49792007,0.57502985,0.5742321,-0.251942,0.406325,0.48623854,0.38680014,-0.3949013,-0.035108175,0.3429553,0.7728021,0.045313038,-0.064758,0.3289731,-0.32909203,Money
-0.10319892,-0.0715378,0.525032,0.15409577,0.19504656,-0.75703037,0.06703599,-0.64650136,-0.19160911,-0.4688621,-0.5927211,-0.13927217,-0.043295685,-0.7065676,-0.047275152,0.74452215,-0.34995285,-0.052278817,-0.09859827,0.15658627,-0.030102419,0.44662368,0.026030883,-0.21061428,0.5078401,-0.128688,0.80039495,0.24495585,0.21492866,-0.006283647,-0.6410013,0.13127196,0.16767742,0.18749093,-1.1761287,-0.17209898,0.4677581,-0.15997288,0.7040979,0.015790612,-0.33940658,-0.2825144,0.40754214,0.28309697,-0.110046975,0.14117272,0.46568248,0.112924434,-0.21449447,0.03682421,0.27642417,0.63764226,-0.3115015,-0.2699109,0.48311582,-0.44297108,Nasional
-0.11691284,-0.03666255,0.57733697,0.20727412,0.23274726,-0.79261464,-0.04861335,-0.724816,-0.22756617,-0.5935868,-0.49217346,-0.18736579,-0.03611808,-0.78645426,-0.09907965,0.69413716,-0.3992659,0.008929369,-0.03557344,0.11609808,-0.054165635,0.4064258,0.06260544,-0.36726204,0.56755453,-0.13744782,0.8300435,0.23176922,0.21621458,0.021840721,-0.7220606,0.19873953,0.18522179,0.30838466,-1.2287384,-0.23895428,0.43362707,-0.1232134,0.7682473,0.16287155,-0.37000242,-0.28040907,0.45284486,0.25724092,-0.03328456,0.0926585,0.49817938,0.1094249,-0.17756034,0.17364427,0.24878584,0.66361636,-0.38841528,-0.30956712,0.6116061,-0.5836507,Nasional
-0.14551632,-0.11804917,0.53563005,0.27211747,0.22534351,-0.7877539,0.0396972,-0.73163456,-0.27282962,-0.5550399,-0.7064345,-0.064656265,-0.030415092,-0.79242426,-0.06015858,0.7868688,-0.38719684,0.043841943,-0.033445157,0.16509953,0.08677871,0.6082216,-0.0018966015,-0.24002925,0.55880606,-0.106717765,0.7529855,0.43416667,0.13977854,0.065368034,-0.75691354,0.1718857,0.19266176,0.21912962,-1.2807374,-0.16404246,0.5299316,-0.2909585,0.7643024,0.06651225,-0.399148,-0.3735055,0.5035141,0.34167573,-0.104423575,0.17454366,0.46540338,0.20029561,-0.21795484,0.06656136,0.26286033,0.61072546,-0.3132033,-0.18122785,0.48765478,-0.52343935,Nasional
-0.11466756,-0.02198593,0.5898457,0.18051364,0.24578363,-0.80126256,-0.050975025,-0.67616254,-0.20126721,-0.58752126,-0.49267572,-0.19719176,-0.03234972,-0.77121216,-0.100078195,0.6741089,-0.39633492,-0.040976588,-0.047280904,0.13556753,-0.083052374,0.39543864,0.05380642,-0.3354143,0.5299001,-0.112479195,0.8208429,0.18512559,0.21729006,0.01140024,-0.6806746,0.18465534,0.14544873,0.29129905,-1.1754582,-0.21573934,0.42492118,-0.11271862,0.74373966,0.15963839,-0.36546275,-0.2674941,0.4322978,0.23506023,-0.05241438,0.09160266,0.49117357,0.093196616,-0.1892309,0.12918143,0.2398986,0.6745076,-0.38562652,-0.32379866,0.6023765,-0.557687,Nasional
-0.09481827,-0.029473057,0.50325733,0.16261305,0.20633233,-0.68627167,-0.052900586,-0.59808,-0.18154599,-0.50384873,-0.38451895,-0.18078652,-0.016921546,-0.6664291,-0.0907609,0.57704926,-0.34662652,-0.009920952,-0.029663298,0.11116075,-0.06883826,0.32831845,0.056918107,-0.30462715,0.48746592,-0.10151368,0.7108432,0.19165069,0.19159515,0.006239847,-0.61164844,0.1556234,0.14039707,0.27019578,-1.0269805,-0.19607967,0.36146414,-0.097939834,0.652558,0.13313046,-0.30900204,-0.23278064,0.38096264,0.2091465,-0.03430812,0.076112755,0.4182441,0.09014861,-0.16364537,0.15625635,0.20490296,0.5598379,-0.346502,-0.2808544,0.54280436,-0.49166387,Nasional
-0.09364482,-0.035675615,0.5402012,0.24677262,0.25812227,-0.70678693,-0.16858293,-0.73312134,-0.298774,-0.6478488,-0.4058428,-0.18125269,0.03337648,-0.7136156,-0.12965682,0.681781,-0.4057644,-0.023690749,0.013576269,0.098555,-0.08076692,0.3483426,0.07290738,-0.42784616,0.52831906,-0.14818943,0.7611946,0.19276541,0.14852065,0.052804418,-0.7147569,0.23644044,0.13080901,0.33870658,-1.1135064,-0.23583429,0.36128142,-0.10713894,0.7431378,0.285883,-0.3842959,-0.27284756,0.4731871,0.20249794,-0.0034587567,0.08421632,0.47942418,0.1800284,-0.17392534,0.20556857,0.22325431,0.6638293,-0.28582877,-0.30061328,0.6663829,-0.5499887,Nasional
-0.10156429,-0.03801085,0.51664907,0.16100526,0.200805,-0.7249809,0.034464013,-0.6299524,-0.18328872,-0.4819455,-0.56268555,-0.13540873,-0.0414714,-0.6987366,-0.052104946,0.6983264,-0.33908558,-0.02992323,-0.072429515,0.13997923,-0.01709216,0.4164012,0.03354085,-0.22516549,0.47681537,-0.13156281,0.761899,0.23598768,0.19937465,0.032459334,-0.6181418,0.15420705,0.16145937,0.21438245,-1.1156611,-0.17534162,0.42732382,-0.16808242,0.6764754,0.066288956,-0.33746243,-0.25966266,0.40862396,0.24795376,-0.054535262,0.12681536,0.4754978,0.112988956,-0.1780504,0.04286177,0.25039604,0.61595076,-0.3171,-0.2479995,0.4751045,-0.44525722,Nasional
-0.18991227,-0.044392925,0.6784145,0.19994812,0.21228452,-0.9600915,0.23929481,-0.8575614,-0.17815697,-0.54030514,-0.9512258,-0.08230722,-0.13723269,-0.9200615,-0.01316216,1.0184838,-0.38637894,-0.0064975284,-0.16851865,0.22276779,0.02910785,0.64016217,-0.010793602,-0.21077473,0.6202763,-0.20133173,1.0942656,0.34456468,0.29478484,0.04196966,-0.71822757,0.21483769,0.31911796,0.19712709,-1.5900062,-0.2058929,0.6142672,-0.26680097,0.9107314,-0.07448534,-0.3983726,-0.34121603,0.53388435,0.41736996,-0.09397435,0.18049046,0.65553343,0.07504625,-0.212285,-0.12912136,0.44468263,0.8229015,-0.42457116,-0.25997987,0.4683373,-0.56024355,Nasional
-0.09141057,-0.0245421,0.5370089,0.22191113,0.2524509,-0.7532432,-0.051154517,-0.76551425,-0.2751853,-0.5536355,-0.43225873,-0.15867704,0.01670376,-0.78621244,-0.07658891,0.7427258,-0.3539148,0.07634334,-0.010955295,0.102417104,-0.012952888,0.39868227,0.12239704,-0.36077362,0.62994313,-0.20942031,0.81858355,0.41063648,0.22040454,0.092466354,-0.7652481,0.22096327,0.2564306,0.3465706,-1.2324158,-0.22339632,0.39699826,-0.23521616,0.7297346,0.12155645,-0.39779466,-0.29743895,0.5136196,0.23935223,0.055173423,0.13336344,0.5677591,0.19305658,-0.13072827,0.20350114,0.21003662,0.5706932,-0.41711354,-0.24305868,0.61097443,-0.5402805,Nasional
-0.068427846,0.005979787,0.5725581,0.11472143,0.20853867,-0.78597325,0.085980624,-0.69622004,-0.15917961,-0.44750935,-0.5124084,-0.20616603,-0.053746402,-0.7309955,-0.019876327,0.7864116,-0.33392692,-0.026479615,-0.14270505,0.15592307,-0.06827161,0.36816108,0.087535836,-0.25834608,0.579285,-0.19970194,0.92094123,0.25857198,0.30411825,0.015161426,-0.6942933,0.1521168,0.2269816,0.2521329,-1.245156,-0.21277025,0.44306287,-0.14039981,0.73593247,-0.02977338,-0.3466,-0.22953886,0.41736248,0.24808627,-0.0478707,0.14781867,0.57637686,0.09097432,-0.18596072,0.06149322,0.26824275,0.68750536,-0.42846867,-0.30957943,0.5264901,-0.4457517,Nasional
-0.06646786,0.005227921,0.61919343,0.09183276,0.2393629,-0.8702001,0.115524106,-0.7140563,-0.13138635,-0.4506,-0.4337466,-0.25099778,-0.06970887,-0.8038061,-0.037048895,0.7917073,-0.35151148,-0.013649236,-0.15157445,0.15638487,-0.081728436,0.38450733,0.14270265,-0.26199755,0.6772173,-0.1654279,0.94801146,0.32111758,0.37652674,0.01575711,-0.7759581,0.13764952,0.26916245,0.31118497,-1.3315463,-0.21212454,0.4671991,-0.1654479,0.78200597,-0.05541181,-0.35779256,-0.21954474,0.4462693,0.24485216,-0.032125812,0.15229699,0.6142203,0.06758157,-0.18750568,0.10559001,0.26645958,0.6629498,-0.54588073,-0.33764157,0.600146,-0.50124586,Nasional
-0.16223775,-0.115104094,0.63249296,0.282376,0.3594686,-0.85492754,-0.026250616,-0.830788,-0.29802665,-0.6033249,-0.4325524,-0.20716761,0.05300948,-0.89731437,-0.120830685,0.786501,-0.4040007,0.10784164,0.084678724,0.14207083,0.020057825,0.52204484,0.10871032,-0.35702443,0.7291543,-0.12898447,0.8998388,0.5803511,0.25282076,0.09458898,-0.9210836,0.17283545,0.26714844,0.34950843,-1.3847351,-0.16705775,0.54805887,-0.30821952,0.8690768,0.034523457,-0.4630892,-0.40355378,0.5946159,0.3466356,-0.00611809,0.16901498,0.520418,0.22045864,-0.18275465,0.29941508,0.19396235,0.5457369,-0.49399784,-0.2334425,0.70572466,-0.6929979,Megapolitan
-0.011936449,0.024435565,0.46382037,0.041248128,0.15596175,-0.72437555,0.041100293,-0.49042287,-0.06927133,-0.35736805,-0.413827,-0.15863866,-0.020470697,-0.6078424,-0.0029279867,0.6152757,-0.29450724,-0.091399625,-0.17913073,0.16970423,-0.08093931,0.2853369,0.069595546,-0.16987139,0.4689463,-0.13929594,0.74277693,0.16941305,0.26052314,-0.0056943004,-0.50857174,0.09207998,0.12270463,0.22658567,-0.963529,-0.17107554,0.31501666,-0.11761149,0.56557435,-0.0013521546,-0.276941,-0.18299717,0.3287029,0.15486188,-0.076189354,0.10864043,0.4746052,0.06086842,-0.18578017,-0.0063745766,0.23366654,0.5516679,-0.39665496,-0.30520055,0.43524456,-0.30347943,Regional
-0.087535776,-0.04371838,0.43088534,0.12779936,0.180053,-0.59608203,0.0047329827,-0.5034403,-0.1535233,-0.39790687,-0.3931881,-0.14124766,-0.009470286,-0.56031185,-0.063390024,0.54932624,-0.2838014,-0.034287363,-0.047783438,0.10919178,-0.042615067,0.31875303,0.04789582,-0.20373891,0.4044185,-0.10564985,0.61480445,0.19006978,0.16648503,0.0068617086,-0.5352393,0.1130989,0.12882008,0.18378185,-0.8969534,-0.15285343,0.3507618,-0.11051633,0.55423284,0.048475992,-0.27903858,-0.2146312,0.3323879,0.1966873,-0.053469207,0.103449576,0.36748552,0.10128652,-0.16261758,0.08017039,0.17819996,0.4906865,-0.24994671,-0.22303003,0.43209657,-0.35892832,Megapolitan
-0.08873744,-0.090839095,0.5832297,0.11806338,0.15573637,-0.8861551,0.15989627,-0.678433,-0.100922875,-0.42689988,-0.72457606,-0.16103303,-0.074573524,-0.79664344,0.0029004142,0.84795076,-0.384392,-0.10628898,-0.2362308,0.20765147,-0.03485898,0.50326085,0.01690823,-0.17286514,0.6053977,-0.1361165,0.90500814,0.24841532,0.30673116,-0.05465825,-0.7335947,0.089911334,0.17304641,0.17246674,-1.3558351,-0.19320755,0.5385204,-0.162619,0.7830894,-0.087095834,-0.3571524,-0.26950222,0.4102169,0.31717873,-0.19475077,0.1998216,0.511298,0.060701314,-0.30218923,-0.052413713,0.36664155,0.7473821,-0.38008663,-0.33375138,0.4939556,-0.38251498,Regional
-0.08336685,-0.060532607,0.5327159,0.16159037,0.21329297,-0.8171729,0.027597306,-0.58703035,-0.17042956,-0.5031038,-0.5960926,-0.10170483,-0.027856115,-0.73594034,-0.04097022,0.6957832,-0.37391764,-0.053095665,-0.08717094,0.21047935,0.0074064964,0.5020568,0.031022314,-0.17375334,0.5069262,-0.06871333,0.7492406,0.30623826,0.19663505,0.029772956,-0.6280816,0.122351505,0.12899168,0.2432875,-1.1156248,-0.15114969,0.4442579,-0.22691467,0.6745734,0.050596524,-0.36178347,-0.2972661,0.41930136,0.24123882,-0.12924832,0.14293233,0.45980117,0.13415244,-0.22661021,0.0012297081,0.24551222,0.5911556,-0.3699285,-0.24460018,0.4917587,-0.45014966,Megapolitan
-0.0266479,0.030420387,0.5299793,0.05604147,0.19471139,-0.76419795,-0.009838073,-0.55769634,-0.117730476,-0.4588532,-0.48385,-0.18229531,0.0029965977,-0.64771914,-0.029072037,0.7005584,-0.33649158,-0.1319218,-0.15095463,0.18530162,-0.11882165,0.30261934,0.0673677,-0.20634371,0.4786213,-0.16618463,0.82106423,0.12762783,0.24888785,-0.008910577,-0.5476708,0.13199005,0.103840984,0.23825534,-1.0420215,-0.18489891,0.34032202,-0.10701379,0.62791014,0.050812226,-0.31915727,-0.20305714,0.3586086,0.16554758,-0.06777151,0.11443121,0.53085035,0.09281986,-0.2039202,-0.0027871348,0.23554905,0.635913,-0.35254756,-0.33786434,0.50049484,-0.3324491,Nasional
-0.0840881,0.21469972,1.285061,-0.16754694,0.37652677,-1.428927,-0.44809082,-0.62969255,-0.0065443874,-1.2198106,-0.57682884,-0.7871961,-0.0057851356,-1.0200881,-0.33972517,0.9117895,-0.89181405,-0.9364648,-0.3107086,0.3860661,-1.0295326,-0.0027635198,0.13957007,-0.57238567,0.36570916,-0.016921885,1.4929553,-1.279635,0.43860066,-0.4098726,-0.63567734,0.28861755,-0.41804254,0.42643288,-1.2396208,-0.43580616,0.36493108,0.53897333,1.036027,0.64001656,-0.45170957,-0.029051675,0.32016453,-0.070047416,-0.27450144,-0.05933709,0.7902407,-0.28267273,-0.55250865,-0.057273213,0.37867522,1.7669514,-0.2707759,-1.1898949,1.2402028,-0.53696126,Bola
-0.0011451165,0.101691745,0.75637335,-0.102845125,0.22985753,-0.9924264,-0.14945115,-0.48662153,-0.020133188,-0.64221805,-0.53008264,-0.38442862,0.011641566,-0.7152141,-0.11554253,0.769105,-0.4964798,-0.45102793,-0.2793043,0.2477684,-0.4253949,0.15208106,0.07765764,-0.23784275,0.3679129,-0.17084241,1.0148958,-0.405512,0.30826634,-0.18019262,-0.48215657,0.14721304,-0.15765516,0.27038682,-1.0257105,-0.28660285,0.2843973,0.18344752,0.7052396,0.24767984,-0.35189974,-0.11333158,0.28314698,0.055898897,-0.14683048,0.054080058,0.63208765,-0.017746132,-0.35158017,-0.09727546,0.28530502,1.0292946,-0.28606883,-0.66359615,0.7124119,-0.26902255,Bola
-0.06251175,0.1388253,0.945593,-0.15894179,0.27695823,-1.1290324,-0.16627365,-0.47216496,0.07560103,-0.7678113,-0.6342995,-0.5036835,-0.07514268,-0.81983197,-0.18598256,0.7607591,-0.621235,-0.605675,-0.32887325,0.2497616,-0.6176623,0.13466153,0.042057216,-0.27255127,0.27758434,-0.14202501,1.1334915,-0.7796448,0.36768225,-0.27145758,-0.47053277,0.1649413,-0.23248748,0.24786806,-1.0962113,-0.33595183,0.32080346,0.34836307,0.81864136,0.34958476,-0.34458533,-0.06707512,0.26647523,0.07237528,-0.19767211,-0.0032604001,0.6392946,-0.17173564,-0.42031592,-0.17099917,0.356304,1.3163677,-0.25568482,-0.8359061,0.82066584,-0.326796,Bola
-0.028036913,0.11590639,0.8261399,-0.14266469,0.24840759,-1.0094378,-0.22102094,-0.39088097,0.047870737,-0.7023703,-0.39133534,-0.48208484,-0.010447621,-0.71066153,-0.19529523,0.61458796,-0.54797673,-0.53858435,-0.24057318,0.2516746,-0.5805427,0.05346145,0.10280849,-0.27700788,0.29438844,-0.059866376,0.9747248,-0.673609,0.31920367,-0.23668732,-0.4265726,0.1401385,-0.23124692,0.28962064,-0.9083951,-0.2728984,0.23470695,0.3163501,0.6945984,0.3478975,-0.30179018,-0.043152176,0.22997037,-0.0063789287,-0.16805387,-0.012726074,0.55333143,-0.14696662,-0.37017548,-0.053550806,0.27297807,1.0884243,-0.27998078,-0.7519712,0.8009863,-0.32878757,Bola
-0.055598952,0.14389053,0.9322752,-0.15351318,0.30409938,-1.1392922,-0.16712391,-0.4368289,0.10393145,-0.7296232,-0.5071207,-0.49069273,-0.05043477,-0.8279377,-0.18175061,0.69511306,-0.59033,-0.55130535,-0.29932877,0.2598572,-0.58988315,0.13891481,0.07784204,-0.25458348,0.35308877,-0.08437187,1.0833954,-0.6438588,0.39972693,-0.23020926,-0.46585503,0.1485416,-0.1865347,0.31275424,-1.0560598,-0.2946811,0.29256737,0.28960526,0.7910817,0.33309084,-0.33868825,-0.05797777,0.2898301,0.056744285,-0.16262637,-0.0034565872,0.63080215,-0.16895244,-0.39480114,-0.13585672,0.33507642,1.1841481,-0.3673492,-0.7926975,0.82849866,-0.36438695,Bola
-0.060605,0.10053046,0.9078976,-0.13996401,0.27872258,-1.0685856,-0.16296649,-0.44865856,0.08304694,-0.7270448,-0.43408123,-0.52783054,-0.056727752,-0.78935105,-0.21573591,0.6502489,-0.5997583,-0.54191387,-0.2740659,0.22266209,-0.61853975,0.09511882,0.09224409,-0.28502733,0.33291736,-0.055759072,1.0350562,-0.70892256,0.35468277,-0.24838659,-0.5183703,0.13429786,-0.19665065,0.27980867,-1.0524682,-0.28963712,0.31154487,0.35303208,0.79734224,0.35092273,-0.32033688,-0.042171918,0.26190123,0.049997136,-0.18616806,-0.01083446,0.5624172,-0.20554806,-0.40937158,-0.05586365,0.33564574,1.2014364,-0.31020448,-0.7915469,0.84820575,-0.3729273,Bola
-0.0956082,0.14562708,0.9911137,-0.1444214,0.28728524,-1.1226165,-0.19838288,-0.4528073,0.09637764,-0.8281562,-0.5578756,-0.56246203,-0.08511263,-0.81879514,-0.22605707,0.6871448,-0.66921335,-0.6654155,-0.31484553,0.25427628,-0.7285901,0.08968194,0.055916164,-0.327548,0.26572737,-0.036274403,1.1213816,-0.943995,0.3808109,-0.31839237,-0.48667264,0.17694479,-0.26340666,0.26453942,-1.0502481,-0.33646896,0.3363454,0.41515404,0.8423439,0.4204787,-0.3268432,-0.022203095,0.25116745,0.037234943,-0.23770046,-0.033189327,0.57433313,-0.2593925,-0.4428426,-0.13249809,0.3761254,1.3884953,-0.24215783,-0.8782283,0.8674209,-0.38388577,Bola
-0.07103286,0.023043923,0.68920904,0.08753242,0.2586066,-0.9596954,0.0023997342,-0.58435804,-0.039236076,-0.54845613,-0.5964677,-0.21099943,-0.055541046,-0.81683135,-0.049347464,0.7175175,-0.44888538,-0.21554807,-0.17774214,0.23080778,-0.21551628,0.3909077,0.016632168,-0.23783505,0.51489544,-0.11208314,0.9447823,-0.02079793,0.33107257,-0.04908943,-0.5932501,0.12713157,0.09220093,0.2560181,-1.2200897,-0.17294176,0.41138422,-0.103732154,0.770119,0.08791879,-0.333912,-0.23692429,0.42882058,0.19239423,-0.18097764,0.09251315,0.5344946,-0.008566564,-0.27095816,-0.08334994,0.35766745,0.86013764,-0.45123318,-0.45734608,0.5886822,-0.45761827,Bola
-0.102455676,0.05894614,0.7464464,0.110151336,0.17498964,-0.85723203,0.01623402,-0.8280471,-0.205344,-0.72213763,-0.7129748,-0.32938835,-0.12051475,-0.79766536,-0.11499867,0.9418786,-0.48865455,-0.2409401,-0.15096998,0.20054983,-0.34337232,0.31363833,0.06808222,-0.41272545,0.45921052,-0.27443126,1.2402382,-0.3009765,0.34496644,-0.19024101,-0.6929056,0.2502808,0.105178416,0.20732237,-1.3333648,-0.34858903,0.47709674,0.0562535,0.90514255,0.099123694,-0.33232906,-0.21147466,0.37526724,0.1899175,-0.10381279,0.06940891,0.65259594,-0.00011392362,-0.22498472,-0.02842042,0.4087608,1.1865703,-0.2405763,-0.49538746,0.63295966,-0.5189515,Bola
-0.04849386,0.08121353,0.8149774,-0.11430203,0.24782284,-1.0215158,-0.15342483,-0.4438909,0.04417938,-0.6576515,-0.4139632,-0.4534901,-0.022948403,-0.7592633,-0.18047722,0.650401,-0.5299378,-0.459078,-0.24717851,0.22994053,-0.5034859,0.12699315,0.10722742,-0.26261345,0.37593666,-0.05349395,0.9558976,-0.49331805,0.3331349,-0.18687735,-0.509913,0.13404548,-0.1470755,0.29263404,-1.0238901,-0.2558386,0.2933176,0.23545426,0.7262527,0.28291684,-0.3139586,-0.07225287,0.28296313,0.051274832,-0.15171646,0.024247734,0.55823076,-0.13075761,-0.36201838,-0.030068483,0.28216612,1.0129071,-0.33839947,-0.69564384,0.7815136,-0.35123107,Bola
-0.05014178,0.111575425,0.96268165,-0.17487517,0.27245936,-1.1476576,-0.2098194,-0.46690032,0.054604527,-0.8118471,-0.60244507,-0.54936224,-0.03288513,-0.80600446,-0.21460238,0.78846306,-0.6514314,-0.6791427,-0.34618956,0.26381743,-0.67227894,0.10524033,0.06560153,-0.28240362,0.2850044,-0.08888433,1.1202074,-0.83329654,0.34868273,-0.302055,-0.4963786,0.16848816,-0.30404595,0.25337502,-1.0806285,-0.33886394,0.33658293,0.39763182,0.8191732,0.39701283,-0.36624518,-0.05039187,0.25600407,0.04560812,-0.230603,0.0072222096,0.63767916,-0.17022407,-0.47420532,-0.13490784,0.33728087,1.3334719,-0.2111622,-0.8767691,0.87497973,-0.29319516,Bola
-0.08833983,0.094825126,0.96508193,-0.14362854,0.28282937,-1.1221716,-0.2363286,-0.43587717,0.0772833,-0.80033016,-0.40936998,-0.5919725,-0.05426783,-0.8172109,-0.24875303,0.63617384,-0.64452624,-0.62571055,-0.2501964,0.25535816,-0.70361334,0.06407758,0.1021173,-0.35237876,0.31199628,0.00774969,1.0764519,-0.8538576,0.37798798,-0.3090421,-0.51030177,0.14398265,-0.2582505,0.29494807,-1.0028414,-0.30802763,0.3013778,0.41909948,0.80015224,0.39151645,-0.33063906,-0.0234942,0.23164757,0.0042055454,-0.22055227,-0.022379568,0.55482066,-0.24251556,-0.43494722,-0.03981233,0.31167787,1.2737303,-0.29526982,-0.8678628,0.9195457,-0.42534685,Bola
-0.026444344,0.14600238,1.1042062,-0.22476418,0.32589152,-1.3243042,-0.27927876,-0.51101637,0.07867758,-0.9059228,-0.51219165,-0.66766894,-0.007681323,-0.9272027,-0.2784097,0.82956964,-0.7281211,-0.73507386,-0.34282407,0.30618775,-0.7861264,0.057086576,0.12760256,-0.33803126,0.37564126,-0.099835396,1.2811368,-0.90105444,0.41306973,-0.3178786,-0.5726333,0.16992559,-0.33164713,0.3542,-1.2043185,-0.36319843,0.32022896,0.4576398,0.92029005,0.45282128,-0.40074244,-0.044445068,0.2906452,-0.006299165,-0.21247838,-0.0028667278,0.73925227,-0.19057682,-0.51135737,-0.07958722,0.3560436,1.4502643,-0.3490932,-1.0032887,1.0682625,-0.36756173,Bola
-0.053049855,0.11484934,0.95882124,-0.1544937,0.27638763,-1.153596,-0.21690755,-0.46443433,0.053065564,-0.7966536,-0.5366279,-0.53776497,-0.03458683,-0.82630986,-0.22011077,0.7391928,-0.6372451,-0.621246,-0.2896122,0.27289686,-0.6492127,0.118937835,0.07925612,-0.29078344,0.32063898,-0.07115407,1.1127318,-0.76520365,0.3528801,-0.28145152,-0.5010795,0.15962254,-0.26305994,0.28295824,-1.0708861,-0.3169206,0.31263486,0.35731968,0.8140325,0.3759887,-0.34983996,-0.065436386,0.26728874,0.029757988,-0.20884709,0.0016567471,0.62527305,-0.16056764,-0.44146246,-0.10758124,0.32695928,1.2784945,-0.28145984,-0.8410944,0.88302845,-0.35102043,Bola
-0.050074752,0.09028249,0.7549799,-0.07213525,0.28374642,-1.0406008,-0.11000726,-0.6812865,-0.006946631,-0.6841052,-0.67724687,-0.34975606,-0.0032770818,-0.9222586,-0.12743378,0.83548206,-0.4779,-0.35023993,-0.2383351,0.24710475,-0.3276725,0.22718807,0.06851498,-0.31814018,0.51552844,-0.2923551,1.1592178,-0.19185606,0.3890366,-0.05369499,-0.65363765,0.20364808,0.035007723,0.28715378,-1.3225613,-0.26316735,0.37558183,0.033812076,0.8121145,0.17619173,-0.36598802,-0.23067586,0.39018354,0.12786564,-0.056470133,0.07279361,0.7035549,-0.03096145,-0.29694352,-0.08208831,0.33547562,0.96653306,-0.40439844,-0.6046482,0.7884454,-0.36802554,Bola
-0.11475733,0.10192504,0.9188436,-0.012023274,0.1934687,-1.0208219,-0.1499287,-0.6377323,-0.07581139,-0.8354255,-0.7383748,-0.5064596,-0.11444224,-0.7945481,-0.16088568,0.8594492,-0.6296902,-0.58923364,-0.26368198,0.26644376,-0.64055324,0.2019383,0.025827987,-0.43056163,0.30776167,-0.15961494,1.2698598,-0.852469,0.3765975,-0.3842298,-0.57830983,0.23306295,-0.15326206,0.17172988,-1.1534537,-0.38635832,0.44507033,0.3182788,0.89144945,0.26093584,-0.33071202,-0.09910573,0.26027352,0.08570295,-0.2662482,0.030419322,0.6137551,-0.1356628,-0.39257875,-0.1358672,0.39471963,1.4805701,-0.12132029,-0.78354645,0.7484296,-0.436647,Bola
-0.01829782,0.2478657,1.2590946,-0.23012562,0.35947332,-1.4034674,-0.36437488,-0.5964604,0.08255538,-1.1608038,-0.578731,-0.74189633,-0.0053491513,-0.9713205,-0.3528049,0.8929881,-0.8697948,-0.920532,-0.41323054,0.31945294,-1.0149192,0.0031667417,0.15027283,-0.45992306,0.33642328,-0.0066574416,1.3838099,-1.2498547,0.41253144,-0.36432076,-0.6498049,0.2542009,-0.4501975,0.4101928,-1.2846502,-0.4147103,0.3563374,0.5664239,1.0784404,0.67383206,-0.43035826,-0.0021915303,0.32589436,-0.07511841,-0.23986706,-0.06758786,0.7704035,-0.29467878,-0.5704812,-0.13922541,0.45864707,1.7526711,-0.32330543,-1.1395447,1.2232493,-0.4068572,Bola
-0.069469266,0.1376841,0.969142,-0.12895559,0.26859343,-1.1899778,-0.23551875,-0.48099378,0.043723773,-0.85482013,-0.57037765,-0.5359551,-0.034766674,-0.8466179,-0.19261488,0.77758056,-0.64275783,-0.6608863,-0.30743518,0.32284847,-0.66050273,0.11783854,0.08810878,-0.33996487,0.34830007,-0.032209963,1.1572638,-0.79668355,0.36567938,-0.29022485,-0.4944634,0.17238633,-0.26673836,0.32333127,-1.0703162,-0.32024485,0.31968346,0.33319727,0.81636703,0.3988383,-0.3826092,-0.059802003,0.27995747,0.0151231745,-0.24360245,0.0027810016,0.64164335,-0.16695733,-0.4500886,-0.124241985,0.33442095,1.3030534,-0.28404525,-0.8695756,0.88323504,-0.40117735,Bola
-0.08221354,0.106777005,0.8881347,-0.1064041,0.2524317,-1.046801,-0.19529352,-0.45691204,0.032447584,-0.75945383,-0.5349941,-0.49806374,-0.06994173,-0.7727981,-0.18210642,0.68384385,-0.5947901,-0.574363,-0.25720093,0.2509628,-0.5967738,0.12606713,0.058210008,-0.3159943,0.27566466,-0.0702557,1.0709828,-0.74442005,0.34747857,-0.29072016,-0.45863736,0.16599321,-0.21816272,0.24320032,-0.9857994,-0.31323853,0.31119707,0.33298242,0.7598837,0.33979875,-0.32906005,-0.06494627,0.238801,0.05013544,-0.21003592,-0.009992498,0.56021583,-0.17080306,-0.38733798,-0.10114881,0.31870103,1.2294011,-0.22993718,-0.78474385,0.79240537,-0.38452646,Bola
-0.050207105,0.10557353,0.79998994,-0.13832784,0.21881174,-0.94456446,-0.16245441,-0.36589178,0.06433712,-0.65260243,-0.49076277,-0.45410466,-0.05177903,-0.6665781,-0.16051029,0.61564195,-0.54087764,-0.549728,-0.2871306,0.22274412,-0.5706499,0.09001724,0.044700228,-0.23488484,0.23036546,-0.06376071,0.92623746,-0.7181497,0.29696774,-0.26372108,-0.4029438,0.123334564,-0.23425463,0.20361581,-0.8792037,-0.27521884,0.27122778,0.3321595,0.67625046,0.31230602,-0.28966635,-0.034313396,0.20026769,0.035436284,-0.20299108,0.00018957174,0.506015,-0.16455628,-0.38794526,-0.12806673,0.293154,1.1264447,-0.18815137,-0.7239132,0.70515275,-0.26610732,Bola
-0.072703145,0.21800815,1.1983502,-0.21148317,0.32328925,-1.3622388,-0.39387095,-0.53999704,0.02516712,-1.1175706,-0.6553104,-0.7196187,-0.013637166,-0.9257319,-0.29796222,0.8962553,-0.83620876,-0.9183914,-0.3801025,0.36610654,-0.95556587,0.017495202,0.09844553,-0.4633301,0.2829298,-0.049612906,1.3968272,-1.2533181,0.38643622,-0.4128248,-0.5527308,0.2617749,-0.4523322,0.35031936,-1.1476369,-0.43594927,0.34901935,0.5462844,0.9516029,0.6011987,-0.4287736,-0.022857629,0.26744282,-0.062041383,-0.27992007,-0.047757283,0.75353837,-0.24438863,-0.5619946,-0.15203635,0.36976945,1.7097949,-0.18595678,-1.1208037,1.1025369,-0.40087983,Bola
-0.016515816,0.078070715,0.6694181,-0.066276595,0.1974961,-0.8184979,-0.16857526,-0.43435928,-0.039302018,-0.5821138,-0.45561373,-0.37321955,0.0036967215,-0.6117665,-0.12441319,0.63600016,-0.4643595,-0.42974895,-0.21260475,0.19925979,-0.44742176,0.10053772,0.050226588,-0.2680937,0.27766714,-0.16749777,0.89179987,-0.4992212,0.25799978,-0.22192937,-0.44479513,0.1326888,-0.14582632,0.18672732,-0.86496943,-0.27954134,0.25543895,0.21974878,0.62621677,0.22975412,-0.27751034,-0.105986275,0.21328695,0.06563203,-0.15619674,0.026481058,0.49142686,-0.0396655,-0.31345883,-0.04990252,0.2486027,0.9935108,-0.15734221,-0.6213752,0.64324456,-0.24727163,Bola
-0.20880169,0.13530049,0.9895035,0.082119174,0.22804113,-1.0402021,-0.16736329,-0.70392275,-0.0911478,-0.9462297,-0.7377362,-0.5229802,-0.20491406,-0.8906875,-0.1993214,0.7967967,-0.6607978,-0.54997194,-0.15182994,0.27992555,-0.69056356,0.24325722,0.024846463,-0.5673384,0.29723144,-0.101201154,1.3654828,-0.9710282,0.43957496,-0.41937095,-0.58427185,0.2967573,-0.07969353,0.19443607,-1.1791791,-0.39548457,0.47288564,0.30924496,0.9638486,0.2930235,-0.29963836,-0.111825325,0.28658834,0.07503601,-0.26721662,-0.028444432,0.5834474,-0.22292122,-0.3179873,-0.12918825,0.4287208,1.5837901,-0.15977608,-0.79384536,0.78229624,-0.67256945,Bola
-0.044086598,0.13944788,0.95305544,-0.1856587,0.28561172,-1.151846,-0.23632935,-0.4229637,0.09079443,-0.79245085,-0.4622644,-0.5503296,-0.031966202,-0.8143107,-0.22539888,0.68139297,-0.6236784,-0.62363994,-0.28686982,0.27625427,-0.6743489,0.06435909,0.09795537,-0.29665804,0.31173682,-0.06670842,1.0994228,-0.8010768,0.3696939,-0.27095878,-0.44912565,0.14959149,-0.26921907,0.3100173,-1.0245602,-0.2992131,0.26150134,0.38086385,0.7837424,0.39842278,-0.33144954,-0.04419794,0.25309134,-0.0020706225,-0.18982539,-0.0295124,0.61726284,-0.19272749,-0.4157723,-0.09339591,0.3212621,1.2419696,-0.32072923,-0.86180717,0.89745474,-0.36160523,Bola
-0.032432575,0.120110966,1.0058838,-0.18857922,0.29670674,-1.218623,-0.23005077,-0.46852562,0.082841724,-0.8316445,-0.4996183,-0.5887448,-0.028134037,-0.8701914,-0.2488661,0.75971735,-0.6657986,-0.65232694,-0.31275347,0.2762722,-0.6912755,0.078988336,0.111280076,-0.2993486,0.33904627,-0.07730772,1.1656204,-0.8015974,0.38225982,-0.2726955,-0.5211331,0.15335698,-0.2987868,0.32607672,-1.1149169,-0.33156905,0.30218714,0.40663692,0.85091496,0.4183988,-0.37322363,-0.04964268,0.2817879,0.018510692,-0.19800885,-0.01468859,0.6729885,-0.18667522,-0.45905522,-0.084173225,0.33479387,1.3237453,-0.33332297,-0.90689796,0.9632664,-0.36748275,Bola
-0.17713958,0.06859592,0.89495975,0.1043556,0.1797354,-0.9778462,-0.07409628,-0.7403427,-0.1315289,-0.8428548,-0.829096,-0.4287349,-0.17603429,-0.84711975,-0.14317337,0.88612044,-0.61009526,-0.47793382,-0.20148256,0.24100223,-0.5453616,0.32588053,0.0033098827,-0.46153143,0.33442608,-0.14323372,1.2753911,-0.7293526,0.37178332,-0.36839664,-0.6405342,0.26418087,-0.046723694,0.14303921,-1.253534,-0.37792012,0.5157864,0.2247613,0.9475063,0.21623044,-0.32711306,-0.14937969,0.31328195,0.15418452,-0.2672873,0.04028849,0.58488166,-0.12909143,-0.34109524,-0.14581823,0.45025477,1.4808065,-0.13208163,-0.6841748,0.6837519,-0.5554373,Bola
-0.020852521,0.10876539,0.90277976,-0.1997311,0.25550416,-1.080082,-0.19427654,-0.39961672,0.10682164,-0.7255219,-0.46138492,-0.53597534,-0.028880885,-0.74248564,-0.20657325,0.6720449,-0.60549194,-0.622772,-0.33228558,0.24426973,-0.65443724,0.048067905,0.085407116,-0.23728815,0.27021265,-0.09080552,1.0415198,-0.7829346,0.3402862,-0.28888473,-0.4400309,0.10776357,-0.26934627,0.26458147,-0.9974895,-0.3034186,0.26674354,0.3962418,0.75866205,0.3692751,-0.32689965,-0.028566506,0.2240468,0.02746895,-0.19836883,-0.013929793,0.58659786,-0.19293416,-0.44044623,-0.10159033,0.33550373,1.2279055,-0.25544772,-0.8413733,0.8393088,-0.2708377,Bola
-0.117541976,0.078914806,1.0870873,-0.1500464,0.35471213,-1.2282063,-0.09633002,-0.3961403,0.37937424,-0.7347126,-0.38592595,-0.6093221,-0.047852412,-0.9405381,-0.30313823,0.5282681,-0.7554364,-0.6396002,-0.42462555,0.13341193,-0.7843913,0.04072964,0.018332444,-0.25414944,0.3306776,0.14320917,1.0072969,-0.89493364,0.41633153,-0.18666787,-0.5527864,0.08089629,-0.31159607,0.3390855,-1.3230568,-0.2068822,0.370283,0.41216323,1.0067846,0.49808773,-0.2546541,-0.018059647,0.42883933,0.1057751,-0.29219833,-0.10580676,0.45558393,-0.52205896,-0.55496246,-0.074151345,0.5532771,1.3778073,-0.53464216,-0.95601547,0.9475032,-0.3975362,Bola
-0.03595227,0.059871797,0.7296165,-0.107505105,0.22070001,-0.88767076,-0.12686916,-0.39132053,0.041949205,-0.5995625,-0.46911493,-0.40004474,-0.035014063,-0.6451548,-0.14661144,0.6086623,-0.5009862,-0.46991587,-0.25924316,0.19685864,-0.4795228,0.12793638,0.04597808,-0.20311616,0.2673456,-0.0855614,0.86689174,-0.5470867,0.27504024,-0.22028865,-0.44414404,0.100236446,-0.17720242,0.19753468,-0.9014811,-0.25060064,0.28802627,0.25798082,0.66575795,0.26722986,-0.28946382,-0.07545469,0.22165333,0.072238125,-0.18747951,0.02305144,0.47801685,-0.11411541,-0.37127492,-0.08625524,0.28766617,1.0170941,-0.19903232,-0.6457887,0.67164946,-0.25325948,Bola
-0.1282217,0.12670872,0.8654447,0.024995109,0.2188672,-0.9810101,-0.1845056,-0.5987933,-0.08540655,-0.83496934,-0.65963674,-0.44187537,-0.10687908,-0.79139113,-0.16756777,0.74963236,-0.5878512,-0.51613945,-0.18457572,0.27346304,-0.57427007,0.20931017,0.035858735,-0.45367506,0.2887851,-0.10850813,1.1892637,-0.75249195,0.35116258,-0.32268393,-0.5162678,0.25408667,-0.11589049,0.20802157,-1.0497112,-0.34003657,0.40197626,0.2399344,0.8255407,0.29143453,-0.31757125,-0.118912615,0.27690828,0.053935204,-0.22568439,0.0022587404,0.5649403,-0.1314436,-0.3189855,-0.11470482,0.34932062,1.3286911,-0.17594828,-0.71452045,0.7183968,-0.51384234,Bola
-0.15383486,0.12645094,0.9599056,-0.008276842,0.22835995,-1.0824156,-0.14867146,-0.61032265,-0.02856787,-0.8641939,-0.72397345,-0.5026944,-0.15591706,-0.8602914,-0.1789105,0.79433715,-0.6395544,-0.5771089,-0.2307841,0.27690086,-0.6439232,0.21781515,0.027806487,-0.43737435,0.28923193,-0.107541226,1.2718526,-0.8742836,0.40879688,-0.36230665,-0.52265435,0.24836706,-0.14030686,0.20491244,-1.1396387,-0.36621532,0.4232536,0.31459424,0.8928921,0.29814643,-0.3232584,-0.09245913,0.27704388,0.08021039,-0.25028762,-0.0063267457,0.6066948,-0.19734588,-0.36201572,-0.15944628,0.40285823,1.4689896,-0.19532973,-0.7957228,0.7668519,-0.53064346,Bola
-0.1515269,0.101190545,0.8369727,0.080298565,0.1954836,-0.9227846,-0.111773886,-0.61806357,-0.08347024,-0.77479386,-0.7248888,-0.3971529,-0.16073313,-0.77711856,-0.12768634,0.74753016,-0.5626293,-0.47357476,-0.17343731,0.24655071,-0.5421131,0.27512944,-0.008722317,-0.4346237,0.2780419,-0.12834518,1.1707057,-0.7411891,0.3698475,-0.34895045,-0.5229127,0.23453909,-0.05662415,0.14277373,-1.0743338,-0.33376834,0.43339518,0.2076417,0.83777606,0.2072497,-0.2854428,-0.1313142,0.26649705,0.100742735,-0.26038963,0.01557345,0.52474785,-0.13480954,-0.30327052,-0.16008413,0.39267027,1.3685135,-0.14300585,-0.6639031,0.6360655,-0.5222515,Bola
0.059509464,0.011312918,0.6102774,-0.047943663,0.14232029,-0.8194612,-0.07740485,-0.57557094,-0.15040132,-0.5256949,-0.6172966,-0.3167859,0.0597269,-0.5908408,-0.033577736,0.9271793,-0.4447914,-0.40172064,-0.30681434,0.20480573,-0.3164727,0.20325007,0.03436796,-0.20623769,0.41692394,-0.27416024,0.9774042,-0.21793017,0.20560104,-0.19390008,-0.6193249,0.10252227,-0.119743794,0.14593852,-1.0701932,-0.3278374,0.368344,0.13045824,0.6894473,0.10429319,-0.36161572,-0.19628659,0.2591159,0.15292951,-0.19917896,0.12993236,0.5998705,0.1362649,-0.39768466,-0.052969337,0.27320427,0.9751047,-0.11806153,-0.5623967,0.60103494,-0.10329437,Bola
-0.0677223,0.15658318,1.0189426,-0.17569478,0.31080633,-1.2035533,-0.26381284,-0.44104236,0.09070199,-0.85280204,-0.52254003,-0.578574,-0.05705745,-0.86099035,-0.23554285,0.70144624,-0.6736059,-0.6730259,-0.287276,0.28935245,-0.7322749,0.0782947,0.07640207,-0.3322859,0.29785293,-0.07144926,1.1716255,-0.91467816,0.39604077,-0.30658895,-0.46461844,0.17652398,-0.29275793,0.30631363,-1.0503085,-0.32779437,0.28344333,0.4127527,0.8335533,0.43120715,-0.34058917,-0.047205072,0.25806424,-0.0013995135,-0.21490654,-0.034473144,0.6322453,-0.21105692,-0.4373709,-0.12210024,0.34359202,1.3734304,-0.30545646,-0.9211199,0.93790627,-0.40796053,Bola
-0.16693708,0.08264786,0.9200977,0.040984552,0.18867137,-1.011365,-0.11133441,-0.6653776,-0.08880435,-0.8423566,-0.8138534,-0.47188815,-0.15966567,-0.8215199,-0.15391625,0.86076254,-0.6229759,-0.5503325,-0.23650932,0.25681618,-0.5935393,0.27895933,-0.0014072771,-0.4315691,0.293746,-0.12546271,1.2578452,-0.8207715,0.36980376,-0.38050702,-0.5823276,0.25139895,-0.12086463,0.14503847,-1.1854962,-0.37483487,0.49097055,0.2874731,0.9069091,0.24249312,-0.33242035,-0.11518177,0.27414915,0.12385373,-0.28462666,0.033111963,0.5856631,-0.14740786,-0.3762147,-0.1612644,0.40766826,1.4900451,-0.104530334,-0.7383506,0.69370604,-0.49962005,Bola
-0.0153733,0.22325204,1.1742061,-0.22025579,0.33124143,-1.3722302,-0.37331104,-0.5423489,0.044672165,-1.0576756,-0.5774466,-0.70171154,0.012085769,-0.9321157,-0.26699033,0.90667176,-0.795353,-0.87298363,-0.3840494,0.3747525,-0.90872586,0.0032317613,0.12950747,-0.44296432,0.35414186,-0.078820355,1.409777,-1.1084205,0.42610618,-0.37620106,-0.55455035,0.23348364,-0.4152286,0.40020296,-1.1693846,-0.4176624,0.30696365,0.49666193,0.94173723,0.5564421,-0.43632936,-0.029731983,0.2940778,-0.0631535,-0.25478065,-0.034190804,0.7883701,-0.21375579,-0.5375514,-0.12501688,0.37964684,1.6186781,-0.2910675,-1.1036667,1.1159775,-0.3949797,Bola
-0.09755955,0.14862695,1.1747047,-0.21485907,0.34181577,-1.3812684,-0.3130262,-0.459175,0.13378753,-0.9475114,-0.47023377,-0.722191,-0.06316461,-0.97688633,-0.29002798,0.73684895,-0.76972777,-0.793728,-0.3267889,0.33116457,-0.88510555,0.047802273,0.11918082,-0.4045208,0.35359064,0.014643715,1.2826557,-1.0863441,0.46365693,-0.3859567,-0.5395014,0.17275295,-0.35871294,0.35761815,-1.1224235,-0.3632725,0.30092752,0.52850914,0.9114992,0.4914277,-0.38104442,0.0038737133,0.2572889,-0.041654058,-0.26202738,-0.037160724,0.6858109,-0.30928358,-0.522621,-0.097396515,0.34828442,1.5270989,-0.36279604,-1.0758255,1.096668,-0.4695869,Bola
-0.0899368,0.12657927,1.0302534,-0.16719125,0.3007921,-1.2328776,-0.22420833,-0.4762201,0.086844794,-0.8576624,-0.56996864,-0.57769483,-0.062399082,-0.88691986,-0.2359155,0.7517353,-0.6747309,-0.6580357,-0.3072139,0.28391206,-0.68833214,0.119208984,0.0850187,-0.31147218,0.32118788,-0.053034328,1.1764957,-0.8420186,0.3902596,-0.287583,-0.49762034,0.18164913,-0.28360888,0.30923697,-1.124007,-0.32971653,0.32664722,0.40228087,0.8487201,0.42192784,-0.36906445,-0.049263902,0.27789205,0.03593417,-0.21770182,-0.020570723,0.65305346,-0.21296649,-0.45577347,-0.12079788,0.3545764,1.3542364,-0.3124355,-0.9043747,0.9304769,-0.41329888,Bola
-0.055578135,0.14965963,1.012005,-0.120780185,0.31175557,-1.2093148,-0.29831812,-0.55566275,-0.019774258,-0.9382861,-0.5737143,-0.5625778,0.015260376,-0.86786205,-0.2299329,0.8464889,-0.68702763,-0.69101024,-0.294987,0.32655796,-0.7006833,0.0942081,0.09812443,-0.3977397,0.37295032,-0.07392894,1.2193894,-0.8048187,0.34357494,-0.27803794,-0.56559604,0.20837553,-0.28508738,0.35298905,-1.1382598,-0.35049447,0.34462988,0.34155172,0.8642244,0.4573674,-0.41524643,-0.09553176,0.31098706,0.02043716,-0.22144265,-0.00020658887,0.68032134,-0.13371018,-0.4615748,-0.067869134,0.32482576,1.3573645,-0.2582181,-0.9065628,0.9725859,-0.4072557,Bola
-0.016776273,0.12842633,0.8196592,-0.029946817,0.2873767,-0.9808697,-0.25702086,-0.5692974,-0.09937993,-0.7827973,-0.4824871,-0.4338495,0.039578952,-0.7472939,-0.17279765,0.76262766,-0.56452155,-0.48743132,-0.2058749,0.26132736,-0.5255473,0.13181284,0.08602459,-0.38707992,0.3899146,-0.15863441,1.0851055,-0.50833845,0.2938028,-0.19023402,-0.5717562,0.1982381,-0.16108382,0.31122154,-1.0483072,-0.31055522,0.31280446,0.18844351,0.7774503,0.33941922,-0.37198588,-0.14957236,0.31632254,0.038167927,-0.14467974,0.0310577,0.61334324,-0.018431827,-0.3434586,-0.016811008,0.27713364,1.1405566,-0.25917926,-0.70661557,0.830424,-0.38007295,Bola
-0.04959058,0.08272916,0.78673995,0.020693721,0.27861136,-1.0081953,-0.17356764,-0.5875066,-0.101633444,-0.736077,-0.6092215,-0.3201669,0.0053292,-0.80389863,-0.13748407,0.7831139,-0.5393585,-0.4134391,-0.19053039,0.2786567,-0.3967623,0.28138503,0.03611847,-0.3295762,0.4109642,-0.15403448,1.0667253,-0.3371649,0.2862985,-0.15054867,-0.5589824,0.18506125,-0.081849456,0.27946365,-1.130719,-0.25807512,0.37312794,0.054706976,0.7897824,0.25472248,-0.3800357,-0.20961004,0.37023148,0.095521204,-0.1815421,0.06312072,0.5920333,0.019773213,-0.32310852,-0.08030646,0.31735218,1.0872446,-0.29770163,-0.6081482,0.7274275,-0.42865714,Bola
-0.13707268,-0.06260643,1.0837356,-0.054432407,0.24353175,-1.1582731,-0.17033604,-0.6849283,-0.062161896,-0.8761463,-0.7266241,-0.6675283,-0.051927518,-0.89412975,-0.25724617,0.96003747,-0.7775425,-0.72558033,-0.3396147,0.22763777,-0.75731784,0.228327,0.012184593,-0.40941572,0.39565572,-0.07105132,1.2198801,-0.92765087,0.32924005,-0.44723418,-0.84247124,0.13789955,-0.29400095,0.13054782,-1.3786956,-0.39427224,0.57060736,0.48272693,1.0286871,0.32065827,-0.42129412,-0.082778394,0.2756107,0.16575815,-0.36716112,0.10786273,0.6075174,-0.18014403,-0.6208359,-0.025097242,0.39764595,1.6398937,-0.06258061,-0.93485063,0.95665944,-0.35770795,Bola
-0.059681106,0.10195816,0.9082987,-0.1592215,0.25645295,-1.1004686,-0.19736838,-0.43199912,0.07583255,-0.74740356,-0.45039517,-0.5386066,-0.044794135,-0.793742,-0.21026471,0.66733766,-0.60055166,-0.5872035,-0.280023,0.2533885,-0.6290057,0.08496243,0.10755533,-0.29623076,0.32919857,-0.030230377,1.0429183,-0.73383075,0.36287537,-0.26863143,-0.4989371,0.13720337,-0.23269813,0.29348722,-1.0233978,-0.2906035,0.2979874,0.35905427,0.77575225,0.34766883,-0.331668,-0.041511405,0.24878208,0.021062555,-0.20327914,-0.005472873,0.5686161,-0.19323587,-0.4223496,-0.06471316,0.31292313,1.1902112,-0.3012981,-0.81204426,0.8643178,-0.370989,Bola
-0.1617364,0.06683239,0.8208788,0.14375554,0.21549626,-0.86210835,-0.114399314,-0.70125735,-0.16424729,-0.79720825,-0.75641817,-0.3733621,-0.15450156,-0.787069,-0.13990459,0.78182113,-0.5644215,-0.426848,-0.1229578,0.2095867,-0.50286984,0.31812307,-0.027726749,-0.4891324,0.28827634,-0.17577368,1.1599542,-0.6857048,0.33111438,-0.331798,-0.61378855,0.24432349,-0.010842894,0.112323076,-1.1315483,-0.3476696,0.48067915,0.16836463,0.8695116,0.19984275,-0.30587396,-0.1867162,0.29890183,0.14413935,-0.2488264,0.031237997,0.50648314,-0.07763695,-0.2874391,-0.107756995,0.3839797,1.3847884,-0.0847518,-0.62071025,0.6394493,-0.5519235,Bola
-0.093274266,0.10647297,1.1153239,-0.14886692,0.36207896,-1.2996348,-0.15761295,-0.46707225,0.29722136,-0.81968457,-0.44723913,-0.62198544,-0.037278514,-0.9775219,-0.289857,0.63697785,-0.7704762,-0.66967034,-0.39806584,0.18748707,-0.7913157,0.046322852,0.051578194,-0.2904248,0.35707036,0.077698536,1.1285084,-0.8892049,0.42618436,-0.202973,-0.55931705,0.117134236,-0.313618,0.3846513,-1.3648393,-0.23484516,0.35949767,0.38737047,1.0288374,0.5016574,-0.30062374,-0.038108665,0.4416091,0.08858238,-0.2743919,-0.09749563,0.5612717,-0.45290807,-0.53091586,-0.07001171,0.5340509,1.430883,-0.53988415,-0.99258745,0.99451345,-0.43423617,Bola
-0.072767854,0.13285668,1.0793931,-0.17511874,0.32077864,-1.2746263,-0.26000652,-0.48195428,0.08752897,-0.89418566,-0.49274194,-0.6504032,-0.057555743,-0.92393297,-0.26832578,0.7370396,-0.71747273,-0.7087285,-0.30140784,0.29783452,-0.7813073,0.073385105,0.116539456,-0.36546302,0.34836522,-0.021904329,1.221122,-0.9410147,0.42643726,-0.33306465,-0.55272466,0.16980885,-0.298676,0.33612534,-1.1348894,-0.34299153,0.32309386,0.4488715,0.8898558,0.43925428,-0.36906725,-0.029910563,0.27365056,0.0002237728,-0.2379901,-0.023382662,0.6594496,-0.2510155,-0.48381674,-0.07766593,0.35566124,1.4262236,-0.34370643,-0.97174877,1.016756,-0.44227993,Bola
-0.027930409,0.12990753,0.96773213,-0.20613757,0.28639907,-1.1909616,-0.22800776,-0.45189208,0.09268054,-0.805038,-0.54090494,-0.54829973,-0.015532935,-0.83338434,-0.22408535,0.7619823,-0.63601834,-0.65492237,-0.32172215,0.27989346,-0.66616607,0.07160709,0.08797554,-0.2682736,0.32006645,-0.122446604,1.153346,-0.7911678,0.37913486,-0.26664945,-0.4561929,0.15409021,-0.28739747,0.3054624,-1.0880727,-0.31969574,0.28023878,0.3793532,0.817881,0.39911526,-0.35656992,-0.05629553,0.27158952,0.020517725,-0.1835365,-0.012824748,0.67332274,-0.16488834,-0.4422569,-0.122203,0.34054178,1.2879016,-0.2968251,-0.8882826,0.9150894,-0.31410608,Bola
-0.11334805,0.20470937,1.2528186,-0.16892403,0.39631215,-1.3877264,-0.42217857,-0.56546354,0.02803102,-1.1754136,-0.54185945,-0.7526492,-0.00067999243,-0.987151,-0.3584306,0.8391341,-0.8579077,-0.8981326,-0.3263227,0.3526739,-0.9798838,-0.0012278827,0.13675822,-0.53013486,0.33392093,0.045399275,1.3493426,-1.2259644,0.38616467,-0.36463428,-0.6132492,0.25962132,-0.4251308,0.42654213,-1.2035418,-0.39590615,0.36563146,0.5286502,1.006875,0.6690512,-0.44337815,-0.023670113,0.32392415,-0.047713134,-0.26250955,-0.061451286,0.7006595,-0.29469943,-0.5556568,-0.048928466,0.3582411,1.654433,-0.26107714,-1.1317927,1.213373,-0.52335066,Bola
-0.010952074,0.25900412,1.243255,-0.2344311,0.37813878,-1.4565581,-0.4504024,-0.55631757,0.04367375,-1.1534754,-0.49633634,-0.750603,0.061147865,-0.9860919,-0.31235245,0.9156798,-0.84017766,-0.9091713,-0.37631828,0.4108973,-0.9778526,-0.059956737,0.18278596,-0.49134606,0.4160005,-0.043607686,1.4472136,-1.1361321,0.4349739,-0.34448582,-0.58927983,0.2563668,-0.43540415,0.50032264,-1.2098911,-0.41439444,0.2879048,0.49314523,0.97390044,0.64165515,-0.45815453,-0.02431533,0.32937548,-0.101998225,-0.22414874,-0.053345896,0.830558,-0.22667758,-0.5522836,-0.05993117,0.35963854,1.6171511,-0.35835686,-1.1669631,1.2392888,-0.4411927,Bola
-0.034259338,0.14291713,0.915895,-0.18114643,0.2654333,-1.1163284,-0.23323266,-0.4081044,0.07734394,-0.7639328,-0.4671963,-0.5203951,-0.017221207,-0.78242415,-0.21218917,0.6836361,-0.6036602,-0.61477584,-0.29711822,0.2796844,-0.6431363,0.065973334,0.10213506,-0.27367944,0.30267045,-0.058692537,1.0518061,-0.7495776,0.34433958,-0.2548912,-0.4364366,0.15733156,-0.2737598,0.31125745,-0.9822063,-0.29994398,0.2530838,0.34999436,0.74402523,0.39189067,-0.33010456,-0.035044275,0.2499169,-0.007516095,-0.18216269,-0.015001806,0.617701,-0.17402859,-0.41568944,-0.10433231,0.3043237,1.1934698,-0.29363328,-0.8304579,0.8591579,-0.31951338,Bola
-0.03574698,0.119472966,0.9314802,-0.18674412,0.2764874,-1.1329654,-0.18503632,-0.41580757,0.11815298,-0.7408605,-0.4849284,-0.5363112,-0.04102095,-0.7958311,-0.21082152,0.6884322,-0.6193768,-0.60762304,-0.32102236,0.25287157,-0.65057105,0.07664993,0.0863375,-0.24695699,0.31371865,-0.08145369,1.0743424,-0.76928276,0.37813893,-0.2668336,-0.46279696,0.12587807,-0.24880782,0.28965944,-1.0452931,-0.3068409,0.28011855,0.37508267,0.7971965,0.373207,-0.3344308,-0.03544,0.25562304,0.029233567,-0.19552673,-0.0071049663,0.61473036,-0.1913984,-0.43605527,-0.11127953,0.34553003,1.2497102,-0.30869958,-0.8481222,0.8662103,-0.315349,Bola
-0.09820129,0.09548865,0.8832242,-0.09724184,0.2756795,-1.0565287,-0.17548297,-0.45290557,0.04175448,-0.7420584,-0.5495342,-0.4652852,-0.05847369,-0.79515743,-0.1874008,0.6841533,-0.5722043,-0.53241926,-0.23983021,0.24543805,-0.54820025,0.164363,0.053750265,-0.27906048,0.29543215,-0.052839894,1.0312282,-0.6419732,0.3426445,-0.24041565,-0.46133208,0.16493085,-0.2021387,0.2548504,-1.0016595,-0.28595722,0.32029,0.2795448,0.7543099,0.3284446,-0.334297,-0.08549385,0.2714539,0.071263164,-0.18352284,0.003217226,0.5602177,-0.15438801,-0.38316908,-0.11464368,0.30806103,1.1553419,-0.26399124,-0.7384223,0.7821714,-0.38696176,Bola
-0.051733345,0.10996002,1.0039617,-0.18487243,0.28314555,-1.207587,-0.18611722,-0.4831597,0.07303461,-0.81223387,-0.6336307,-0.56740826,-0.052589837,-0.8498273,-0.21332483,0.82054186,-0.6723369,-0.6743599,-0.36448106,0.26322737,-0.66862965,0.12933761,0.06646729,-0.271377,0.30832914,-0.10961994,1.1665905,-0.8228045,0.3783868,-0.30687308,-0.52664435,0.15649654,-0.29271412,0.26158458,-1.1603471,-0.34912512,0.35010517,0.40063915,0.8642964,0.37859547,-0.37854654,-0.060722288,0.27431184,0.06948326,-0.2374749,0.01425946,0.6631354,-0.17424919,-0.4912587,-0.14228141,0.36264083,1.373599,-0.24962923,-0.903593,0.90087926,-0.31576303,Bola
-0.043598313,0.116943926,0.94453603,-0.19526678,0.26703495,-1.121536,-0.17704912,-0.38671926,0.14302626,-0.7376792,-0.4720986,-0.5528902,-0.05403565,-0.78935516,-0.21140997,0.6615659,-0.6244492,-0.63065183,-0.33819237,0.25004953,-0.6718777,0.065997325,0.08431951,-0.24488732,0.28984582,-0.034007296,1.0503442,-0.8114287,0.37191394,-0.29296365,-0.45739722,0.12644103,-0.2759956,0.2733412,-1.0165656,-0.30225658,0.28129408,0.41003305,0.77398026,0.38218534,-0.32698348,-0.0137924515,0.2298415,0.026297312,-0.2184623,-0.012537796,0.5883791,-0.23768033,-0.45421597,-0.12286057,0.3518598,1.2544308,-0.28878123,-0.8574999,0.85101867,-0.30928826,Bola
-0.01759081,0.113636665,0.8743367,-0.22695443,0.25317,-1.0289214,-0.16446868,-0.31406847,0.17971595,-0.66332895,-0.37769786,-0.540806,-0.0415245,-0.6946799,-0.21141106,0.5721485,-0.59146845,-0.6204548,-0.36213303,0.20165193,-0.6585772,0.014399515,0.08668482,-0.19012609,0.24155036,-0.022889499,0.9271182,-0.8001061,0.34563154,-0.27435067,-0.41484895,0.08296142,-0.28639844,0.2613215,-0.904726,-0.28563964,0.23964822,0.42945504,0.7119193,0.39759496,-0.30233845,0.022842582,0.19504923,0.00955472,-0.20126873,-0.025121711,0.5265654,-0.2479841,-0.44623548,-0.10628085,0.32653055,1.1644766,-0.26923785,-0.82039404,0.80881536,-0.22797345,Bola
-0.110609114,0.19333611,1.3152881,-0.17611048,0.4433369,-1.4073745,-0.28021184,-0.5531394,0.22281463,-1.0809691,-0.42446992,-0.7617273,-0.01959548,-1.0449576,-0.41130418,0.7044604,-0.9128572,-0.8240088,-0.40338305,0.23261718,-1.0390452,-0.007884285,0.12641141,-0.45220765,0.38327652,0.14944021,1.2568134,-1.2030969,0.43087295,-0.2804984,-0.71489495,0.20669156,-0.3896547,0.45622352,-1.4200552,-0.33254933,0.41550788,0.5322918,1.1713879,0.70373476,-0.37644398,-0.0039339717,0.438481,0.014698205,-0.26608333,-0.10918487,0.6120006,-0.49099466,-0.59805447,-0.02618781,0.52646726,1.686569,-0.47035983,-1.1335751,1.2468066,-0.51564586,Bola
0.0057783546,0.20256187,1.1972357,-0.16643725,0.3669484,-1.4139802,-0.3062851,-0.64380264,0.045661386,-1.0706627,-0.5102996,-0.6531033,0.032875102,-1.0095111,-0.31146467,0.92641026,-0.8008117,-0.74232465,-0.3449992,0.36421987,-0.8572864,0.072806425,0.18385044,-0.44063598,0.5237828,-0.011484702,1.3817375,-0.8791997,0.42816165,-0.2704247,-0.71833324,0.23935135,-0.30453175,0.47474137,-1.3976719,-0.35384685,0.3810423,0.3747425,1.071583,0.5536834,-0.43976146,-0.078904495,0.39729092,-0.027034853,-0.21076694,-0.013561508,0.80303574,-0.22038881,-0.52230763,-0.04289326,0.44077,1.527514,-0.4537917,-1.0326642,1.1967558,-0.47234645,Bola
-0.01687651,0.05489893,0.70303667,-0.0358526,0.21090591,-0.9186182,-0.09803476,-0.5822539,-0.09260891,-0.619576,-0.5527884,-0.33325723,0.019730832,-0.7258332,-0.112028345,0.80679417,-0.47171324,-0.35004076,-0.23990628,0.22658038,-0.3363541,0.23399049,0.072692215,-0.27022845,0.43639877,-0.1795127,0.9904595,-0.22089669,0.27254525,-0.13266784,-0.59907144,0.15946493,-0.060511038,0.24981451,-1.1147686,-0.28052667,0.3660358,0.08205112,0.7360987,0.18678038,-0.3664265,-0.1707837,0.33390787,0.11379732,-0.1243157,0.096041985,0.59936595,0.038329195,-0.3256182,-0.039983295,0.28845978,0.9577373,-0.27576682,-0.5498465,0.6846857,-0.30416378,Regional
0.09272539,0.2635525,0.99709177,-0.27644467,0.29625055,-1.3728254,-0.34444672,-0.6861549,-0.0005530403,-0.95980227,-0.81009007,-0.5434873,0.1114082,-0.9783673,-0.1522979,1.1413516,-0.67391783,-0.73977077,-0.45523402,0.40695563,-0.6589079,0.040857602,0.11074973,-0.34911194,0.48980558,-0.4637279,1.5619804,-0.6702614,0.4367508,-0.19411312,-0.58671457,0.26533234,-0.27828732,0.41280368,-1.3639225,-0.4410452,0.26265308,0.25060758,0.89153683,0.40290493,-0.46929824,-0.17510161,0.3673322,-0.03840507,-0.09599962,0.039433885,1.0318061,0.02398703,-0.4578167,-0.22021563,0.3745508,1.4409131,-0.36879,-0.97823286,1.0291245,-0.18482476,Bola
-0.075825706,0.07299458,0.77582437,-0.083318435,0.23793359,-0.95655084,-0.09709434,-0.41825375,0.06410417,-0.61510885,-0.4814395,-0.40493512,-0.06735286,-0.7253092,-0.15535781,0.6096339,-0.5076059,-0.44498172,-0.24093887,0.20475316,-0.4622761,0.1673553,0.050116118,-0.23089752,0.3054381,-0.054968618,0.9137024,-0.5203629,0.3185678,-0.19685268,-0.45323253,0.123751,-0.13262905,0.22471297,-0.96058047,-0.24699081,0.31011727,0.23026216,0.7036884,0.25817662,-0.2971361,-0.07292626,0.26288852,0.07799755,-0.1719387,0.01676524,0.507987,-0.145253,-0.33821753,-0.10264351,0.304704,1.033043,-0.28473175,-0.6426266,0.6787484,-0.34282738,Bola
-0.075576976,0.14198437,1.1106616,-0.19781074,0.3327367,-1.3379085,-0.27100408,-0.514225,0.08985253,-0.92505926,-0.5758229,-0.6468324,-0.039002273,-0.96888256,-0.26453283,0.8164731,-0.73025995,-0.7298601,-0.3390596,0.30768183,-0.7639803,0.10126048,0.107440375,-0.3520519,0.36692894,-0.06831801,1.2698181,-0.9102482,0.42375812,-0.31393686,-0.56310785,0.19065975,-0.3238196,0.34915912,-1.2043604,-0.3634836,0.33257252,0.4414175,0.9212057,0.46458247,-0.4036888,-0.049129345,0.29995292,0.008709631,-0.22803408,-0.015049137,0.71724933,-0.22017257,-0.49902767,-0.11931302,0.36306766,1.4610426,-0.3496548,-0.99075025,1.043862,-0.41945907,Bola
-0.0048967735,0.23424104,1.1782137,-0.18921988,0.35031304,-1.3660517,-0.3892217,-0.6206668,-0.0073938887,-1.104325,-0.57382876,-0.6650394,0.06337503,-0.95394367,-0.2990073,0.95711976,-0.80506015,-0.8178629,-0.3671032,0.36490235,-0.8815639,0.026978888,0.14156027,-0.46272436,0.41828635,-0.10678633,1.4157075,-0.9940531,0.3766488,-0.300938,-0.64137787,0.2655772,-0.38497567,0.4384404,-1.2677299,-0.41871503,0.33043388,0.4333749,0.9984633,0.60180825,-0.45773804,-0.08161132,0.350909,-0.05793259,-0.19592053,-0.027130634,0.8132823,-0.15795209,-0.5304723,-0.08723328,0.38843787,1.59603,-0.315445,-1.0537176,1.1687744,-0.4027264,Bola
0.054310106,0.18649909,0.86340576,-0.12920354,0.26890332,-1.098727,-0.34519625,-0.5493013,-0.10723311,-0.869484,-0.5301386,-0.46936882,0.11404962,-0.7459324,-0.16280864,0.90454084,-0.6033321,-0.6218458,-0.29769647,0.35058686,-0.59427124,0.05085673,0.12228375,-0.37161896,0.40786785,-0.19906704,1.2195904,-0.586762,0.2899127,-0.20957246,-0.5163423,0.22719152,-0.28557926,0.38277102,-1.0246681,-0.3623976,0.25429228,0.2264964,0.7444621,0.4065711,-0.42274088,-0.13405469,0.31188768,-0.043974433,-0.14981256,0.025822164,0.75865483,0.030002307,-0.39345062,-0.06404384,0.26106578,1.1948515,-0.26352215,-0.80701756,0.8845747,-0.2784479,Bola
0.00013550276,0.15809135,0.9506022,-0.095810875,0.3043933,-1.1925982,-0.291517,-0.61578435,-0.093558654,-0.9042547,-0.6063603,-0.47965336,0.057139296,-0.8662241,-0.18330227,0.92187536,-0.64824927,-0.5864633,-0.2719603,0.35311615,-0.59280586,0.1439172,0.10551546,-0.37800625,0.44327495,-0.17843324,1.2764713,-0.575386,0.3321502,-0.21854825,-0.59424806,0.23262805,-0.21838813,0.3731061,-1.1936849,-0.34885558,0.33372048,0.19779027,0.847787,0.37760988,-0.4319152,-0.16364907,0.35728484,0.023103828,-0.17068723,0.033128675,0.7598227,-0.016627014,-0.40715548,-0.061912905,0.31028795,1.2761176,-0.31030867,-0.8138629,0.9191354,-0.3887091,Bola
-0.050902046,0.10875333,0.76665056,-0.0035853826,0.23869267,-0.9071175,-0.17503525,-0.5062419,-0.054640934,-0.6907902,-0.5273901,-0.3665725,-0.052379213,-0.7206319,-0.1319003,0.66355056,-0.51539654,-0.4306961,-0.17564856,0.24170916,-0.47627115,0.18891262,0.03493869,-0.3412516,0.32127333,-0.13822317,1.0141109,-0.5445848,0.3154639,-0.23109466,-0.4918521,0.17272736,-0.10131751,0.22414559,-0.9724811,-0.27616665,0.3130149,0.17180066,0.7249466,0.25190502,-0.29652888,-0.13554691,0.25845414,0.058951568,-0.18671976,0.011464295,0.52417547,-0.06487136,-0.3020293,-0.08661397,0.30237404,1.1208413,-0.22591314,-0.6418736,0.68868864,-0.4054315,Bola
-0.08277309,0.06611584,0.81677234,0.04102181,0.25469616,-0.9993913,-0.15019716,-0.6333854,-0.12365881,-0.7469953,-0.64358896,-0.35789362,-0.031951644,-0.8139467,-0.13171066,0.82483107,-0.5576299,-0.41356108,-0.18535922,0.26636305,-0.42464238,0.2874476,0.037669297,-0.3648417,0.42183727,-0.13831827,1.1028769,-0.39570558,0.2974794,-0.19745527,-0.61744535,0.19679151,-0.0614171,0.24768522,-1.1783122,-0.28494754,0.41904467,0.09052971,0.8279159,0.23138343,-0.37399566,-0.19955398,0.35787812,0.13305351,-0.20281671,0.06547003,0.5830208,-0.016616158,-0.3461665,-0.063686356,0.32979843,1.1591883,-0.24707836,-0.6271129,0.73488337,-0.4574934,Bola
-0.053694095,0.09460229,0.8678171,-0.14629628,0.24123938,-1.040907,-0.20680535,-0.42397064,0.0486242,-0.72106034,-0.45462814,-0.5136282,-0.025569163,-0.7451647,-0.20292816,0.6709399,-0.5825261,-0.5733252,-0.2664548,0.2486023,-0.610492,0.08274413,0.08459243,-0.29384813,0.30965784,-0.062083505,1.0173445,-0.72570795,0.32487702,-0.26997972,-0.48065633,0.14289156,-0.23953843,0.25576386,-0.9668194,-0.29723147,0.28895396,0.35122094,0.7357107,0.33461574,-0.3143271,-0.0483734,0.22977006,0.018559238,-0.1956018,0.005519255,0.56066626,-0.1553607,-0.4122609,-0.067933165,0.28841406,1.1712252,-0.23747982,-0.781842,0.81343573,-0.32367468,Bola
-0.099829346,0.09940762,0.9264748,-0.11631472,0.27901763,-1.1182588,-0.13088152,-0.4346897,0.114664145,-0.7303293,-0.5858624,-0.49491543,-0.09884575,-0.83492655,-0.18172361,0.67582,-0.6093585,-0.58878154,-0.31038243,0.24322373,-0.5912152,0.18094268,0.033447344,-0.26668346,0.29865545,-0.032034427,1.0510149,-0.73296994,0.38557515,-0.27005246,-0.48010236,0.1425114,-0.20902522,0.23524772,-1.0539964,-0.2924945,0.34886026,0.31909162,0.80291015,0.33010608,-0.33359006,-0.055857893,0.27382618,0.07246387,-0.23634134,0.004169303,0.5630893,-0.21363007,-0.41862383,-0.17394741,0.36155406,1.2584791,-0.2881774,-0.7934838,0.7824939,-0.37731436,Bola
-0.17599426,-0.29700828,0.61341566,0.36773452,0.28486472,-0.8077436,0.16909815,-0.9719594,-0.42861038,-0.5713788,-0.8273864,-0.12550284,0.01663748,-0.8849631,-0.05381277,1.0868541,-0.43222705,0.08892555,-0.003380502,0.12580955,0.14734136,0.7782415,0.009868898,-0.24969399,0.76146823,-0.14631435,0.8804841,0.71573055,0.17218645,0.035036694,-1.1426063,0.120918155,0.26696584,0.1367142,-1.6528044,-0.15949585,0.80737484,-0.39917865,0.99584615,-0.11428406,-0.5600359,-0.47646078,0.6297567,0.5181442,-0.14450131,0.3479743,0.5303305,0.3408843,-0.31732556,0.20407292,0.2683356,0.684663,-0.23914629,-0.11870034,0.55624396,-0.565221,Megapolitan
-0.12682302,-0.10672867,0.6206985,0.18741721,0.277882,-0.9289282,0.09090108,-0.73305124,-0.19602625,-0.5263441,-0.6786676,-0.15259825,-0.017545404,-0.85115194,-0.034615647,0.87786704,-0.39424947,-0.03477933,-0.09859895,0.20487525,0.021122066,0.58262223,0.04414926,-0.19540896,0.64530593,-0.120112985,0.8959164,0.43739226,0.27330127,0.019220375,-0.79805535,0.12219933,0.20349105,0.2374149,-1.3742789,-0.16524778,0.57128507,-0.2692437,0.83045644,-0.035147425,-0.4510717,-0.3545382,0.5114538,0.33740935,-0.12990472,0.2191457,0.5485367,0.18654978,-0.26823658,0.045073718,0.26916,0.65343887,-0.41094637,-0.26926014,0.55881816,-0.50215787,Megapolitan
-0.11831431,-0.09743023,0.5584031,0.19433244,0.24311481,-0.8446318,0.07970547,-0.6715213,-0.20504798,-0.45061204,-0.56082696,-0.15607513,-0.007923839,-0.7958001,-0.021682596,0.7922654,-0.37476495,0.013395908,-0.077093676,0.18974155,0.032903433,0.5494023,0.07209602,-0.17996712,0.63940156,-0.07705893,0.787775,0.4814608,0.25700796,0.00046977427,-0.8158412,0.100595936,0.20438373,0.25071615,-1.2584794,-0.17326325,0.5232094,-0.2767901,0.76436687,-0.06174041,-0.40206042,-0.32452872,0.46522674,0.31925264,-0.13095695,0.22115466,0.48092026,0.19794971,-0.2766056,0.09176201,0.23209353,0.569418,-0.4014962,-0.23683915,0.5372082,-0.4740306,Megapolitan
-0.12291732,-0.07418939,0.599842,0.19941513,0.28596804,-0.8577394,0.02252453,-0.706517,-0.22290833,-0.5223388,-0.5028467,-0.1825974,0.012006541,-0.8160964,-0.06556893,0.7741402,-0.3816802,0.03271791,-0.012434121,0.19507219,0.005704226,0.5079937,0.08949574,-0.23903184,0.64115787,-0.10370032,0.8509055,0.4734982,0.25689614,0.040149882,-0.80714285,0.12843984,0.21108955,0.2976691,-1.2590365,-0.16544001,0.50140625,-0.26322335,0.77901715,-0.00871351,-0.42053816,-0.33567557,0.49521366,0.29533702,-0.06552442,0.18795879,0.514606,0.19569384,-0.2329154,0.14292149,0.20603639,0.5721942,-0.43373537,-0.25050256,0.6083323,-0.5379726,Megapolitan
-0.07969841,-0.051414073,0.6798113,0.19508849,0.32462054,-0.904377,-0.07003561,-0.8342945,-0.32116216,-0.6504932,-0.43968415,-0.2957866,0.081959985,-0.86493474,-0.10332203,0.89942014,-0.4449783,-0.0010351514,0.027331313,0.21809496,-0.08314873,0.44074988,0.15684007,-0.36030853,0.7271882,-0.18847422,1.0512,0.44583115,0.29723507,0.00794984,-0.94300175,0.1641082,0.19506955,0.36884695,-1.3569118,-0.24533577,0.5025426,-0.2171947,0.87591326,0.010468594,-0.4741136,-0.37018096,0.517238,0.28600273,-0.015855925,0.18777198,0.62645376,0.2539988,-0.24415998,0.267758,0.18126802,0.67462236,-0.44181415,-0.3275771,0.7854904,-0.579143,Megapolitan
-0.038544588,-0.05546025,0.71984845,0.21431048,0.3571537,-0.9858118,-0.109246165,-0.9769336,-0.40740347,-0.77039623,-0.5147769,-0.29839876,0.14163575,-0.9449175,-0.13237387,1.0859365,-0.49480504,-0.014089911,0.020424373,0.2381587,-0.06944374,0.47815296,0.16591282,-0.42351988,0.824387,-0.30399373,1.2162642,0.5426062,0.29570183,0.058848612,-1.0572412,0.19705826,0.20277178,0.41364107,-1.52083,-0.300102,0.5479134,-0.27849436,0.9767692,0.03916303,-0.5490327,-0.4670436,0.60753405,0.30177483,0.019646624,0.20553267,0.75714636,0.3586918,-0.2556592,0.3047768,0.19546011,0.73619914,-0.47137657,-0.35641772,0.8912937,-0.59501874,Megapolitan
-0.11588778,-0.0782743,0.6878621,0.2159705,0.33221614,-0.90027916,-0.038239736,-0.8351307,-0.31121147,-0.6530335,-0.48544604,-0.27702898,0.044303216,-0.8786887,-0.121209025,0.87164634,-0.44520035,0.0046370644,0.035069525,0.19257225,-0.066463135,0.48504764,0.12788364,-0.35535726,0.69058555,-0.1617207,1.0044981,0.42474738,0.276873,0.01217781,-0.926762,0.16941783,0.21322381,0.32974815,-1.380922,-0.2151609,0.54691267,-0.216363,0.8902795,0.022982845,-0.47288597,-0.37031493,0.523363,0.3117971,-0.02896203,0.18313639,0.5855259,0.22252484,-0.23875526,0.251494,0.1984922,0.6889405,-0.42085907,-0.31075862,0.75370586,-0.6170444,Megapolitan
-0.13997503,-0.13955101,0.65507835,0.23090675,0.29449514,-0.93715477,0.10292617,-0.81531835,-0.24534227,-0.5191561,-0.59501684,-0.2192232,0.00223379,-0.8897103,-0.042995766,0.92441595,-0.41604474,0.030441673,-0.05143331,0.19267632,0.015138226,0.6013143,0.086193494,-0.24862295,0.7590183,-0.12949723,0.959026,0.5599289,0.31590244,-1.3083091e-05,-0.95761865,0.11005012,0.2608738,0.27423695,-1.4713194,-0.18944165,0.62276727,-0.2957117,0.9044484,-0.112656265,-0.47817823,-0.37549424,0.5554051,0.39282137,-0.11701593,0.24993888,0.5640227,0.22060043,-0.28839082,0.16512696,0.26275104,0.65560204,-0.45439866,-0.2757771,0.64858997,-0.5643575,Megapolitan
-0.072313994,-0.043728184,0.48909327,0.13936445,0.1669348,-0.70830965,-0.012090884,-0.5800349,-0.17656666,-0.47824138,-0.57111615,-0.14113258,0.001193736,-0.6517707,-0.049850747,0.69414926,-0.35860118,-0.10106757,-0.11846645,0.17374703,-0.070456736,0.3755526,0.03305079,-0.20382918,0.4440256,-0.13823174,0.71332854,0.14330599,0.16859941,-0.023026401,-0.59558475,0.14492853,0.07169148,0.19357228,-1.0303222,-0.19262129,0.37318832,-0.11371855,0.6273992,0.09247494,-0.32952383,-0.24323633,0.35582092,0.2172388,-0.100508705,0.13589095,0.45108622,0.13182238,-0.22902201,0.023038618,0.2437141,0.649243,-0.22728452,-0.2862373,0.46467492,-0.34060606,Global
-0.2219247,-0.18660313,0.5902592,0.36035612,0.26349634,-0.7925903,0.17262718,-0.88940734,-0.38502628,-0.6276729,-1.0257324,0.028873047,-0.06480222,-0.8718778,-0.06423778,1.0113726,-0.40726227,0.1010041,0.009338496,0.15308312,0.19139749,0.82917845,-0.07779948,-0.20033565,0.5701724,-0.1542248,0.8353504,0.58165324,0.06789874,0.1515009,-0.86345285,0.21846949,0.26199472,0.116597265,-1.5385377,-0.11289316,0.7291373,-0.45153272,0.8898126,0.018169165,-0.48905227,-0.4845131,0.6303778,0.46409348,-0.085667685,0.24345826,0.550315,0.279794,-0.21241519,-0.006396258,0.3051925,0.68781006,-0.20542201,-0.054679442,0.398432,-0.5762779,Regional
0.075378194,0.32035372,1.3580137,-0.2975881,0.41741347,-1.5809577,-0.522175,-0.65176547,0.04161546,-1.2681841,-0.44317338,-0.8494006,0.12049776,-1.0568017,-0.37463266,1.0214428,-0.9315348,-0.98631024,-0.41559488,0.42024335,-1.1270279,-0.14050207,0.24420732,-0.54829615,0.48614356,-0.119155966,1.6303574,-1.2413585,0.47125113,-0.3443475,-0.69183797,0.29286498,-0.48709023,0.5862671,-1.3700314,-0.47458154,0.27127573,0.5633291,1.111715,0.73759896,-0.49164018,-0.020128716,0.38575715,-0.16791959,-0.18327746,-0.07482399,0.98765033,-0.22806707,-0.5896221,-0.027328068,0.41064382,1.8056656,-0.45447713,-1.299829,1.4246157,-0.41768342,Bola
-0.00018725784,0.2807697,1.297332,-0.20225991,0.39678767,-1.5010763,-0.46049663,-0.655293,-0.0033146255,-1.2373008,-0.6208632,-0.75394344,0.05121417,-1.0441308,-0.31667012,1.016235,-0.8976175,-0.9582543,-0.39885417,0.41840276,-1.0108993,-0.007832655,0.15477158,-0.55283827,0.42210218,-0.102304414,1.5675784,-1.1980059,0.44744048,-0.3568385,-0.6557433,0.29827788,-0.44618478,0.48184755,-1.3223194,-0.45922646,0.33429283,0.488655,1.0693058,0.67426854,-0.491194,-0.07035661,0.3679568,-0.09454805,-0.25163767,-0.044506304,0.8775681,-0.20135482,-0.57121927,-0.113113925,0.42278978,1.789818,-0.33990428,-1.2035737,1.2896644,-0.46182084,Bola
-0.07011267,0.19860707,1.1023462,-0.14740087,0.3363052,-1.27923,-0.36186877,-0.5522314,-0.012305477,-1.0311852,-0.5702216,-0.6273057,0.0054928605,-0.8981948,-0.2649761,0.84024155,-0.7484221,-0.7772666,-0.30966002,0.34937635,-0.81508267,0.044010814,0.11511289,-0.45293474,0.33706206,-0.03893346,1.291533,-0.98754716,0.3554979,-0.3179566,-0.5553697,0.24729712,-0.3423417,0.38688156,-1.127718,-0.3787794,0.33708623,0.4067429,0.889809,0.54274786,-0.42548302,-0.06031609,0.30724812,-0.027833793,-0.2318375,-0.032131694,0.71110046,-0.19339517,-0.48290336,-0.08019357,0.323104,1.485634,-0.2555434,-0.9906563,1.0341531,-0.44706795,Bola
-0.14295088,0.1900046,1.2409972,-0.11003666,0.3937398,-1.3596269,-0.44272482,-0.563559,0.010540081,-1.1783856,-0.5695576,-0.7206681,-0.030656502,-0.999787,-0.3308139,0.810047,-0.83869827,-0.88451475,-0.26860532,0.36194855,-0.94803905,0.035588946,0.11520428,-0.5620333,0.31776157,0.07817886,1.3436615,-1.2185498,0.40666038,-0.381423,-0.5758891,0.29829022,-0.4019917,0.40849823,-1.1530004,-0.38278547,0.3734887,0.48964617,0.9716011,0.6559829,-0.44375148,-0.034628242,0.31549183,-0.041836016,-0.27886778,-0.06453367,0.67171735,-0.30393782,-0.5234024,-0.05418269,0.3561867,1.641038,-0.2443073,-1.1119905,1.1597724,-0.59936106,Bola
-0.08912926,0.19561566,1.2627952,-0.16845727,0.40280887,-1.4103669,-0.39788,-0.58941126,0.036760326,-1.1621811,-0.46859413,-0.75204605,0.01673544,-1.0241661,-0.38626593,0.82398146,-0.8648947,-0.83905625,-0.31586987,0.3317242,-0.97805876,0.016024046,0.17697325,-0.5194434,0.4136301,0.079723746,1.3192445,-1.1329168,0.40248156,-0.32827348,-0.7025811,0.26296988,-0.402464,0.4571536,-1.28028,-0.38148692,0.37415838,0.5036405,1.0562481,0.68179035,-0.4500901,-0.033801205,0.35991448,-0.058040734,-0.23366447,-0.04771466,0.7040049,-0.2975744,-0.5641935,-0.00031613495,0.38496163,1.6216547,-0.33999413,-1.1024239,1.2694626,-0.5422043,Bola
-0.07770154,0.17866036,1.2461926,-0.14392215,0.39959824,-1.413532,-0.35148966,-0.6476805,0.014476345,-1.1462452,-0.48353538,-0.73412687,0.0104288645,-1.0549963,-0.36475727,0.87015146,-0.85215235,-0.778137,-0.30501527,0.3310812,-0.9163722,0.055657934,0.1848107,-0.5104448,0.47274876,0.045636542,1.3558767,-1.0024648,0.41365343,-0.2985375,-0.756512,0.2525857,-0.3355649,0.47188202,-1.3725355,-0.375699,0.40973237,0.43389696,1.0811008,0.613699,-0.45911238,-0.06862997,0.39893737,-0.0148015665,-0.22520742,-0.031047013,0.7362589,-0.2687003,-0.5401071,0.031231686,0.39534017,1.5835745,-0.39935526,-1.0682987,1.2509744,-0.5626922,Bola
-0.057650898,0.22628018,1.2606103,-0.186626,0.4143425,-1.4118897,-0.4482885,-0.5669031,0.032628745,-1.1829016,-0.43828142,-0.7642215,0.03170924,-0.9994962,-0.36603555,0.82821673,-0.8533783,-0.8813643,-0.308908,0.3631162,-0.9891763,-0.046722233,0.18074593,-0.5367074,0.38933554,0.040542625,1.369113,-1.167923,0.41090968,-0.33319476,-0.62574613,0.26646197,-0.41896626,0.4874296,-1.212125,-0.38545603,0.32454976,0.51576364,1.0020405,0.6892308,-0.44824988,-0.021926707,0.3380912,-0.08370824,-0.225649,-0.0723058,0.7439862,-0.28681856,-0.5373359,0.0014763385,0.35493016,1.6065191,-0.34894678,-1.142588,1.2679195,-0.53171086,Bola
-0.04638919,0.251717,1.2780528,-0.21049379,0.38459957,-1.4322741,-0.391466,-0.58948964,0.06459012,-1.1684754,-0.543725,-0.75119567,0.014292132,-1.0037189,-0.34658456,0.88717514,-0.8680094,-0.8847774,-0.37321097,0.35909644,-1.0055588,-0.0063135778,0.16229367,-0.4919664,0.38777205,-0.0029294365,1.4200741,-1.1978629,0.43445027,-0.35805333,-0.6540477,0.26512694,-0.42528313,0.45327094,-1.2746453,-0.41779134,0.34846753,0.51527673,1.0530014,0.6540746,-0.43974963,-0.025763191,0.34493175,-0.06836654,-0.23299529,-0.06104014,0.7781883,-0.28399542,-0.5624051,-0.08488065,0.41039371,1.6989081,-0.34039086,-1.1425896,1.2370968,-0.45950657,Bola
0.08268352,0.32911077,1.2946697,-0.26234668,0.3723631,-1.5280948,-0.4954496,-0.6635356,-0.009072858,-1.2557126,-0.6126019,-0.7434276,0.121198975,-1.0157205,-0.31387797,1.0831821,-0.9057819,-0.97750175,-0.43861514,0.4571381,-1.0433244,-0.048764613,0.18248168,-0.5142745,0.46233264,-0.15926224,1.6253875,-1.1745924,0.43101427,-0.34108007,-0.657625,0.31097737,-0.47829354,0.5276016,-1.3432485,-0.47361434,0.29625142,0.47218484,1.072323,0.6907462,-0.49434412,-0.07019879,0.3790868,-0.14937234,-0.21690786,-0.043727424,0.97416055,-0.15135698,-0.5836316,-0.12954023,0.42821592,1.7984872,-0.36460027,-1.2171531,1.3098496,-0.3612337,Bola
-0.06949046,0.2980475,1.5013862,-0.23484527,0.45317397,-1.6428623,-0.5711034,-0.6695775,0.035610534,-1.4416857,-0.5666021,-0.9385942,0.023968326,-1.1506702,-0.43154448,0.99405193,-1.0372776,-1.1308627,-0.39386478,0.43434766,-1.2506894,-0.09226283,0.1950136,-0.681875,0.39909375,0.03317541,1.6799791,-1.5633582,0.49678382,-0.45956007,-0.7082082,0.3572453,-0.55461633,0.536473,-1.3641753,-0.4962895,0.3739121,0.6764406,1.176245,0.8428794,-0.51538813,-0.000597194,0.3558191,-0.14951111,-0.2928211,-0.10059921,0.88132554,-0.3598651,-0.6480027,-0.053144865,0.44415557,2.0326796,-0.3279609,-1.4001936,1.4930086,-0.60267603,Bola
-0.0004169561,0.13501425,0.93135095,-0.03449213,0.30411476,-1.1238123,-0.27792588,-0.6714457,-0.1689591,-0.9402468,-0.81698525,-0.41506258,0.057660796,-0.81632024,-0.17504449,1.0532621,-0.6539382,-0.6449202,-0.30841357,0.32426476,-0.5467371,0.23667677,0.024674185,-0.3813324,0.36945027,-0.25167218,1.2506281,-0.5997536,0.25432664,-0.20633316,-0.5955926,0.26232746,-0.25515833,0.26079124,-1.2173318,-0.35329294,0.40287194,0.17416584,0.8786161,0.4103915,-0.4669144,-0.211659,0.37352335,0.07457697,-0.20161095,0.08546012,0.7538375,0.0780666,-0.44611257,-0.15854962,0.34047943,1.3603913,-0.12549728,-0.78663015,0.86207956,-0.3080566,Bola
-0.08782025,0.1070107,1.0708729,-0.15764369,0.2985716,-1.1978253,-0.26021877,-0.5002034,0.05619008,-0.91911787,-0.6402691,-0.64014554,-0.060486116,-0.8518769,-0.23388675,0.8182379,-0.73731,-0.7992036,-0.37129256,0.27698466,-0.7960108,0.07053839,0.049643498,-0.37465575,0.26035234,-0.06539149,1.2149236,-1.0537435,0.37242186,-0.3836453,-0.53989536,0.17536157,-0.35532913,0.24580698,-1.1257399,-0.3668017,0.36410782,0.4898893,0.87910205,0.4615922,-0.38683197,-0.042157717,0.24047565,0.057126578,-0.2987232,-0.004978172,0.6178129,-0.23938163,-0.53737676,-0.12852484,0.38060123,1.5249987,-0.14557427,-0.9922625,0.9595135,-0.36244825,Bola
-0.05832946,0.20355698,1.1470515,-0.15062286,0.35171756,-1.3391815,-0.3522075,-0.5691786,0.010758824,-1.0582554,-0.5965733,-0.6511345,-0.003133149,-0.94705003,-0.26169392,0.8741382,-0.7798955,-0.8135458,-0.33770618,0.36238098,-0.8421497,0.06608584,0.108239986,-0.45890462,0.36869556,-0.049699638,1.3610575,-1.0145155,0.40123487,-0.32276782,-0.57284874,0.252052,-0.34816638,0.389108,-1.1914331,-0.37885976,0.35223442,0.41353956,0.94168895,0.54261285,-0.4321278,-0.06685954,0.33001068,-0.02753458,-0.25651127,-0.028856685,0.73908645,-0.20484602,-0.504076,-0.11096095,0.374704,1.5537874,-0.30630684,-1.0345371,1.0807009,-0.46164605,Bola
-0.03444342,0.18694676,1.0460354,-0.15416712,0.32525223,-1.1910564,-0.34058464,-0.53266245,-0.00022046044,-0.9802627,-0.49922147,-0.6198879,0.0073175943,-0.85252756,-0.27810633,0.7884619,-0.71229684,-0.751438,-0.28191575,0.31302455,-0.79943323,0.019939436,0.10635057,-0.4434423,0.31673717,-0.071608044,1.2474675,-0.9702748,0.3638162,-0.29704058,-0.52552754,0.2295973,-0.33298498,0.35617197,-1.0737224,-0.35713327,0.30096146,0.41512668,0.8653837,0.51896554,-0.38495272,-0.056350544,0.28822574,-0.047399886,-0.20691435,-0.041739352,0.6776747,-0.183373,-0.4475567,-0.068571426,0.3356314,1.4349405,-0.25365457,-0.9588242,1.0309608,-0.41406286,Bola
-0.16774051,0.15238938,1.2060337,-0.12305553,0.35430735,-1.3127111,-0.34085366,-0.5436232,0.0517697,-1.1029828,-0.636899,-0.709633,-0.10190548,-0.9653703,-0.3231364,0.78954214,-0.82227075,-0.8777544,-0.29696748,0.31471244,-0.9152248,0.08337349,0.069353886,-0.5019976,0.25371107,0.050453313,1.3169763,-1.2564912,0.40751052,-0.41180447,-0.54432076,0.25902703,-0.38561785,0.30989674,-1.1388398,-0.3924508,0.40741235,0.55566895,0.97237027,0.5979642,-0.40820405,-0.015092368,0.2764878,-0.001988939,-0.31138104,-0.057416648,0.6319751,-0.3256794,-0.52525157,-0.12175269,0.39169648,1.6816994,-0.18741642,-1.077777,1.0826943,-0.5524315,Bola
-0.114043504,-0.2035687,0.61127484,0.16291296,0.19542536,-0.8901973,0.11170819,-0.7614844,-0.22466245,-0.49099183,-0.7236009,-0.23529069,-0.023755964,-0.7886313,-0.01961702,0.94257957,-0.4441956,-0.14904529,-0.20070055,0.16074732,-0.06747512,0.5588346,0.03874216,-0.18446618,0.6492928,-0.10188982,0.8632303,0.27554673,0.25919303,-0.13987769,-0.93875253,0.0746334,0.14350803,0.13869663,-1.4498746,-0.23664263,0.67955476,-0.12252134,0.8636728,-0.080988556,-0.4543229,-0.3115969,0.41718915,0.38590038,-0.26450288,0.26483074,0.4797927,0.16119958,-0.4006006,0.089618884,0.30521473,0.8169401,-0.2659312,-0.3428361,0.57117796,-0.3991924,Megapolitan
-0.107480936,-0.20843843,0.46510655,0.19694965,0.14790766,-0.72309005,0.15073948,-0.65394115,-0.21007983,-0.38791662,-0.70743275,-0.10089634,-0.03409401,-0.6756239,0.012936429,0.80179757,-0.3463478,-0.057374142,-0.14980516,0.14527869,0.055776022,0.582734,-0.0045175413,-0.10499729,0.5543214,-0.07367728,0.6717521,0.38465133,0.18101278,-0.050136574,-0.76970035,0.052975576,0.164729,0.0879437,-1.2357459,-0.15388365,0.6018899,-0.22117078,0.72243565,-0.104766324,-0.3860231,-0.30694702,0.39787135,0.3611432,-0.23173484,0.23777544,0.37987858,0.16499104,-0.30699843,0.02765819,0.27361685,0.60493535,-0.23170762,-0.18623357,0.3921918,-0.35654986,Megapolitan
-0.15871166,-0.27855855,0.544075,0.28094655,0.19834158,-0.7267496,0.17520975,-0.9176758,-0.38034174,-0.47495723,-0.7815155,-0.17902043,-0.020107137,-0.7536776,-0.019433027,1.0194511,-0.38487312,0.014341806,-0.083268836,0.087058306,0.078964,0.66200405,0.0042543286,-0.22761925,0.6868297,-0.17469773,0.84081,0.5377173,0.17868671,-0.0763767,-1.0666052,0.10342908,0.2660601,0.07447532,-1.5493429,-0.22474907,0.78013194,-0.23320694,0.9031264,-0.17797984,-0.48244417,-0.39397943,0.48075703,0.50560474,-0.1942808,0.2978669,0.4603149,0.26474306,-0.32848194,0.19788213,0.26563117,0.7089291,-0.17258763,-0.17724204,0.5088775,-0.4634321,Otomotif
-0.11842125,-0.016304873,0.62125486,0.09523842,0.27521792,-0.91057956,-0.014767349,-0.634094,-0.108679645,-0.54455185,-0.5765778,-0.20969257,0.00054730027,-0.80426276,-0.06684745,0.7248935,-0.39134696,-0.12408752,-0.11958409,0.18886092,-0.09937805,0.3906731,0.03897658,-0.24547336,0.55017334,-0.1516781,0.900855,0.18987311,0.28376552,0.005090648,-0.62828034,0.15334184,0.14115958,0.27156895,-1.2252017,-0.19866925,0.43479127,-0.13280317,0.7471249,0.07724234,-0.37829152,-0.2882188,0.43816718,0.26351315,-0.08495653,0.11303031,0.5354278,0.08622492,-0.2178528,0.037605144,0.2575678,0.67302847,-0.42178628,-0.3805416,0.60043716,-0.4721644,Nasional
-0.18835679,-0.25923207,0.63964516,0.34016287,0.296105,-0.86217564,0.116839886,-1.0133995,-0.4150647,-0.5920012,-0.7283132,-0.21055955,0.013342182,-0.92348695,-0.05541406,1.0425236,-0.43350902,0.090274766,-0.0021392878,0.119800724,0.095284306,0.71047777,0.053947847,-0.31566998,0.8213776,-0.16245462,0.96660477,0.69804674,0.2434323,-0.009432545,-1.1750314,0.14035274,0.32758635,0.21502236,-1.6929296,-0.23326223,0.798017,-0.33294573,1.013975,-0.14237317,-0.55082625,-0.46705484,0.5978912,0.52355397,-0.13478065,0.29832995,0.53825164,0.3013852,-0.29707024,0.29498118,0.24651091,0.6950819,-0.345821,-0.18950087,0.6552715,-0.65035677,Megapolitan
-0.1774791,-0.23251197,0.6072415,0.3232937,0.28596163,-0.8318643,0.115470245,-0.95762235,-0.39029184,-0.57245684,-0.7032298,-0.18221214,0.0001612918,-0.88584584,-0.054339945,0.99297154,-0.41200393,0.09257029,0.0025959988,0.12006264,0.104006425,0.6878575,0.04918581,-0.29589108,0.7710442,-0.15047173,0.91993916,0.6664171,0.22615325,0.008080463,-1.098227,0.13956526,0.31576055,0.20643511,-1.6040279,-0.21148856,0.7571674,-0.3291321,0.9601804,-0.11741679,-0.52154416,-0.44721565,0.57705826,0.48373714,-0.1249249,0.2703597,0.52362216,0.28027955,-0.27189896,0.26079717,0.2410372,0.6568158,-0.34687886,-0.17156261,0.6129603,-0.6365498,Otomotif
-0.12027032,-0.06666791,0.61751086,0.14525585,0.2988375,-0.953121,0.01469178,-0.69486755,-0.16757108,-0.5773574,-0.5651468,-0.18870717,-0.0046783346,-0.85427916,-0.050072435,0.76396066,-0.38791284,-0.053627018,-0.07959103,0.19148919,-0.030227417,0.49945003,0.065062985,-0.25287282,0.66042715,-0.098803915,0.91760033,0.370663,0.31376302,0.011478068,-0.70709825,0.14208521,0.21156794,0.31958747,-1.3299829,-0.18379371,0.5180454,-0.22330254,0.79672337,0.02817753,-0.4351929,-0.3332429,0.49001,0.30099717,-0.116169356,0.14052019,0.5390566,0.137234,-0.20523277,0.11401017,0.2531131,0.61091274,-0.52028227,-0.3238487,0.62395316,-0.5996717,Megapolitan
-0.089561455,-0.0791368,0.5930764,0.111256346,0.16695778,-0.9763394,0.3426714,-0.7710138,-0.07036429,-0.28751236,-0.7174748,-0.15096752,-0.13641138,-0.8328673,0.096159175,0.9634605,-0.31504142,0.01121646,-0.27906322,0.2064366,0.034050927,0.54325944,0.058108244,-0.14492212,0.75324994,-0.19009563,1.0688269,0.47312155,0.43191004,-0.025853585,-0.7654433,0.07798246,0.37042147,0.1894268,-1.5558256,-0.19297686,0.58255154,-0.25196922,0.83654326,-0.29620165,-0.36200437,-0.27463934,0.48699728,0.3930327,-0.15647899,0.23997967,0.6200768,0.03480201,-0.24573681,-0.073414356,0.44375795,0.6884951,-0.5902601,-0.29924026,0.4512789,-0.44003457,Megapolitan
-0.11525605,-0.04194239,0.5118373,0.23863167,0.22483858,-0.69287616,-0.097528666,-0.71470135,-0.27383825,-0.5922832,-0.45855102,-0.14933157,0.008223391,-0.7385132,-0.10786173,0.6517577,-0.3702727,0.045257326,0.014798707,0.10117809,-0.033779543,0.38159382,0.062393084,-0.37422463,0.5378992,-0.15325108,0.74152565,0.26440972,0.16457964,0.05001631,-0.69419825,0.22183211,0.18349874,0.30465743,-1.1307366,-0.22847532,0.37859467,-0.1530086,0.7026804,0.20102711,-0.3578311,-0.29454815,0.4540213,0.244276,0.0068154675,0.09010974,0.4666288,0.15315342,-0.13305952,0.20573129,0.21137233,0.5893362,-0.31957498,-0.24944489,0.58353305,-0.5582354,Nasional
-0.1461184,-0.09599014,0.6557285,0.33193457,0.23421183,-1.0915173,0.12938975,-0.80408573,-0.23074937,-0.5617295,-0.8067561,-0.04070182,-0.06855099,-1.0518247,0.02146327,0.9140189,-0.47701547,0.06399101,-0.13763203,0.28094277,0.13357608,0.78415287,0.04561219,-0.20392722,0.7753335,-0.00891029,0.8890082,0.6685801,0.25023654,0.0950593,-0.9334028,0.12594941,0.2565647,0.36356655,-1.5630087,-0.17557962,0.5960829,-0.45169234,0.9069318,0.017759934,-0.50229657,-0.42429483,0.6458525,0.35601294,-0.22153315,0.26211098,0.57795423,0.21718979,-0.3119568,-0.014436969,0.37809178,0.7200196,-0.58626366,-0.2305149,0.55958354,-0.63361716,Regional
-0.18482283,-0.17095283,0.6193807,0.38293883,0.26985192,-1.0263357,0.14818442,-0.8830518,-0.2816257,-0.57784057,-0.89172816,0.026527086,-0.037798695,-1.0281457,-0.007573965,0.9621138,-0.45538852,0.12664841,-0.08322014,0.22087024,0.2195935,0.8375036,-0.0155649185,-0.2210207,0.7753951,-0.08307792,0.8588573,0.7663983,0.18191287,0.16142385,-0.95183027,0.15462276,0.30902258,0.29732996,-1.6549408,-0.14020175,0.66648555,-0.5103137,0.93392664,0.017390348,-0.51395196,-0.4889516,0.7173334,0.44297096,-0.1748382,0.26095855,0.5602604,0.2614247,-0.26318908,0.034188893,0.37201783,0.6494576,-0.51523364,-0.15005921,0.5024943,-0.6446215,Regional
-0.09708982,-0.005794569,0.6051958,0.043204967,0.2519131,-0.95013845,0.054350268,-0.76461273,-0.060887195,-0.5220853,-0.79350966,-0.19303602,-0.021710055,-0.93789977,-0.031463854,0.88751185,-0.3761582,-0.13194105,-0.22538334,0.2037502,-0.053204242,0.4164849,0.030102696,-0.24078071,0.62804294,-0.30833754,1.0394855,0.25807112,0.36290464,0.064196385,-0.7530464,0.18309529,0.21789005,0.23150301,-1.4601457,-0.2049897,0.4862665,-0.19353542,0.7972518,-0.0058311005,-0.3863034,-0.3165917,0.4710218,0.267164,-0.04589707,0.17573294,0.6629823,0.06569082,-0.25060534,-0.07477952,0.3409087,0.73696804,-0.44673637,-0.3833284,0.6151859,-0.37064344,Global
-0.094450116,-0.03084903,0.5839958,0.09062224,0.2434472,-0.88793534,0.015454427,-0.73368657,-0.14213297,-0.5493706,-0.74588794,-0.18197131,-0.0011325853,-0.8537827,-0.048954215,0.8630938,-0.38746256,-0.12483453,-0.17255801,0.1901646,-0.061372284,0.42648673,0.033465713,-0.24771772,0.57807463,-0.26383188,0.94522554,0.22778721,0.28606778,0.033927042,-0.7248399,0.18849243,0.16420166,0.21995667,-1.3424155,-0.21441081,0.47300828,-0.1739022,0.75626284,0.04256863,-0.40084884,-0.31486246,0.45052668,0.2674821,-0.06247137,0.17069502,0.6152399,0.12140799,-0.2464808,-0.012544493,0.2901813,0.73250675,-0.35100484,-0.35524264,0.5887761,-0.37644434,Global
-0.16198793,-0.07061166,0.64408785,0.13468143,0.29047102,-0.980304,0.042901725,-0.95388514,-0.1443645,-0.6381104,-0.96820456,-0.18641143,0.0019084956,-1.0728765,-0.07711441,1.0204812,-0.42672795,-0.10519525,-0.19940533,0.18567273,-0.004708559,0.5165196,0.007755317,-0.3372297,0.7181635,-0.37494126,1.1167662,0.34685102,0.35022098,0.0957115,-0.94542164,0.25696293,0.2678446,0.2104633,-1.701703,-0.24052665,0.60678035,-0.23830964,0.9279446,0.026573753,-0.45722452,-0.4125258,0.55302346,0.34415993,-0.03159702,0.21559161,0.6836387,0.1246783,-0.27663317,-0.023548437,0.38177383,0.82538235,-0.38391986,-0.36025357,0.6975718,-0.44679102,Global
-0.08524726,-0.031002218,0.57719296,0.04982159,0.21989116,-0.91389763,0.07077799,-0.7033926,-0.07610241,-0.4791005,-0.73895663,-0.1804317,-0.024311602,-0.85832006,-0.026992165,0.85173124,-0.36630616,-0.13644435,-0.2204596,0.20904773,-0.05689068,0.41995338,0.03725569,-0.20587717,0.60037905,-0.25484097,0.9679421,0.23910609,0.33633378,0.017540237,-0.7065489,0.15477416,0.19473504,0.20865709,-1.3614342,-0.19832282,0.47986096,-0.16859296,0.7588866,-0.028065173,-0.37624672,-0.28910482,0.42700502,0.26729342,-0.087077685,0.1782313,0.6044105,0.07703428,-0.26020178,-0.064464964,0.32799274,0.7146949,-0.40133104,-0.36539897,0.57119143,-0.35277918,Global
-0.04712877,0.022770638,0.5527031,-0.01767451,0.22471464,-0.8978169,0.05644606,-0.6924999,-0.017003333,-0.4470664,-0.665576,-0.2090097,-0.018181322,-0.8541505,-0.012001259,0.81898564,-0.33085978,-0.14424317,-0.2504489,0.19616573,-0.0749054,0.33533633,0.056374922,-0.22715943,0.62472004,-0.30261484,1.0003053,0.23045826,0.39347047,0.04930785,-0.6996961,0.15377426,0.22058402,0.22681817,-1.3454177,-0.19500789,0.42497832,-0.15918474,0.7253929,-0.04535774,-0.3449884,-0.26694956,0.41345572,0.2069947,-0.036584787,0.16528124,0.6388636,0.043246955,-0.22694552,-0.0752788,0.3155984,0.6611882,-0.4723492,-0.38176668,0.59140074,-0.30635303,Global
-0.14877768,0.19215903,1.1046562,-0.07818395,0.28021032,-1.2254553,-0.26741543,-0.61121315,-0.0075210175,-1.0231453,-0.7175119,-0.621902,-0.13219257,-0.9273823,-0.24058136,0.844097,-0.737841,-0.7338749,-0.26729205,0.3264039,-0.8173845,0.1265836,0.060274933,-0.5003478,0.27554935,-0.10388161,1.4158473,-1.118627,0.44536367,-0.41967425,-0.5155318,0.2930673,-0.25473815,0.2707594,-1.1554507,-0.4209119,0.39467025,0.42591387,0.9478782,0.43407336,-0.35312045,-0.059494525,0.27807766,0.0057673603,-0.2584913,-0.048820846,0.6929961,-0.24520463,-0.41322678,-0.16616984,0.4064041,1.6489679,-0.2030244,-0.96698475,0.9251425,-0.54585934,Bola
-0.043044902,0.021356395,0.69639516,0.039585657,0.23799582,-1.0077332,-0.0068594827,-0.72917193,-0.16607809,-0.64954674,-0.90639395,-0.19469476,0.026411008,-0.8458649,-0.04213162,1.0467517,-0.4656892,-0.29410434,-0.2734078,0.26886696,-0.14394207,0.4572876,-0.02698167,-0.20845251,0.52259696,-0.28287587,1.0772225,0.06244932,0.25277218,-0.0143711055,-0.67524576,0.18839373,0.026509048,0.1990407,-1.3774923,-0.26170284,0.4958047,-0.12499949,0.81810427,0.102871306,-0.4454075,-0.32600033,0.45008627,0.25476283,-0.1297675,0.18358621,0.71938384,0.19013834,-0.3299014,-0.13677508,0.32323515,0.92886454,-0.2645986,-0.45722875,0.5845716,-0.28525698,Global
-0.08187177,-0.007289111,0.6661235,0.060143527,0.21535742,-0.98581076,0.019303834,-0.6577728,-0.124166,-0.5757169,-0.8599866,-0.17855927,-0.009879265,-0.8065212,-0.022010237,0.94216037,-0.43180192,-0.26086783,-0.26160234,0.26782334,-0.117507964,0.46772057,-0.024513945,-0.16676189,0.48938,-0.2092163,0.9861938,0.074677795,0.24875134,-0.050401624,-0.6099811,0.1590844,0.053725015,0.18851405,-1.3049089,-0.23228914,0.48783574,-0.11982027,0.78524095,0.057121266,-0.41470337,-0.29687253,0.41144505,0.27465656,-0.17248966,0.17954811,0.6148814,0.14166006,-0.32798454,-0.14499402,0.3293218,0.86844647,-0.27627483,-0.43318203,0.5287977,-0.3151669,Global
0.059580125,0.23387815,1.0507092,-0.25911945,0.33742383,-1.3078423,-0.3465828,-0.54949933,0.028668633,-0.94698167,-0.47184473,-0.6373263,0.0630712,-0.86884046,-0.23276809,0.89645416,-0.70985615,-0.74393106,-0.38711083,0.3599892,-0.7898606,-0.03850501,0.1692634,-0.3824003,0.4005532,-0.21194409,1.3981707,-0.8589294,0.41886652,-0.29468423,-0.5313156,0.20696414,-0.32365048,0.44074306,-1.1574166,-0.40646803,0.25342515,0.3967771,0.8838802,0.4755006,-0.43348587,-0.05981606,0.31059766,-0.07768304,-0.15606053,-0.01706168,0.83866334,-0.10923413,-0.45545757,-0.07003276,0.34016138,1.4452133,-0.38693303,-1.0084025,1.0662044,-0.32410508,Bola
-0.101154804,0.16254589,1.1194787,-0.110723056,0.340432,-1.2652588,-0.3482243,-0.59224033,-0.017762884,-1.0501506,-0.5788286,-0.64201087,-0.019492468,-0.9280685,-0.2930303,0.85615075,-0.76210296,-0.78434294,-0.2899852,0.32582593,-0.8253346,0.07008531,0.1062732,-0.49769595,0.33285445,-0.02551142,1.3214899,-1.027526,0.3674428,-0.33975178,-0.5766305,0.26146853,-0.33528492,0.36298987,-1.1617962,-0.39300746,0.37169534,0.4339636,0.94015884,0.54424185,-0.42814925,-0.05894249,0.31977135,-0.014946819,-0.24542122,-0.026229287,0.6969569,-0.22017956,-0.47961745,-0.07423367,0.36051777,1.5540795,-0.23972312,-1.000701,1.0557246,-0.50463957,Bola
-0.03874037,0.16167153,1.1751816,-0.09187633,0.41133267,-1.3817915,-0.37931827,-0.71184963,-0.07546501,-1.1076396,-0.42095754,-0.69316965,0.06865119,-1.0519245,-0.33378258,0.92721826,-0.7982055,-0.7039947,-0.22612865,0.36883888,-0.8120565,0.083933115,0.20019937,-0.5550972,0.56621176,-0.05600708,1.4515761,-0.75483674,0.43666813,-0.25582236,-0.7547905,0.2633494,-0.25108495,0.5188546,-1.3617828,-0.37271276,0.397677,0.30493507,1.0491618,0.5135735,-0.48377594,-0.13642798,0.44087794,-0.014052058,-0.18443751,-0.001667226,0.797346,-0.13270533,-0.46798715,0.090152554,0.35279128,1.4686347,-0.45799094,-1.0106168,1.251001,-0.60867596,Bola
-0.024180222,0.19707458,1.073856,-0.15758492,0.3455923,-1.2824597,-0.3428923,-0.55008906,0.011808809,-0.99013895,-0.5249164,-0.6077809,0.013414683,-0.91906947,-0.25469032,0.8333776,-0.72652954,-0.7403819,-0.30404022,0.3529277,-0.77974033,0.055781707,0.119982414,-0.42745328,0.3735324,-0.09563633,1.3317419,-0.88882774,0.39257017,-0.2846274,-0.5276377,0.23275246,-0.31573692,0.40882406,-1.1434667,-0.36406544,0.29898137,0.36234808,0.8934891,0.50393796,-0.41768286,-0.07876746,0.33067152,-0.04378023,-0.20986094,-0.030889245,0.7440906,-0.16475601,-0.45076743,-0.08765161,0.3572985,1.4504478,-0.34934285,-0.97547996,1.0461632,-0.44655874,Bola
0.03062226,0.2458953,1.189682,-0.24450678,0.3692021,-1.4238445,-0.3926171,-0.60519683,0.01923112,-1.0866541,-0.515992,-0.70994925,0.06368094,-0.96692026,-0.30106267,0.9628855,-0.7993814,-0.84290606,-0.38640898,0.38689256,-0.90256244,-0.024827503,0.18113694,-0.45409703,0.42182928,-0.13915612,1.4880944,-1.0012385,0.4281199,-0.31848788,-0.59324086,0.25245336,-0.3941336,0.47860017,-1.267713,-0.42752835,0.296054,0.4602087,0.989582,0.5745615,-0.46428946,-0.052159514,0.3529427,-0.087518126,-0.19126427,-0.034242626,0.8721684,-0.16739295,-0.5107521,-0.07215688,0.38303143,1.6005323,-0.39395612,-1.1110375,1.2013718,-0.39928505,Bola
-0.030251961,0.19240792,1.1813704,-0.18476166,0.38884646,-1.4096625,-0.37822726,-0.60718274,0.0043080845,-1.0890678,-0.5662447,-0.6768405,0.03756113,-1.0008842,-0.3019686,0.9366979,-0.80357116,-0.8085214,-0.33552948,0.37410286,-0.84343225,0.05294236,0.14441383,-0.45303118,0.41975453,-0.10096994,1.4301783,-0.94170314,0.40866482,-0.29783314,-0.6020161,0.24755003,-0.36421615,0.4508346,-1.2778754,-0.39797837,0.34570408,0.40789008,0.9890401,0.56399566,-0.47624967,-0.0894912,0.37145478,-0.029906293,-0.21978849,-0.023118682,0.81751686,-0.17087786,-0.5072354,-0.059944574,0.36792397,1.5596758,-0.36452338,-1.0684384,1.167104,-0.46382102,Bola
-0.193722,-0.06737017,0.5861941,0.22033568,0.11487406,-0.7939279,0.28764614,-0.8613569,-0.23688969,-0.5176533,-0.9376359,0.009984559,-0.13498107,-0.8047232,-0.04615689,1.0528089,-0.3461991,0.023112405,-0.14049453,0.16651882,0.04143139,0.5963856,0.00973988,-0.16742314,0.4803016,-0.19838355,1.0048459,0.28544968,0.15393186,0.008084126,-0.60410553,0.2355989,0.31786272,0.1341607,-1.450094,-0.2522525,0.5648848,-0.2726845,0.8278631,-0.040280003,-0.3571314,-0.31166813,0.49586567,0.42987838,-0.024036888,0.15200475,0.6309553,0.057559904,-0.17134829,-0.15198238,0.5011951,0.802186,-0.28642386,-0.17348258,0.3273973,-0.4930931,Nasional
-0.090963505,-0.1028594,0.5600386,0.14983697,0.22430623,-0.87038827,0.074310355,-0.69128597,-0.20519087,-0.5259351,-0.7660991,-0.1183651,-0.021312572,-0.7752989,-0.042428356,0.87434816,-0.4021606,-0.12334016,-0.16640139,0.20889516,0.0011812384,0.54493135,-0.001588362,-0.17327042,0.53975546,-0.16511352,0.84944135,0.2930479,0.20353241,-0.0057003326,-0.7288844,0.12388959,0.13514921,0.16698244,-1.2976382,-0.18352191,0.55540943,-0.22245067,0.77680624,0.00012336145,-0.4219177,-0.3451584,0.44872788,0.3063189,-0.16894609,0.20838451,0.51425356,0.18711574,-0.29001224,-0.028640876,0.2870657,0.72154397,-0.28860337,-0.28080904,0.49008077,-0.38540074,Global
-0.052798044,-0.01355268,0.6011157,0.058770366,0.1998167,-0.83731556,-0.011128636,-0.5872933,-0.1456846,-0.54348654,-0.7012448,-0.1930578,-0.0057929964,-0.6592201,-0.051054336,0.84066164,-0.40012255,-0.26946872,-0.20118168,0.221372,-0.15424867,0.39193028,-0.0020358684,-0.19465593,0.4148217,-0.16941322,0.89071137,-0.012898116,0.20709126,-0.08004003,-0.5636251,0.13386847,0.009686946,0.16162708,-1.1069148,-0.21826363,0.43851617,-0.04179183,0.7002233,0.081379116,-0.37392923,-0.24464211,0.34692067,0.21375045,-0.17063566,0.14615147,0.52868676,0.12645681,-0.30692422,-0.097695276,0.28444427,0.8176824,-0.20272501,-0.41205055,0.51932555,-0.2890329,Otomotif
-0.06423112,-0.014029144,0.65851456,0.08142202,0.2528179,-0.9467323,-0.044178892,-0.6363974,-0.17594929,-0.6501691,-0.82551306,-0.15837824,0.013911974,-0.7565976,-0.07800845,0.91296595,-0.4646997,-0.27634892,-0.1864551,0.25953698,-0.13492921,0.4822667,-0.025739262,-0.17388202,0.43104923,-0.18813945,0.9372545,0.037830234,0.17785135,-0.03245837,-0.59846246,0.17265995,-0.011583517,0.2011484,-1.2143549,-0.20934363,0.47194573,-0.1219685,0.7629708,0.15728565,-0.41850707,-0.31119835,0.42778355,0.229373,-0.16651578,0.14912769,0.59511137,0.17391662,-0.33517808,-0.116681725,0.2961564,0.8601369,-0.22645627,-0.4186228,0.5625051,-0.32907432,Money
-0.10231863,-0.03323493,0.44458744,0.1486457,0.18666846,-0.56701094,-0.0019877015,-0.5697287,-0.18831848,-0.43432587,-0.4412951,-0.13682958,-0.018093621,-0.5758928,-0.07653318,0.5958214,-0.28495303,-0.020279268,-0.018850718,0.08995455,-0.03984192,0.3292351,0.04058957,-0.24080326,0.38224107,-0.1395947,0.6437537,0.18225126,0.13209894,0.028848745,-0.55745786,0.15669245,0.1439361,0.17777406,-0.94385815,-0.15766379,0.3647876,-0.11920143,0.57771695,0.07595403,-0.2884848,-0.22636944,0.3508187,0.2080356,-0.017511973,0.100823045,0.3954831,0.10764383,-0.14842302,0.08403145,0.18657254,0.5358682,-0.21801338,-0.21321543,0.43987915,-0.37894303,Nasional
-0.028455047,-0.019345876,0.60082483,0.07743838,0.27514648,-0.882765,0.027062025,-0.82011694,-0.24267761,-0.5904518,-0.61323184,-0.23644541,0.04599553,-0.8380616,-0.08044133,0.91557807,-0.40680078,-0.103830606,-0.11963036,0.2101896,-0.066399984,0.41636598,0.089775056,-0.30804503,0.639096,-0.2672938,1.0429072,0.31564167,0.29846996,0.052116077,-0.80351555,0.18217914,0.23656717,0.27638358,-1.4013114,-0.21239147,0.51737094,-0.24223936,0.80478865,-0.029101215,-0.44101492,-0.33942756,0.50027204,0.24216036,-0.05024197,0.1930278,0.6545872,0.20130622,-0.20156911,0.12272762,0.24465899,0.7184204,-0.43547365,-0.3251334,0.6490065,-0.4401457,Global
-0.26267487,-0.15559982,0.68217313,0.3708513,0.34767038,-1.0447658,0.24558839,-0.83357275,-0.0645628,-0.5111575,-0.9088191,0.046940465,-0.06834623,-1.0744436,-0.014059338,0.86893195,-0.45009503,0.1273641,-0.12770782,0.14993237,0.19313689,0.7900869,-0.105578154,-0.1876023,0.73325104,-0.057310853,0.8887498,0.6853172,0.23664609,0.2781985,-0.83586437,0.17247885,0.3260131,0.2710083,-1.8140014,-0.012470686,0.6993425,-0.54078805,0.9976145,0.001763221,-0.4069133,-0.4687197,0.839,0.5085506,-0.1709969,0.1685059,0.5069427,0.035265032,-0.23984937,-0.03396206,0.48444292,0.648963,-0.67223614,-0.19156866,0.44241154,-0.6763357,Nasional
-0.022354966,0.008814291,0.6422983,-0.0013795943,0.22019932,-0.8804144,-0.06619855,-0.5079829,-0.06395961,-0.5580819,-0.503813,-0.25860623,0.00593804,-0.69115627,-0.11396124,0.6913227,-0.43443847,-0.28795993,-0.17942691,0.21968055,-0.25734952,0.28945222,0.04992407,-0.19025879,0.41533825,-0.11472535,0.84560156,-0.11201447,0.23811083,-0.08298417,-0.5366181,0.10999081,-0.023909813,0.22886968,-1.0364186,-0.1936066,0.35953802,0.0083326,0.6745867,0.1529989,-0.3349178,-0.19460545,0.3253487,0.1350209,-0.14287615,0.084306486,0.5183735,0.03537053,-0.29761782,-0.02578695,0.26404122,0.8008033,-0.3043253,-0.47205675,0.6043677,-0.32223147,Bola
-0.051084105,-0.035461273,0.47129184,0.047931243,0.11996592,-0.6421246,0.0045275926,-0.47984836,-0.12309816,-0.40967754,-0.57323384,-0.16093205,-0.0065955906,-0.52536106,-0.03958222,0.6727641,-0.33547494,-0.20469671,-0.17109601,0.16706772,-0.13132372,0.30668476,-0.0007711356,-0.13085032,0.32466063,-0.13884051,0.68452835,-0.028425455,0.14356096,-0.102553435,-0.48401865,0.10540523,0.0091030905,0.10167319,-0.9057237,-0.1908011,0.3597578,-0.014124331,0.56048733,0.05018134,-0.2758316,-0.19189176,0.2574027,0.19697718,-0.14743465,0.12110367,0.39513427,0.08429673,-0.2652768,-0.053449474,0.24078621,0.6752249,-0.11626003,-0.32297552,0.39436492,-0.20760834,Tekno
-0.034671996,0.00412064,0.65633345,0.028074253,0.21320724,-1.1013587,0.1541121,-0.67195916,-0.015449466,-0.4410624,-0.8130017,-0.16162373,-0.04744726,-0.89580685,0.073763296,0.9705081,-0.39594457,-0.18231323,-0.3520315,0.29592744,-0.063438624,0.49554646,0.026247898,-0.12777603,0.6894879,-0.21240713,1.0781019,0.28908455,0.41430062,-0.004613207,-0.67834216,0.10477703,0.1839203,0.24026076,-1.4495355,-0.19973178,0.48592862,-0.22950493,0.8061685,-0.103398815,-0.40844446,-0.2841435,0.4837291,0.2721432,-0.17811482,0.21960294,0.69775826,0.0812277,-0.31855127,-0.19058329,0.40435323,0.7751711,-0.54554695,-0.42200592,0.5304996,-0.3209065,Global
-0.100901134,-0.016560273,0.63869375,0.08170294,0.24452429,-0.8629015,-0.0036971564,-0.64396644,-0.1479678,-0.589836,-0.71982807,-0.19680326,-0.030423775,-0.7624513,-0.08175799,0.81842124,-0.41330358,-0.18760547,-0.14971246,0.18082383,-0.12910728,0.41217583,0.010656708,-0.21492778,0.43351212,-0.18636839,0.88775134,0.049145762,0.21014562,-0.014987544,-0.6238367,0.17945386,0.05920234,0.1912985,-1.2099917,-0.19830053,0.45931274,-0.09009001,0.73432016,0.12311826,-0.37785757,-0.2662131,0.417959,0.24381745,-0.09545123,0.13140553,0.5642965,0.09576829,-0.2736353,-0.041223343,0.26942655,0.8005836,-0.2538912,-0.38415805,0.5614338,-0.36880216,Global
-0.07588539,-0.038615797,0.58704996,0.17285956,0.2355992,-0.8660191,-0.005173296,-0.77135515,-0.23914962,-0.59082705,-0.70370483,-0.15047075,-0.006164629,-0.8238589,-0.051644113,0.8730871,-0.41637087,-0.08163579,-0.13429886,0.183258,-0.04092306,0.47496712,0.030448014,-0.28998086,0.58887196,-0.2115383,0.91598624,0.26783568,0.2307865,0.033656023,-0.7635897,0.19311684,0.1643673,0.24449596,-1.3402927,-0.22138536,0.490704,-0.20632446,0.796702,0.089941785,-0.42441255,-0.33541048,0.4920131,0.270198,-0.0875707,0.17199187,0.585148,0.17342146,-0.2275223,0.046001438,0.28291926,0.7457841,-0.34311023,-0.31041825,0.5743405,-0.4570472,Global
-0.087879285,-0.11223923,0.51864,0.120839186,0.15461254,-0.7278223,0.033025198,-0.6672342,-0.20138383,-0.47562462,-0.70958334,-0.20083256,-0.0021818348,-0.67099345,-0.04484915,0.8484348,-0.39293477,-0.1824269,-0.18489829,0.14560798,-0.106168754,0.3991585,0.0036599734,-0.2056053,0.4789608,-0.20729345,0.80271244,0.08183621,0.17831472,-0.112477414,-0.72716177,0.12464043,0.05511679,0.091336325,-1.1981553,-0.24294437,0.49311075,-0.03761194,0.7187872,0.026765715,-0.35578614,-0.2689637,0.33630687,0.29618213,-0.18423219,0.18387996,0.4643648,0.14250052,-0.33083537,0.018386241,0.28376988,0.803254,-0.11165755,-0.35436055,0.5034834,-0.26416972,Global
-0.08176596,-0.027815687,0.58844274,0.06591832,0.18950912,-0.8368115,0.00021790786,-0.59539145,-0.13370658,-0.5356306,-0.77794147,-0.17030673,-0.0038367133,-0.69585025,-0.04895051,0.8391866,-0.40235972,-0.24716133,-0.21455558,0.21638592,-0.12941286,0.41350916,-0.028486975,-0.16645901,0.40969405,-0.19182731,0.84735143,0.00843005,0.1938803,-0.06593999,-0.56741726,0.1456519,0.017239466,0.13239908,-1.137168,-0.21361434,0.44212925,-0.066889316,0.6945598,0.080860704,-0.3640593,-0.26221466,0.35266358,0.25136292,-0.15876034,0.15705611,0.52166504,0.12689021,-0.30908582,-0.10659032,0.2833324,0.8079897,-0.1672244,-0.38970587,0.4811075,-0.26505312,Global
-0.12337071,0.059007324,0.8345579,0.055887822,0.3389374,-1.0811287,-0.11987975,-0.78843075,-0.15286985,-0.79053295,-0.69092244,-0.35520282,-0.014118057,-0.9777394,-0.16238052,0.8986467,-0.52070624,-0.2941064,-0.14547528,0.239588,-0.30115616,0.34907472,0.07667366,-0.4080604,0.54448634,-0.22159037,1.1751866,-0.11502897,0.34711313,-0.05420809,-0.7407998,0.26159948,0.07652361,0.32474393,-1.4159552,-0.27805552,0.48366255,-0.032507192,0.89095217,0.20784329,-0.43259948,-0.2774944,0.4795602,0.1956951,-0.06994028,0.0927418,0.703758,0.033903815,-0.271815,0.03057381,0.3005768,1.0259835,-0.39450818,-0.5789827,0.82247746,-0.5467663,Global
-0.044824723,-0.0051259305,0.57974905,0.12012284,0.22512464,-0.81543046,-0.030644964,-0.70777893,-0.22560015,-0.59341747,-0.6259211,-0.1790213,0.016779963,-0.75183344,-0.066348515,0.84309924,-0.40016425,-0.11940872,-0.11710473,0.19104894,-0.09730123,0.39164612,0.051002547,-0.2755568,0.5347992,-0.2274174,0.9175645,0.1755359,0.21568912,0.023569154,-0.69372416,0.18687418,0.10788046,0.24513453,-1.2187238,-0.21978316,0.42126203,-0.15099888,0.7339716,0.10741601,-0.3880021,-0.2969373,0.43571436,0.21069051,-0.05576812,0.13651346,0.605725,0.16429563,-0.21836136,0.043089096,0.24838027,0.7353422,-0.3133687,-0.3353855,0.5742502,-0.39041567,Global
-0.065151915,0.00037675956,0.61076224,0.047436282,0.1720246,-0.8673241,0.0526866,-0.5490098,-0.07561119,-0.46926978,-0.7076876,-0.19438693,-0.058955565,-0.70022994,-0.009995867,0.80141634,-0.39068916,-0.22526915,-0.24350245,0.21944672,-0.14801367,0.39147678,0.0007416525,-0.14537853,0.42708206,-0.14344242,0.86524636,-0.006744197,0.25417143,-0.092703015,-0.5426217,0.1181131,0.023945794,0.16222753,-1.1166683,-0.20498115,0.40009135,-0.046077695,0.6877373,0.04902622,-0.33802822,-0.2029122,0.34504163,0.21699913,-0.17314036,0.14569789,0.53574616,0.054267853,-0.30719033,-0.14849503,0.31022826,0.8094499,-0.26623616,-0.41059387,0.47529438,-0.29032874,Global
-0.11065611,-0.038635083,0.5981405,0.12879363,0.19120695,-0.88801473,0.17637005,-0.69728494,-0.118152,-0.42711365,-0.74381876,-0.15100232,-0.09772785,-0.7974917,0.0072700903,0.85639304,-0.3641806,-0.06469144,-0.21043687,0.19592197,-0.025608925,0.5000253,0.019486329,-0.18067409,0.5701571,-0.17158857,0.928539,0.25970066,0.30216187,-0.008807873,-0.686739,0.13493049,0.21896027,0.17623657,-1.3463203,-0.1918686,0.51282024,-0.17642735,0.77506566,-0.07910374,-0.35978723,-0.2655734,0.43437892,0.31820223,-0.13634837,0.19068126,0.5661811,0.066423714,-0.24668801,-0.07411346,0.35041758,0.7535118,-0.4037901,-0.30850917,0.45542377,-0.4178537,Global
-0.06570448,-0.0066392263,0.6442367,0.05148584,0.17510955,-0.9989351,0.10874329,-0.6111735,-0.05988263,-0.45403782,-0.8553723,-0.16331437,-0.056686476,-0.80657965,0.042454764,0.93886834,-0.40682232,-0.21051086,-0.3240391,0.25779855,-0.10091196,0.49223217,-0.003240085,-0.10781191,0.5377337,-0.19138063,0.9441129,0.1324909,0.31104526,-0.08586601,-0.6104386,0.116512805,0.079594985,0.16869156,-1.2928851,-0.21470372,0.45193416,-0.14007151,0.7489158,-0.02442,-0.3804778,-0.23998953,0.40755552,0.27407503,-0.19271493,0.21117835,0.62585044,0.0986012,-0.35077474,-0.21052562,0.35792667,0.83988243,-0.33015788,-0.42660487,0.46974567,-0.2637774,Global
-0.054151244,0.005570039,0.5970719,0.047147777,0.15872732,-0.9672722,0.124367744,-0.55015826,-0.03038475,-0.38270923,-0.7515989,-0.123586155,-0.06383394,-0.77075154,0.07929506,0.8546646,-0.36583966,-0.1641915,-0.3286695,0.25306538,-0.07006485,0.49158514,0.033519126,-0.068086945,0.5644513,-0.14026372,0.8572834,0.21454215,0.32720187,-0.07434675,-0.5726468,0.08830458,0.11891866,0.20368011,-1.2182406,-0.18452454,0.41364235,-0.18924555,0.69261056,-0.058557414,-0.3484965,-0.19752133,0.39204618,0.2397402,-0.18568881,0.20451112,0.5965382,0.08009349,-0.3170829,-0.22669618,0.34793633,0.7359272,-0.4077407,-0.3771918,0.41979218,-0.26217967,Global
-0.07507273,-0.013538807,0.59446484,0.0853347,0.16847362,-0.91662663,0.07739041,-0.5853327,-0.0942318,-0.44634557,-0.7478579,-0.14252207,-0.052468833,-0.7719279,0.03501344,0.8338237,-0.39041916,-0.15649319,-0.26139313,0.23690309,-0.075633235,0.47401422,0.021576231,-0.11648358,0.519322,-0.13242334,0.84760517,0.1734424,0.27070203,-0.06510139,-0.6106748,0.112076305,0.09029343,0.19393851,-1.2035091,-0.19301425,0.43130937,-0.15951934,0.70354354,0.0018837659,-0.36690053,-0.23097035,0.38793182,0.24892262,-0.17705213,0.18800223,0.55750674,0.09662473,-0.3105785,-0.15105009,0.32130834,0.7612175,-0.33603016,-0.36341223,0.45270237,-0.3138301,Global
-0.084055856,-0.00749736,0.63941586,0.07727807,0.17680411,-0.98661387,0.08155418,-0.5753217,-0.05963557,-0.46741837,-0.8014204,-0.14916033,-0.06044503,-0.8133514,0.0299786,0.86221707,-0.41877824,-0.20638597,-0.29785588,0.2557541,-0.10076184,0.5049472,0.0088223955,-0.107970044,0.5236723,-0.11296104,0.86737883,0.13067019,0.28928676,-0.081980474,-0.6012287,0.11049022,0.062085725,0.19730523,-1.2292179,-0.20318972,0.44060618,-0.15029973,0.72757727,0.019964065,-0.3784532,-0.22948141,0.40334505,0.2571305,-0.20583124,0.19307375,0.5736663,0.082900435,-0.3467233,-0.19441152,0.34271297,0.8131376,-0.34601808,-0.40638903,0.470949,-0.3066567,Global
-0.0767517,-0.016179685,0.5822497,0.0945162,0.16373551,-0.8858333,0.05610707,-0.58016425,-0.11764203,-0.47064468,-0.7965849,-0.12796603,-0.036348816,-0.74076235,0.016220022,0.8489444,-0.39747676,-0.17578316,-0.24313833,0.24438222,-0.07218297,0.4777141,-0.010837227,-0.11363637,0.4658399,-0.15181972,0.8429558,0.13515648,0.22130959,-0.059770335,-0.58395016,0.12663665,0.052299403,0.16890933,-1.166255,-0.19864252,0.42490822,-0.14918347,0.6884278,0.026794499,-0.36307538,-0.2565019,0.38280752,0.25227556,-0.1826283,0.18312201,0.54696894,0.12691267,-0.3204261,-0.15768114,0.3114056,0.7770972,-0.2644624,-0.35753688,0.43368143,-0.28554276,Global
-0.08025284,-0.03506417,0.5732836,0.09210535,0.17080739,-0.83924454,0.061900835,-0.5943085,-0.12738708,-0.47783348,-0.7836114,-0.13576104,-0.03636091,-0.7061966,-0.013633718,0.84980804,-0.3885921,-0.18428685,-0.22608879,0.21151035,-0.08026088,0.46304145,-0.019727482,-0.13463776,0.43644217,-0.17456453,0.8299503,0.10213958,0.20159282,-0.06497525,-0.5817758,0.12809734,0.056033585,0.12814951,-1.1569401,-0.1946887,0.44396725,-0.114837326,0.6940252,0.03499067,-0.35674825,-0.25690988,0.37288064,0.26171118,-0.16942993,0.18038526,0.52472585,0.12511961,-0.3119759,-0.13868715,0.3074885,0.7731852,-0.2122953,-0.35417065,0.44014814,-0.2751351,Global
-0.1482065,-0.04848037,0.5855332,0.16292894,0.27530554,-0.85238004,0.08232482,-0.9249047,-0.18778926,-0.576318,-0.82631624,-0.16035043,-0.02183169,-0.96450716,-0.07579501,0.9376151,-0.3644925,-0.0005795791,-0.1138651,0.13810728,0.023122497,0.4822571,0.02737271,-0.34510657,0.6677935,-0.35479185,1.0519847,0.39163712,0.30366597,0.13831589,-0.8738362,0.2503827,0.3163514,0.22159246,-1.5816289,-0.21267019,0.56286013,-0.2661572,0.86954784,0.0035804936,-0.4115916,-0.3877063,0.55151886,0.33718458,0.03147404,0.17832638,0.6657279,0.12047767,-0.17812435,0.04034386,0.33562508,0.73025286,-0.40871444,-0.27355254,0.6153109,-0.49556354,Global
-0.036305826,0.0034714325,0.5426167,0.04233588,0.18151005,-0.79174984,-0.017686397,-0.57148176,-0.117631905,-0.49818292,-0.62433773,-0.18525079,0.01181999,-0.6664696,-0.043313388,0.76683795,-0.37094674,-0.20643935,-0.19648704,0.2023639,-0.13845123,0.318461,0.017131893,-0.19350705,0.4358757,-0.20718332,0.84151685,0.03636854,0.21973257,-0.03779014,-0.552047,0.14182945,0.037900988,0.1826746,-1.0683583,-0.21905729,0.36835858,-0.058187366,0.6405937,0.07865145,-0.33445397,-0.24073032,0.33658347,0.1932359,-0.10671552,0.12555785,0.53285825,0.11042341,-0.25685465,-0.04431205,0.25676006,0.72834957,-0.24271753,-0.38267833,0.5011124,-0.26783374,Global
-0.09453609,-0.029194,0.6161019,0.078528106,0.3201044,-0.9273063,-0.046650823,-0.8855878,-0.13249665,-0.65046513,-0.759888,-0.2532421,0.034744214,-0.9854694,-0.11101378,0.9092338,-0.4147114,-0.15316771,-0.16822849,0.16031836,-0.09562954,0.35165158,0.051790416,-0.3720789,0.65764755,-0.38078627,1.0785143,0.2356782,0.34310675,0.10284608,-0.87140846,0.2354191,0.20672193,0.2574258,-1.5356808,-0.2355008,0.5055139,-0.15496494,0.85576034,0.09499708,-0.42128876,-0.36672568,0.5163773,0.2646692,0.009655128,0.15276285,0.6789519,0.094312906,-0.23593399,0.06522013,0.31568527,0.77913994,-0.41508424,-0.4135064,0.7529741,-0.42460763,Global
-0.10290528,0.03535761,0.673261,0.0361696,0.3021347,-0.92194057,-0.024761058,-0.78762025,-0.08014518,-0.62152237,-0.66364986,-0.27575582,0.008739138,-0.92914504,-0.1274616,0.83265007,-0.4143434,-0.16712838,-0.18572867,0.15464345,-0.17735384,0.3130358,0.062337257,-0.35298896,0.5884454,-0.2888185,1.0419846,0.0993924,0.33442098,0.07410028,-0.78195393,0.23822577,0.16316389,0.2644283,-1.4331852,-0.23007168,0.46561906,-0.09414545,0.82877505,0.13111188,-0.38137245,-0.288204,0.4860934,0.21523304,0.013446569,0.12233482,0.653072,0.020968892,-0.2401838,0.024327848,0.31672934,0.81684273,-0.42482793,-0.43468395,0.7373429,-0.41845495,Global
-0.106725745,0.021774894,0.6132073,0.06610956,0.22807099,-0.81627524,-0.013349725,-0.67109364,-0.10674584,-0.5736253,-0.64574516,-0.20595771,0.0029310388,-0.7771101,-0.110081844,0.77421737,-0.4000023,-0.15319295,-0.17236006,0.15989795,-0.16078018,0.3413687,0.02913302,-0.27918565,0.49112618,-0.19807509,0.8924822,0.036902513,0.24302043,0.023861425,-0.6612168,0.214687,0.094868094,0.21712764,-1.2288176,-0.22521684,0.41967592,-0.0676247,0.7426296,0.14792354,-0.34436178,-0.25254607,0.41155,0.20278284,-0.038194533,0.11182134,0.54585296,0.04590037,-0.25134748,-0.023789218,0.30100536,0.7784113,-0.29077515,-0.36628157,0.60063195,-0.36828765,Global
-0.105465256,-0.00984172,0.641998,0.06081348,0.25872374,-0.9829649,0.04949501,-0.82143,-0.0804736,-0.57597005,-0.8417092,-0.20015411,-0.02283642,-0.9760911,-0.042902406,0.9490585,-0.40654343,-0.15208267,-0.23936635,0.2170825,-0.065564185,0.4386491,0.030045846,-0.2871578,0.671746,-0.31404898,1.105238,0.23524104,0.37614843,0.05677097,-0.8006966,0.21232185,0.21764955,0.23627684,-1.5365093,-0.21947855,0.51754504,-0.18035065,0.8557357,0.01651299,-0.4072145,-0.33417,0.4852492,0.27313036,-0.06605269,0.18138067,0.67738414,0.07107894,-0.27031812,-0.085664935,0.38272837,0.7979377,-0.44609037,-0.40961027,0.65709347,-0.40632626,Global
-0.098876126,-0.10859723,0.48897198,0.13254736,0.13172045,-0.6981844,0.1667099,-0.6516857,-0.15136796,-0.34357336,-0.72233,-0.13719453,-0.06229293,-0.6533856,0.027503528,0.81086165,-0.31869704,-0.083153725,-0.20729683,0.13280007,-0.014386637,0.46390143,-0.021350624,-0.15555476,0.497883,-0.179453,0.7726967,0.22108021,0.22473982,-0.06547121,-0.69412273,0.09440619,0.16587472,0.07012919,-1.2301723,-0.17584106,0.52163774,-0.1430119,0.6914854,-0.11659763,-0.32768276,-0.2433547,0.36715186,0.3250799,-0.17006738,0.22006653,0.45138872,0.0921675,-0.2708,-0.040135607,0.30885962,0.70068944,-0.2151856,-0.25716633,0.37270394,-0.27499038,Global
-0.12881635,-0.1735504,0.5973721,0.19257525,0.18566565,-0.9059963,0.19305143,-0.81432253,-0.22423714,-0.46709526,-0.92960954,-0.13483481,-0.04738155,-0.8130044,0.019703444,1.0523131,-0.4070672,-0.09750367,-0.23071556,0.18225121,0.024896966,0.6369529,-0.018271191,-0.16310003,0.6327022,-0.21027617,0.9369135,0.35715792,0.24190694,-0.07140092,-0.8680369,0.11722257,0.20503604,0.09759839,-1.5358901,-0.2256207,0.6853728,-0.21789105,0.88496864,-0.11840519,-0.45153183,-0.35690483,0.4805164,0.44161722,-0.21856694,0.286311,0.5486623,0.19134071,-0.3545316,-0.023159012,0.3630517,0.8261652,-0.24994998,-0.29601425,0.47081324,-0.37547925,Global
-0.11052125,-0.029970866,0.5811211,0.09311727,0.17696297,-0.8268299,0.17405099,-0.6564617,-0.09248608,-0.42354354,-0.7421306,-0.14533035,-0.09745367,-0.733663,-0.00315713,0.8401651,-0.3413208,-0.09720349,-0.21333551,0.18209754,-0.04724992,0.46813822,0.0018833228,-0.16561265,0.5213268,-0.18127558,0.89977187,0.1780173,0.2950739,-0.014883301,-0.6167597,0.14320344,0.19577016,0.1525937,-1.278038,-0.18983619,0.504706,-0.13944183,0.7484868,-0.06406179,-0.33987033,-0.23430969,0.39456442,0.30564737,-0.11256648,0.17147894,0.54511666,0.049006686,-0.23337783,-0.10677189,0.3420799,0.7423439,-0.33711183,-0.3053224,0.43219754,-0.3744191,Global
-0.12878907,-0.024130993,0.63268197,0.12418931,0.2460028,-0.89874256,0.04334888,-0.7344102,-0.16199698,-0.57557815,-0.7161641,-0.1920028,-0.039898682,-0.84933555,-0.07105971,0.83743626,-0.4031486,-0.10865145,-0.13873646,0.18912789,-0.0800866,0.45164782,0.025173215,-0.2599241,0.54528946,-0.19834182,0.9542637,0.18477176,0.26457003,0.022291876,-0.7032809,0.1907919,0.17308393,0.23237059,-1.3504035,-0.21140788,0.49907884,-0.15706262,0.793882,0.057440445,-0.38667232,-0.3120268,0.463652,0.2873443,-0.083849,0.14305592,0.58526003,0.097845465,-0.23256186,0.0017858414,0.30534014,0.7813754,-0.36390963,-0.35156846,0.5815703,-0.4643109,Global
-0.08188209,-0.028985899,0.5353004,0.090446874,0.17280751,-0.79968673,0.13198406,-0.6168538,-0.08462015,-0.3797271,-0.6119119,-0.17188567,-0.062994316,-0.70108247,0.00805356,0.75970846,-0.32588375,-0.08629488,-0.20742972,0.17583491,-0.071199,0.3878998,0.037541404,-0.18324953,0.530131,-0.17171286,0.8506016,0.1792741,0.3036588,-0.03564277,-0.61052626,0.121566966,0.18153594,0.1724116,-1.1996725,-0.18921314,0.4386762,-0.11123266,0.69206357,-0.06481851,-0.3173547,-0.22196734,0.37315205,0.2728322,-0.12122646,0.16589339,0.5127228,0.049373455,-0.223835,-0.034268443,0.3142213,0.68322146,-0.36682135,-0.32200778,0.44873527,-0.3528656,Global
-0.10235434,-0.021028994,0.6383785,0.029701086,0.27764747,-0.9814353,0.0057781357,-0.8258364,-0.0818926,-0.61287576,-0.89519674,-0.22170916,-0.0038286138,-0.9844129,-0.06764836,0.95948696,-0.41192597,-0.20526494,-0.23190217,0.20124881,-0.07846346,0.4154614,0.017374285,-0.27678335,0.617232,-0.36905566,1.1022032,0.19243352,0.35491583,0.049465515,-0.8013908,0.21247455,0.18068466,0.21291961,-1.5421671,-0.22751807,0.5255336,-0.16080004,0.84800416,0.042927496,-0.42039168,-0.35012156,0.4778306,0.27231514,-0.04849214,0.17416945,0.69213355,0.088676274,-0.28496203,-0.07542901,0.35060248,0.81563526,-0.3842874,-0.4319469,0.68470275,-0.35637632,Global
-0.15002759,-0.02338289,0.5965662,0.11989408,0.27056384,-0.87925357,0.085955806,-0.88201225,-0.14289899,-0.56780225,-0.8567515,-0.1544814,-0.046879858,-0.9744765,-0.06527458,0.9196948,-0.35197464,-0.028403912,-0.12493352,0.16476865,0.024405237,0.47816664,0.017140942,-0.30484983,0.6356029,-0.3493045,1.069723,0.36375588,0.32414562,0.13377443,-0.81532216,0.23918377,0.31131434,0.22014049,-1.5520804,-0.1959184,0.5460376,-0.26690796,0.84671426,-0.014608789,-0.3928177,-0.37399516,0.5311197,0.3154004,0.027050776,0.16868973,0.6738408,0.08894061,-0.17990603,-0.023604555,0.3368047,0.71146643,-0.4213401,-0.28838086,0.60207206,-0.47778553,Global
-0.13229138,-0.037926596,0.6535834,0.12855358,0.3282402,-0.95761603,-0.0208465,-0.94412804,-0.17920068,-0.6790283,-0.8190613,-0.23750857,0.021138756,-1.0289017,-0.11338823,0.9608695,-0.4315873,-0.105997086,-0.14310096,0.15639015,-0.067874305,0.4204815,0.051433273,-0.38152012,0.6858493,-0.37714595,1.1014465,0.28686956,0.3200341,0.11108977,-0.92082715,0.25934917,0.23678833,0.27015135,-1.6274273,-0.24605922,0.5461664,-0.19718,0.9042712,0.100504346,-0.44314978,-0.39127442,0.5654037,0.3169852,0.0154276155,0.16764875,0.7067397,0.1192499,-0.23535721,0.07987831,0.32965577,0.8146046,-0.41454026,-0.39850292,0.7579203,-0.474165,Global
-0.100571804,-0.030997153,0.5881896,0.059775505,0.28167874,-1.004505,0.103125185,-0.85410535,-0.052867685,-0.49812838,-0.84135985,-0.17275523,-0.01806777,-1.0297667,0.0015521066,0.9474029,-0.35249642,-0.07831658,-0.23553447,0.20926766,0.030105945,0.46678144,0.04393813,-0.26092848,0.7540106,-0.36260498,1.1165268,0.44761753,0.43161786,0.122658946,-0.8486547,0.18144529,0.3252593,0.25054303,-1.6197088,-0.19284637,0.54047894,-0.2938376,0.8459536,-0.093071796,-0.42192268,-0.3762604,0.54084754,0.30210605,-0.029831344,0.21145594,0.70784956,0.09691528,-0.23108365,-0.06015102,0.36292654,0.67508477,-0.559403,-0.35249442,0.6328416,-0.40604818,Global
-0.08572495,-0.0072512156,0.5876643,0.029065732,0.24727602,-1.0008278,0.08053224,-0.72040236,0.004867842,-0.4472887,-0.77429044,-0.1740447,-0.027722966,-0.9639808,0.012895536,0.8622985,-0.36652812,-0.12830098,-0.28786796,0.21940821,-0.027891073,0.43242872,0.04645436,-0.19298975,0.68347174,-0.275594,0.9971828,0.3326856,0.4088083,0.060925078,-0.76152384,0.14680846,0.23379709,0.25345755,-1.4675133,-0.18996735,0.46738005,-0.23786744,0.7861183,-0.048875764,-0.3762944,-0.29700434,0.48140913,0.25690633,-0.07811398,0.1961298,0.6534247,0.057550218,-0.2744703,-0.12028885,0.35941342,0.6873484,-0.530361,-0.39008796,0.5891121,-0.33292416,Global
-0.11582924,-0.058531217,0.61428213,0.09788846,0.2857345,-0.9768602,0.016889151,-0.9802463,-0.14993529,-0.62759894,-0.9626671,-0.20988543,0.017218765,-1.059884,-0.060133684,1.0575418,-0.41698802,-0.14400618,-0.23216127,0.19146527,-0.024160147,0.45033115,0.023235813,-0.3505737,0.7371058,-0.4591016,1.1664137,0.3295649,0.3749813,0.083189264,-0.9485724,0.25080234,0.26623783,0.21913077,-1.710137,-0.26180708,0.5729874,-0.21480867,0.91248477,0.011772542,-0.45533633,-0.40703374,0.5347013,0.33670053,-0.017503167,0.22075574,0.73238134,0.1407443,-0.2761213,-0.018655056,0.38188383,0.83678937,-0.3833155,-0.40726957,0.72509193,-0.38569865,Global
-0.10374605,-0.058899187,0.601622,0.10065432,0.2833156,-0.9557915,-0.0011894112,-0.92770964,-0.14423212,-0.61478156,-0.8752717,-0.22098048,0.030295972,-1.0221635,-0.06764898,0.9922518,-0.41803792,-0.13640067,-0.2142849,0.1760952,-0.041953184,0.41942576,0.03419811,-0.34868246,0.717853,-0.41643128,1.1042105,0.31049913,0.3592903,0.08132055,-0.9208433,0.23675823,0.23993903,0.2356189,-1.6326587,-0.2536323,0.5375513,-0.20063356,0.87866884,0.035060838,-0.4429572,-0.39134967,0.52849585,0.31518257,-0.022432433,0.20579301,0.6965744,0.13511406,-0.26589188,0.023514723,0.36012912,0.80678105,-0.39318618,-0.40426627,0.7213524,-0.38398135,Global
-0.155174,-0.04592013,0.660928,0.20907298,0.3076489,-0.902838,0.019970328,-0.84939027,-0.24870776,-0.6493293,-0.69381386,-0.18271302,-0.030553898,-0.9263291,-0.1011814,0.86793935,-0.41904816,-0.0040743398,-0.052107733,0.15414672,-0.034522485,0.50230384,0.05733639,-0.34462315,0.6183601,-0.20853123,0.9760982,0.32154664,0.25410095,0.08801836,-0.81460017,0.24025531,0.2301658,0.28588364,-1.4553779,-0.21419421,0.5292957,-0.22839868,0.8633372,0.10841596,-0.44200024,-0.35856616,0.56571156,0.31853443,-0.0102407355,0.15175666,0.6149332,0.13494883,-0.1847687,0.115768135,0.28277573,0.74790096,-0.4070515,-0.29351476,0.64520866,-0.5966442,Global
-0.10023353,-0.039353326,0.53663915,0.08816218,0.1931392,-0.76323247,0.013868685,-0.5470287,-0.10095883,-0.47462678,-0.6005435,-0.16359884,-0.024148684,-0.68722796,-0.06193214,0.6720411,-0.36237642,-0.15815912,-0.14889477,0.16605496,-0.099409886,0.36934996,0.0066202786,-0.17648652,0.41707283,-0.11641365,0.746895,0.077925116,0.20337822,-0.023982491,-0.5510303,0.12730555,0.06846337,0.1716546,-1.0694357,-0.16699563,0.408972,-0.09048517,0.6450942,0.079993024,-0.32683536,-0.23801564,0.35168537,0.22455017,-0.124289006,0.1138081,0.44104108,0.060350865,-0.23967579,-0.024979157,0.25807652,0.6723837,-0.26269367,-0.325997,0.4743233,-0.3551143,Global
-0.119394064,-0.071320675,0.58633703,0.14219297,0.22381651,-0.8199259,-0.006645101,-0.7343142,-0.19400384,-0.5604298,-0.7249029,-0.20172785,-6.164734e-05,-0.7948076,-0.066574074,0.8393771,-0.4057141,-0.15584736,-0.15958264,0.16364078,-0.09181246,0.42573678,0.009507089,-0.274298,0.52656955,-0.21520753,0.88757026,0.14580509,0.23404238,-0.03060829,-0.7435961,0.17614353,0.117362894,0.17720763,-1.2927182,-0.22417128,0.50772524,-0.11793268,0.7650832,0.06374313,-0.40031216,-0.3036257,0.41689503,0.2876704,-0.10908799,0.17284787,0.5303306,0.12566178,-0.27186158,0.031088438,0.27723438,0.79323655,-0.23770933,-0.35832563,0.57301843,-0.38720834,Global
-0.09051757,-0.037421785,0.6785979,0.12950283,0.2541737,-1.0308496,0.070588484,-0.7987848,-0.1425896,-0.5548719,-0.7604602,-0.23143695,-0.022353195,-0.93524086,-0.024101866,0.951461,-0.4426351,-0.14625861,-0.253516,0.21309736,-0.10264923,0.46837795,0.060573034,-0.28360248,0.6862385,-0.24103229,1.053477,0.23955967,0.36489812,-0.026224073,-0.81753254,0.17320253,0.1912361,0.24334967,-1.5122787,-0.24785627,0.5338,-0.16034766,0.8703917,-0.008268398,-0.43552694,-0.3163975,0.49082863,0.3208433,-0.13042046,0.20945877,0.65735334,0.101839475,-0.28879556,0.0128929205,0.35287088,0.8577409,-0.45202056,-0.44068086,0.6440755,-0.44396335,Global
-0.10686477,-0.018359113,0.6905501,0.08803399,0.26325232,-0.9684875,-0.046622194,-0.7092248,-0.14982037,-0.63543254,-0.7469302,-0.2525101,-0.0046597347,-0.8653814,-0.07649858,0.87418705,-0.4630151,-0.24477115,-0.19169502,0.22825292,-0.1792185,0.41324407,0.023570187,-0.27195403,0.52778924,-0.19048855,0.9943099,0.031815298,0.2852338,-0.05348215,-0.6994283,0.18822162,0.06329481,0.23399459,-1.3228399,-0.23299909,0.47763997,-0.087978534,0.7994302,0.116856694,-0.41853294,-0.2865501,0.433523,0.25233543,-0.13594508,0.15017666,0.59750897,0.08839248,-0.3037805,-0.015361763,0.30308312,0.8859447,-0.31210464,-0.46301594,0.64516103,-0.41694418,Global
-0.10181481,-0.056937,0.60229135,0.12316257,0.23067923,-0.87260705,0.0047693257,-0.7015585,-0.17764194,-0.5661751,-0.72287524,-0.19149473,-0.0032575943,-0.8045758,-0.068169065,0.85086215,-0.42333522,-0.16408592,-0.17374644,0.19085884,-0.096665196,0.4416768,0.013247226,-0.24338332,0.53110105,-0.19103722,0.8942758,0.1470892,0.23680165,-0.02050845,-0.7144257,0.16433288,0.1078742,0.19363281,-1.2948172,-0.21149564,0.49709392,-0.12606975,0.7740637,0.07871088,-0.401838,-0.30637372,0.4298419,0.28178543,-0.12623504,0.16808142,0.5412177,0.12984677,-0.27917084,0.013822618,0.28945956,0.7903939,-0.2808444,-0.36805215,0.5696823,-0.39020723,Global
-0.17323408,0.111780584,0.85258734,0.14587936,0.2203764,-0.93891233,-0.10775641,-0.734535,-0.14737232,-0.83931917,-0.78234434,-0.37972972,-0.18318921,-0.8551254,-0.13300192,0.80344594,-0.5663121,-0.40569803,-0.12316902,0.23544274,-0.49460396,0.33748707,-0.006641015,-0.5120617,0.32409018,-0.19010103,1.2587528,-0.6569346,0.38680905,-0.3114533,-0.5963273,0.28038436,0.016217224,0.16177702,-1.1894388,-0.35709268,0.46855503,0.14872643,0.91562754,0.21597546,-0.30407006,-0.1936831,0.3304505,0.119080015,-0.22350194,0.010020418,0.5727612,-0.09210296,-0.24834341,-0.13675947,0.41495043,1.4035168,-0.18464194,-0.6344611,0.67006654,-0.6233556,Global
-0.27114323,0.03738472,0.86445814,0.23264371,0.16943689,-0.9564878,0.07139776,-0.8279872,-0.16027862,-0.80874455,-1.0346715,-0.30928874,-0.29117617,-0.91499406,-0.08805263,0.9183619,-0.5649632,-0.34552708,-0.14368284,0.2319196,-0.38565373,0.5341142,-0.073496245,-0.46141776,0.3497771,-0.13799082,1.301593,-0.56013167,0.39850894,-0.3274532,-0.6615677,0.2845689,0.1071806,0.07092965,-1.3744812,-0.34393868,0.62828493,0.08343474,1.0089585,0.097574994,-0.3126,-0.23052688,0.3666401,0.24826473,-0.29554528,0.056429256,0.54796493,-0.12273142,-0.27189618,-0.22620773,0.5044904,1.4572109,-0.1522106,-0.54823726,0.546835,-0.7017834,Global
-0.11712743,-0.026395816,0.6748459,0.09242703,0.1767608,-0.8458081,0.0004054866,-0.66239405,-0.1544942,-0.6056488,-0.7448567,-0.27950022,-0.07595466,-0.7437792,-0.07961094,0.8390513,-0.4634388,-0.29529408,-0.1939066,0.19103748,-0.25074494,0.39755586,0.0018736088,-0.28435466,0.4130824,-0.15042368,0.9675396,-0.20008922,0.2627592,-0.18759823,-0.67671573,0.16395177,0.027340002,0.11793965,-1.2021374,-0.26857075,0.51465684,0.034028057,0.78989357,0.07601798,-0.3491942,-0.22041012,0.3308206,0.22414975,-0.22084081,0.13730675,0.5061591,0.039515223,-0.32846728,-0.064632416,0.3231059,1.0142943,-0.16531752,-0.46867108,0.5574833,-0.3829195,Global
-0.21458967,0.072655566,0.8773864,0.1513235,0.17911197,-0.9519614,-0.011371918,-0.763878,-0.12630394,-0.81106114,-0.8595055,-0.4112855,-0.23107378,-0.8609809,-0.12213498,0.85802823,-0.5809603,-0.4284569,-0.17413808,0.22751768,-0.51111424,0.37970287,-0.018839952,-0.49633488,0.34246564,-0.14726065,1.2899222,-0.70342624,0.41682324,-0.37201265,-0.65431565,0.26573697,0.02599636,0.10185068,-1.2715592,-0.36579642,0.5566874,0.18716417,0.96809924,0.14839269,-0.2960393,-0.16412482,0.32097107,0.16267338,-0.28142753,0.03915068,0.5562651,-0.1441573,-0.29446068,-0.1623636,0.458783,1.4725615,-0.15599996,-0.6477569,0.63609004,-0.6158605,Global
-0.089287885,0.016755892,0.6546816,0.006384851,0.29409754,-0.9911693,-0.022322455,-0.81876945,-0.08400866,-0.6379711,-0.8539207,-0.2368542,6.578647e-05,-0.9708516,-0.08241504,0.950346,-0.41180825,-0.21515231,-0.21137112,0.21488804,-0.111858524,0.38454232,0.026416946,-0.2898879,0.60001785,-0.38006777,1.1415774,0.15082513,0.35934073,0.066538006,-0.7652917,0.22655475,0.18066572,0.23998524,-1.4989613,-0.23009817,0.49297357,-0.15370694,0.8306098,0.06394596,-0.4163481,-0.3380246,0.47709227,0.23682195,-0.017216532,0.15154003,0.7316532,0.08369204,-0.26124626,-0.08001676,0.32693854,0.8245723,-0.40337548,-0.44375858,0.69676304,-0.3716043,Global
-0.09465285,0.018293729,0.626369,0.059390917,0.26363793,-0.94726884,0.005697795,-0.72662574,-0.05430362,-0.550579,-0.7587274,-0.21045566,-0.039153017,-0.9255124,-0.030493988,0.8228946,-0.4019994,-0.18735337,-0.21752831,0.21816836,-0.12278933,0.3980741,0.027595477,-0.28167266,0.5850964,-0.2791133,1.0426303,0.12116152,0.3834915,0.0007840539,-0.72186893,0.18006669,0.19071567,0.22020538,-1.3728343,-0.2111178,0.46527863,-0.1599242,0.78826106,0.018359562,-0.37437102,-0.30062124,0.4337158,0.22504306,-0.09456831,0.1554539,0.6156692,0.044641178,-0.2507798,-0.10043987,0.34032375,0.8201844,-0.43110627,-0.41964352,0.6142488,-0.40605718,Global
0.19024898,0.3543548,1.1433581,-0.27815306,0.3416341,-1.4488597,-0.49345234,-0.67345405,-0.06195072,-1.1058359,-0.53730243,-0.66959316,0.18466048,-0.9407093,-0.21863256,1.148099,-0.7785656,-0.8443353,-0.42816818,0.46010855,-0.8832153,-0.08862579,0.2102953,-0.4776124,0.52962977,-0.39023706,1.6740053,-0.8769542,0.4475311,-0.28130704,-0.6114741,0.28111878,-0.39283964,0.5525884,-1.2877587,-0.4971042,0.17823818,0.3701805,0.959541,0.55798036,-0.4952826,-0.1103131,0.36326241,-0.16421856,-0.11266412,-0.00595771,1.091557,0.038039327,-0.49175578,-0.10588125,0.36974043,1.6206329,-0.42111725,-1.1368012,1.2300527,-0.2554702,Global
-0.06541768,0.05000349,0.69679594,0.11183908,0.26716745,-0.9857958,-0.002062048,-0.6899452,-0.116478555,-0.5869329,-0.6599317,-0.20748124,-0.053862736,-0.8869659,-0.032441985,0.81609714,-0.45093685,-0.1609663,-0.18466109,0.23627843,-0.18060514,0.43455753,0.049239762,-0.29483882,0.5919968,-0.18586825,1.0177915,0.08697252,0.35653642,-0.026588924,-0.68944174,0.17587356,0.15284443,0.27610195,-1.3144686,-0.21798949,0.42637005,-0.18045157,0.81648386,0.07267776,-0.38338906,-0.27040502,0.47749916,0.20742017,-0.118505836,0.13397552,0.62602973,0.055964872,-0.23998323,-0.06926985,0.34157944,0.8765096,-0.466929,-0.42600644,0.61817914,-0.47873357,Global
-0.048035204,0.058046766,0.71411955,0.036923125,0.2371812,-1.0291162,0.019849086,-0.674795,-0.052793883,-0.55858433,-0.60009056,-0.26016697,-0.064880766,-0.88018185,-0.045789342,0.8186276,-0.44195518,-0.18682551,-0.24059236,0.23842771,-0.21058932,0.36122978,0.08820451,-0.28662387,0.614271,-0.17671925,1.0602702,0.0377418,0.39693698,-0.053135876,-0.67617,0.16194084,0.14772016,0.29861823,-1.3381516,-0.23412628,0.41975808,-0.07436336,0.813522,0.06484387,-0.36370185,-0.21987286,0.42271405,0.19390629,-0.11530819,0.1261613,0.64759886,-0.00013194299,-0.26078048,-0.05409743,0.36068207,0.8738052,-0.5150451,-0.4936008,0.6647982,-0.45787963,Global
-0.073988535,0.023232143,0.6359007,0.02834004,0.24512653,-0.93580407,0.044688813,-0.60877866,-0.0179677,-0.5059925,-0.61643904,-0.2149405,-0.060763136,-0.8207946,-0.05392037,0.7340067,-0.38872215,-0.19045494,-0.20270574,0.21854997,-0.15661022,0.35795337,0.04289825,-0.22520743,0.5276521,-0.17078564,0.9593134,0.058417987,0.35665056,-0.01492463,-0.6005835,0.13960789,0.14222012,0.23312566,-1.2365994,-0.17906748,0.41877562,-0.093552575,0.7462674,0.033484757,-0.3337765,-0.23755588,0.4001197,0.20493335,-0.10413076,0.11320202,0.56382185,-0.010086476,-0.2340429,-0.08279351,0.32624602,0.75985056,-0.45709896,-0.41737545,0.59022117,-0.41527227,Global
-0.14090078,-0.17283022,0.60266304,0.20821951,0.21155429,-0.8119343,0.053041495,-0.8411408,-0.29810068,-0.6010642,-1.0108235,-0.13937116,0.02004302,-0.80299664,-0.073592804,1.0596381,-0.45475772,-0.1780537,-0.20005126,0.15899272,-0.026613493,0.6003017,-0.07448762,-0.22260875,0.5247173,-0.26607347,0.86432713,0.21229337,0.12923095,-0.04500564,-0.8677458,0.18343213,0.08317369,0.046269435,-1.4652683,-0.23087911,0.65839016,-0.16612633,0.85342765,0.04343464,-0.4602679,-0.37929383,0.4625138,0.41229975,-0.18101141,0.28044057,0.54171365,0.24851857,-0.37838244,-0.014055665,0.318196,0.90478927,-0.02820638,-0.31544098,0.50665206,-0.29654077,Global
-0.08767668,-0.020852005,0.6192703,0.078225955,0.23741727,-0.89171785,-0.0421787,-0.6780109,-0.14122103,-0.58689255,-0.69462276,-0.23166528,0.017584333,-0.8092464,-0.07737388,0.8315721,-0.4238385,-0.20731446,-0.18396096,0.21266386,-0.14833845,0.36902627,0.031434767,-0.2659403,0.51691926,-0.21854658,0.932792,0.06887151,0.26394394,-0.0414263,-0.67606926,0.17777482,0.076969996,0.22124884,-1.2584723,-0.23665585,0.44563004,-0.08367368,0.7512256,0.094200805,-0.38912874,-0.2813852,0.39395374,0.23558688,-0.10968465,0.1509825,0.56845313,0.109886065,-0.28123596,0.0045664394,0.27809325,0.8089674,-0.2852771,-0.42681965,0.6131152,-0.36738032,Global
-0.075371295,0.061038785,0.74687195,0.00779086,0.27405432,-0.93995416,-0.14944512,-0.652952,-0.14336073,-0.72315097,-0.6196192,-0.3374349,0.022947816,-0.7962148,-0.15666763,0.8157074,-0.4953543,-0.34305528,-0.16268235,0.2323818,-0.3341731,0.2636135,0.045882206,-0.33668622,0.4284275,-0.20543599,1.0317184,-0.22958452,0.25930268,-0.094592944,-0.6188513,0.21444091,-0.039342273,0.25766242,-1.1756626,-0.26329112,0.3912904,0.046608802,0.7674966,0.23290114,-0.38399708,-0.222,0.3751608,0.13886482,-0.09493584,0.080420695,0.62371963,0.047281425,-0.2923644,-0.0003490453,0.25837415,0.9749964,-0.25109935,-0.5538639,0.72071797,-0.39569253,Global
-0.11402331,-0.00039711423,0.6349126,0.1070198,0.2566318,-0.8649542,-0.026478259,-0.73067886,-0.17335792,-0.6099178,-0.67892885,-0.22682059,-0.021053368,-0.81781477,-0.098901056,0.8280157,-0.41234243,-0.15246178,-0.13302387,0.17867629,-0.13791221,0.37809446,0.040526204,-0.31550327,0.5045831,-0.23805661,0.96244776,0.07349827,0.2659383,-0.013416225,-0.681217,0.21772133,0.13267556,0.23026367,-1.2737659,-0.2419136,0.45554954,-0.09068073,0.7692736,0.10857782,-0.38267317,-0.2798982,0.42534602,0.24158047,-0.051598914,0.1332562,0.590141,0.09794604,-0.22499195,0.028238712,0.27411553,0.81897825,-0.2987288,-0.39455336,0.611664,-0.44756845,Global
-0.12292367,-0.025994133,0.73833925,0.08635289,0.29691467,-1.0737215,-0.012735571,-0.7511488,-0.12167198,-0.662851,-0.82304204,-0.22150311,-0.00952601,-0.95476884,-0.06930492,0.9353982,-0.47512704,-0.2296964,-0.21726382,0.25608504,-0.13781995,0.49027866,0.011805291,-0.26059437,0.60349095,-0.1884544,1.0579681,0.13076983,0.32547003,-0.009986819,-0.7353503,0.19587234,0.109064125,0.26061395,-1.4497484,-0.22073242,0.5307406,-0.15854473,0.86144423,0.09933446,-0.44836152,-0.3250838,0.49996713,0.2774619,-0.14092012,0.1757068,0.64699006,0.090782166,-0.31785798,-0.06454037,0.33742955,0.8814311,-0.3950088,-0.45898375,0.66837484,-0.4620204,Global
-0.14002933,-0.1511026,0.5816766,0.25983113,0.1999307,-0.85931754,0.10843351,-0.8211353,-0.2702502,-0.55432254,-0.9004202,-0.09725571,-0.019446658,-0.8596555,-0.016621443,0.988127,-0.42660275,-0.051473115,-0.15947552,0.18571986,0.039199527,0.63488847,-0.009282457,-0.22007683,0.6283636,-0.17149357,0.86999506,0.38020572,0.19502205,-0.003810317,-0.8546163,0.16815639,0.17030974,0.14592047,-1.4644631,-0.20789391,0.60756,-0.26392904,0.858055,0.0035551626,-0.45442444,-0.37953717,0.51346266,0.40083417,-0.16159257,0.2533875,0.54866874,0.21181047,-0.30579147,0.007701478,0.3407097,0.7784906,-0.23966454,-0.24886408,0.49081817,-0.43810403,Global
-0.14999554,-0.18325453,0.57178116,0.32214844,0.20637147,-0.8048884,0.092289686,-0.9255881,-0.3592517,-0.60128945,-0.9470744,-0.08731354,0.0034258189,-0.8690745,-0.038758934,1.0595945,-0.4433258,-0.017879955,-0.12646978,0.14565831,0.060130276,0.65769005,-0.010800018,-0.27188632,0.6467973,-0.22912523,0.87714577,0.42646766,0.14777222,0.013174803,-0.9479298,0.20903736,0.18888439,0.13228866,-1.544587,-0.23695596,0.6486114,-0.2841038,0.8956006,0.030832056,-0.4830774,-0.41077247,0.551545,0.44140622,-0.12577689,0.2747013,0.5706692,0.26095924,-0.3030558,0.07369112,0.33718124,0.8194164,-0.16436172,-0.21797831,0.5060799,-0.44563127,Global
-0.14093429,-0.12363025,0.6589972,0.21431904,0.21709774,-0.98626196,0.14871058,-0.7975721,-0.21136433,-0.56556106,-0.9713846,-0.11239904,-0.056499828,-0.91735333,0.0019961277,1.033282,-0.44849637,-0.10049152,-0.22280818,0.23141581,0.007343239,0.6697336,-0.0102725,-0.16237883,0.63337135,-0.15785608,0.93798864,0.34819135,0.246959,-0.0140342275,-0.81624776,0.15676852,0.16679776,0.16910025,-1.5280795,-0.21136494,0.61441356,-0.26842698,0.89014745,-0.009841036,-0.46739262,-0.36240825,0.52955407,0.4068427,-0.18664472,0.25736138,0.6121388,0.18311782,-0.3406343,-0.0911319,0.37886256,0.83936924,-0.30500937,-0.30628663,0.50327396,-0.42749688,Global
-0.13473259,-0.15463103,0.535096,0.26413724,0.18307607,-0.7810158,0.10725644,-0.79685277,-0.28170055,-0.5150276,-0.8611451,-0.07905664,-0.012915779,-0.80713385,-0.017471971,0.9487307,-0.40119493,-0.029502563,-0.14250028,0.15707262,0.05441486,0.61467546,-0.009570733,-0.20818292,0.5979369,-0.16981179,0.7988725,0.3964825,0.15825987,0.008406265,-0.8395127,0.1646826,0.1682385,0.12702155,-1.397316,-0.19570374,0.5853128,-0.2728034,0.8064911,2.6651092e-05,-0.43262303,-0.366032,0.49863353,0.39156878,-0.14122513,0.2502893,0.5197628,0.21715249,-0.2908426,0.017950559,0.3171738,0.72814155,-0.20551208,-0.21137935,0.45038843,-0.39947,Global
-0.13570614,-0.10919601,0.6661836,0.24024229,0.24989864,-0.9175473,0.03526694,-0.8522191,-0.28010175,-0.667307,-0.8671533,-0.1575201,-0.0072236103,-0.9081733,-0.08095354,0.9959094,-0.4819427,-0.10121539,-0.13257775,0.18455477,-0.038021576,0.58956563,0.012730775,-0.28917444,0.62823534,-0.18049595,0.9520232,0.27405486,0.20040868,0.01216343,-0.87998927,0.2116787,0.12802155,0.19774127,-1.4998642,-0.22537787,0.5967171,-0.21387054,0.91380244,0.10810981,-0.47473767,-0.37416142,0.5394286,0.35163483,-0.122044146,0.21557677,0.60435414,0.18723309,-0.3077634,0.036794573,0.33168843,0.86767733,-0.26185417,-0.3137992,0.6025282,-0.49305862,Global
-0.12178327,-0.11656201,0.6713703,0.23774555,0.24531604,-0.9501743,0.03727496,-0.8821633,-0.30052212,-0.6694232,-0.90696794,-0.15995514,-9.107289e-05,-0.927187,-0.062255666,1.0558442,-0.48611563,-0.10953255,-0.16146041,0.19102496,-0.035090007,0.606732,0.021379326,-0.27246553,0.647768,-0.2083707,0.972454,0.3052829,0.2048423,-0.0018073998,-0.90813714,0.21211603,0.129574,0.20241515,-1.539588,-0.25390154,0.6083303,-0.22339529,0.92187613,0.090431035,-0.49808198,-0.38187483,0.5497991,0.3720463,-0.12671407,0.23831236,0.6434169,0.2203413,-0.32754165,0.03728645,0.33128688,0.8888819,-0.25430712,-0.3272853,0.607479,-0.47043744,Global
-0.16260725,-0.17336325,0.58623624,0.32594147,0.22853212,-0.857859,0.12322583,-0.884646,-0.33955893,-0.6052015,-1.0312535,-0.030010745,-0.011699571,-0.9047345,-0.01741999,1.0632756,-0.43917847,0.0057390127,-0.12063285,0.1817268,0.12165989,0.7507359,-0.0409245,-0.21142067,0.64918,-0.17838632,0.8602093,0.51254386,0.15188113,0.067050606,-0.90210307,0.20657997,0.19045164,0.13661748,-1.5492024,-0.1866523,0.66698897,-0.3785856,0.89671105,0.021448666,-0.50237054,-0.4400787,0.58587795,0.4414438,-0.1352337,0.28470707,0.5832709,0.2814539,-0.29394776,-0.009778384,0.33208323,0.7595194,-0.20652173,-0.16660197,0.45461944,-0.47372952,Global
-0.13205497,0.12927647,0.86969376,0.08090563,0.22019699,-0.9281693,-0.15217747,-0.69041735,-0.12110365,-0.84743154,-0.7448934,-0.411281,-0.14001773,-0.79945576,-0.15513769,0.81643903,-0.5814275,-0.49836192,-0.16727929,0.23849632,-0.56936514,0.2554921,-0.007808484,-0.5023259,0.28263134,-0.1974664,1.2545085,-0.77730066,0.36108142,-0.3336573,-0.5526699,0.26915824,-0.06343404,0.1598264,-1.128904,-0.3705685,0.42710778,0.23307522,0.8921452,0.2644313,-0.308876,-0.15112294,0.28884652,0.08723799,-0.22048606,0.0024340558,0.5845998,-0.10690054,-0.28702354,-0.15577938,0.41265437,1.4457562,-0.13444896,-0.6999965,0.70611817,-0.532263,Global
-0.08843866,-0.14981057,0.61517197,0.14610134,0.17814009,-0.8053838,0.050852716,-0.77122396,-0.2531193,-0.5640472,-0.9074054,-0.20158137,0.029718932,-0.7194454,-0.058474775,1.0336895,-0.4624675,-0.26096588,-0.24917099,0.1670485,-0.1261577,0.51833355,-0.04776672,-0.20494464,0.5035257,-0.23157352,0.882237,0.07205243,0.15293004,-0.1194351,-0.84296703,0.13846897,0.01572825,0.046308137,-1.3822691,-0.2515704,0.62119836,-0.06511815,0.8368449,0.028822023,-0.4343348,-0.31543857,0.3978751,0.36161566,-0.23068267,0.25699115,0.5214321,0.20521384,-0.42190805,-0.03172874,0.32924083,0.95918125,-0.035949573,-0.3838799,0.53244627,-0.21967283,Global
0.13904452,0.28930616,0.99302316,-0.27293795,0.2515665,-1.2827783,-0.32272604,-0.53472483,0.06173367,-0.88033086,-0.5725478,-0.5521054,0.11997292,-0.8286584,-0.15882003,0.9927814,-0.6796341,-0.74520206,-0.48860827,0.37478185,-0.7399516,-0.037500776,0.13348927,-0.32080987,0.43262732,-0.28826627,1.4036877,-0.7761024,0.39798498,-0.23912871,-0.49970186,0.21878076,-0.3626592,0.4234631,-1.1735392,-0.41779357,0.19085021,0.33895004,0.84168595,0.45958653,-0.40542322,-0.07177598,0.32166466,-0.10246538,-0.14248028,0.0031403545,0.9109882,-0.057104655,-0.47678688,-0.19604608,0.3998903,1.42485,-0.39058718,-0.9794417,0.9792619,-0.14753404,Global
0.00893124,0.110062055,0.7203662,-0.00067459606,0.22962242,-0.9403653,-0.1928582,-0.6078774,-0.14185664,-0.72369665,-0.614854,-0.33016908,0.04517015,-0.73462087,-0.09984579,0.8438567,-0.5105108,-0.41566867,-0.22467656,0.28185466,-0.3955633,0.21059941,0.05557575,-0.34350914,0.41793042,-0.25203282,1.0871372,-0.3317029,0.28130844,-0.15465151,-0.55310446,0.20647971,-0.09712066,0.26046056,-1.0737813,-0.30240303,0.31943902,0.06341505,0.72617054,0.22917557,-0.37372848,-0.20638113,0.33490124,0.07094274,-0.13966861,0.07613178,0.65555257,0.07987439,-0.307047,-0.059701886,0.28276134,1.0633134,-0.2376852,-0.6019242,0.6929419,-0.31566936,Global
-0.03237474,0.13402806,0.79060596,0.020675637,0.30811638,-1.1415327,-0.09786139,-0.96278954,-0.14332092,-0.7806021,-0.93108916,-0.3020327,0.02801212,-1.08281,-0.06456726,1.1358879,-0.5047512,-0.29414436,-0.27227232,0.2987407,-0.25992468,0.34486467,0.061132662,-0.4334341,0.69127065,-0.5169487,1.4439192,0.0016197617,0.43560323,0.0066477037,-0.8466834,0.3012203,0.169592,0.32011518,-1.6611024,-0.34150305,0.46779707,-0.13213727,0.96027553,0.11189596,-0.45548412,-0.3592086,0.5277821,0.1925029,-0.017249724,0.14627467,0.9191521,0.12249945,-0.27476433,-0.10745168,0.40888178,1.1314762,-0.4620071,-0.591761,0.8265435,-0.4156014,Global
-0.08323023,-0.042081825,0.63039494,0.08383461,0.2034253,-0.8774446,-0.010634386,-0.7125361,-0.16174366,-0.5841109,-0.7478052,-0.23455636,-0.002602682,-0.7896388,-0.06430656,0.8930603,-0.4393927,-0.23383422,-0.21511213,0.19761103,-0.16079919,0.40063763,0.018862369,-0.25632972,0.51629645,-0.22440547,0.9586616,0.03360993,0.24911791,-0.07437395,-0.72372115,0.16730563,0.06428856,0.18320785,-1.3042421,-0.25152034,0.49069685,-0.061737336,0.7901344,0.083826184,-0.39695573,-0.27022636,0.397742,0.2537629,-0.1395055,0.16899921,0.57709664,0.103941366,-0.31623623,-0.030252572,0.3138186,0.89407086,-0.23927672,-0.42438945,0.60031664,-0.34120485,Global
-0.14423737,-0.11284785,0.6236906,0.27591917,0.25655794,-0.87961906,0.014093528,-0.96693015,-0.34266764,-0.69297343,-0.90912014,-0.16126235,0.0068829,-0.9347956,-0.08576284,1.0439376,-0.46911228,-0.059594188,-0.12147112,0.16662464,-0.011848307,0.5845429,0.013759937,-0.35659042,0.65727705,-0.31817916,1.0086874,0.33523247,0.2083525,0.023703089,-0.94255334,0.2514929,0.19872566,0.19708456,-1.5763783,-0.27261865,0.617835,-0.23339973,0.9232638,0.075790785,-0.480667,-0.4283568,0.5411658,0.39427027,-0.083800726,0.22673139,0.6298394,0.24553232,-0.2627985,0.09651101,0.32991576,0.89311767,-0.24202572,-0.30752677,0.62926954,-0.4993779,Global
-0.14967561,-0.11193716,0.62141746,0.26547208,0.26674682,-0.9022239,0.044330522,-0.9153618,-0.3007858,-0.65135777,-0.87624437,-0.14563814,-0.008342199,-0.9364691,-0.07130218,0.9953122,-0.45454177,-0.04633422,-0.119358525,0.1798128,0.007684047,0.59865737,0.010847393,-0.32525748,0.67086226,-0.26181242,0.9896498,0.36817354,0.23540011,0.0342063,-0.9048715,0.22502998,0.20605846,0.20023927,-1.5480386,-0.24092065,0.6104334,-0.2563571,0.9060595,0.05255147,-0.4663209,-0.42257524,0.54360807,0.39381832,-0.097026445,0.2148862,0.6043967,0.21248859,-0.2494081,0.07249056,0.33300826,0.8277888,-0.30542538,-0.29127657,0.6115602,-0.52678263,Global
-0.15517792,-0.13569902,0.59481347,0.30301046,0.26376086,-0.8703357,0.07486889,-0.9376855,-0.335164,-0.6333112,-0.885281,-0.09851468,-0.007509389,-0.9278142,-0.059991788,1.0104588,-0.43491685,0.012299656,-0.09368085,0.16981137,0.063674234,0.6418226,0.0059027225,-0.31923473,0.6829712,-0.25787717,0.9591543,0.4709068,0.2080813,0.06485978,-0.9143647,0.22557202,0.24614581,0.19652832,-1.5629143,-0.22605112,0.6315206,-0.31965488,0.90738684,0.023836661,-0.48223105,-0.4429571,0.5762047,0.42031765,-0.07663045,0.23644556,0.604681,0.24343164,-0.22212335,0.08392369,0.32051674,0.77185416,-0.30746076,-0.22584839,0.56389797,-0.54137206,Global
-0.10957557,-0.07583525,0.5984499,0.13535023,0.23919374,-0.93480283,0.107714355,-0.72129595,-0.13760777,-0.5065275,-0.69741213,-0.1750904,-0.044707168,-0.8280475,-0.028646013,0.8584639,-0.38396955,-0.08620013,-0.17634583,0.20170832,-0.043625604,0.49553493,0.054320443,-0.20664896,0.6141919,-0.18018173,0.9366984,0.2823305,0.31502888,-0.016221268,-0.7103285,0.14719129,0.20134531,0.22912677,-1.364655,-0.21116029,0.535051,-0.17070834,0.79339033,-0.020153718,-0.41121083,-0.3104098,0.45035455,0.32930154,-0.12986632,0.1782328,0.5685277,0.1133553,-0.24407174,0.019777283,0.31730124,0.7312814,-0.4150804,-0.34113237,0.55620545,-0.47651353,Global
-0.11911588,-0.08798935,0.566094,0.22421029,0.23407622,-0.8283721,0.028555324,-0.830427,-0.26599944,-0.5764293,-0.78190494,-0.16475071,0.0035215002,-0.84611064,-0.05265076,0.9110221,-0.4133433,-0.06989671,-0.13877226,0.17048329,-0.031609755,0.5038032,0.01990944,-0.30256563,0.60926056,-0.2603538,0.9030068,0.2962477,0.22769088,-0.0021236255,-0.8269222,0.20009293,0.17842072,0.18162286,-1.400045,-0.24000168,0.534979,-0.19923025,0.8075846,0.03501513,-0.4231018,-0.36614287,0.47843343,0.35353234,-0.09490033,0.20938055,0.56980884,0.19525883,-0.24104539,0.080842726,0.29284045,0.7806278,-0.26775372,-0.30373344,0.5696841,-0.4361847,Global
-0.17654274,-0.08174623,0.63409746,0.29569328,0.25905904,-0.9329982,-0.017269084,-0.8616918,-0.32736713,-0.680669,-0.9812994,-0.11104553,-0.0100466525,-0.9493333,-0.028941398,0.97602856,-0.47453737,-0.07503269,-0.13179679,0.2221301,0.006314353,0.66168326,-0.029159265,-0.28567207,0.5977652,-0.21181929,0.92689896,0.33237106,0.18827088,0.0027771196,-0.84680855,0.2483472,0.15745385,0.1979569,-1.4787583,-0.24384785,0.5934133,-0.2987536,0.85511184,0.090110265,-0.4817496,-0.43076265,0.5357546,0.3905963,-0.15478021,0.22895941,0.5921076,0.24191847,-0.27204585,0.0014497521,0.29727387,0.85851514,-0.2662074,-0.29317674,0.5390492,-0.51241565,Global
-0.11782422,-0.05487913,0.5725968,0.12953505,0.18195462,-0.8227238,0.17039107,-0.6635795,-0.11998808,-0.42108113,-0.6791375,-0.13466385,-0.10018206,-0.7471212,-0.01105585,0.8036394,-0.34061968,-0.048929706,-0.1636095,0.17335038,-0.033323973,0.4786312,0.013699057,-0.17971614,0.5256817,-0.13983418,0.87961245,0.22581647,0.28583834,-0.022876889,-0.6244235,0.133225,0.21647117,0.16721852,-1.2780434,-0.18185346,0.5055036,-0.15876122,0.7446724,-0.07033559,-0.33677253,-0.2553192,0.41776785,0.31645277,-0.112303905,0.16106959,0.5104091,0.036658984,-0.20450568,-0.04141632,0.3313304,0.6975585,-0.359009,-0.27662265,0.437561,-0.4482216,Global
-0.111561134,-0.10446857,0.6618108,0.09912801,0.15085313,-0.9574523,0.12775072,-0.7027003,-0.14532639,-0.51414907,-0.98074335,-0.17295183,-0.06847466,-0.78303224,0.018359844,1.0239196,-0.4476029,-0.26097855,-0.3166534,0.23356329,-0.105679505,0.5565702,-0.047586046,-0.1308387,0.5164288,-0.18443953,0.9661486,0.053320665,0.25763744,-0.15297359,-0.7119855,0.12043657,0.06627759,0.08504946,-1.3969568,-0.2588764,0.59877175,-0.07448355,0.8241981,-0.041694652,-0.41282675,-0.27847636,0.38508794,0.36336613,-0.27240768,0.23590736,0.5676931,0.11627513,-0.4067272,-0.16387312,0.38978416,0.9645405,-0.17909078,-0.4182547,0.46857652,-0.28016824,Global
-0.062275838,-0.008943981,0.5659886,0.06466052,0.17576075,-0.89828277,0.14133841,-0.58095455,-0.0509708,-0.3730857,-0.6097779,-0.13895315,-0.0771328,-0.76222783,0.024372038,0.7731665,-0.3327046,-0.08899563,-0.2457147,0.20418574,-0.051726274,0.45219573,0.0637378,-0.13574629,0.5779939,-0.124200396,0.83405113,0.26205727,0.32918108,-0.02812385,-0.60679007,0.10198026,0.19518563,0.22343037,-1.2034503,-0.18231538,0.43213475,-0.18724775,0.68874586,-0.0659207,-0.33648595,-0.2097436,0.40430766,0.24181572,-0.12050542,0.171642,0.558151,0.059214104,-0.23641407,-0.0964606,0.3030273,0.64244944,-0.45415822,-0.32382032,0.44436675,-0.35886884,Global
-0.10013425,0.02673399,0.6479088,0.04249399,0.19040667,-0.96801084,0.18925552,-0.66429067,-0.03713797,-0.3972024,-0.6940185,-0.19846089,-0.12225962,-0.8153971,0.032375254,0.8526849,-0.35163194,-0.10252161,-0.26827732,0.22838789,-0.09405363,0.42771947,0.035590187,-0.19308959,0.5812174,-0.180076,1.0390046,0.15062426,0.39695472,-0.062795796,-0.6129181,0.12987655,0.2232383,0.20935103,-1.3501185,-0.22464082,0.47869834,-0.10336388,0.7679008,-0.114701115,-0.33026442,-0.22276457,0.4083368,0.2889347,-0.12851226,0.16515061,0.6027596,-0.015043621,-0.22983243,-0.107214525,0.36412966,0.78180456,-0.48259956,-0.38939688,0.49555856,-0.42787433,Global
-0.10169785,-0.007983611,0.6080774,0.061400313,0.17377256,-0.9151882,0.1838364,-0.661577,-0.067360245,-0.39256495,-0.67109275,-0.18126816,-0.10832425,-0.7827602,0.023838423,0.84042686,-0.34458208,-0.094827056,-0.24296397,0.20228428,-0.080495305,0.42959687,0.03524561,-0.18723541,0.55894184,-0.16731922,0.9825701,0.16322455,0.35747957,-0.066921026,-0.6157486,0.12340955,0.21819183,0.1901116,-1.3119957,-0.22461183,0.48449728,-0.10821804,0.7501945,-0.10128709,-0.33345535,-0.2276329,0.40079737,0.29784432,-0.12968944,0.16455314,0.5688,0.00033318283,-0.22589152,-0.077466495,0.35580137,0.7560694,-0.4350058,-0.35849506,0.47637978,-0.42423764,Global
-0.07398083,-0.053289715,0.619592,0.071296506,0.16232632,-0.93718123,0.12448311,-0.6857145,-0.109917544,-0.43259183,-0.8116322,-0.1997792,-0.046407,-0.799071,0.052645583,0.9403257,-0.41178787,-0.18475589,-0.32232916,0.23378634,-0.09917665,0.47667998,0.008267286,-0.16769391,0.60565925,-0.18799132,0.95613396,0.15988345,0.33772552,-0.11869864,-0.74825627,0.10411879,0.12158482,0.15239684,-1.3779407,-0.22873127,0.5280376,-0.12298123,0.7799348,-0.093769066,-0.39111575,-0.25032794,0.39964163,0.3102008,-0.22505625,0.25358695,0.5749733,0.09649485,-0.36001843,-0.10053841,0.35642612,0.8607698,-0.319028,-0.40585655,0.49803087,-0.2796154,Global
-0.116544075,-0.05001225,0.5812949,0.19475897,0.22288449,-0.8562419,0.04233118,-0.7560974,-0.2167431,-0.5521849,-0.7053663,-0.12683117,-0.035982944,-0.8270806,-0.033974506,0.84976363,-0.39083183,-0.029046293,-0.11830534,0.18411231,-0.021703979,0.4938461,0.038272332,-0.27120048,0.5987853,-0.18685001,0.8947703,0.30163595,0.24762064,0.030063279,-0.7321656,0.19613168,0.20045868,0.24278352,-1.3353475,-0.21035738,0.48245528,-0.21607997,0.7822155,0.057820823,-0.40187496,-0.31743932,0.4884143,0.29851595,-0.08208059,0.17059384,0.5674824,0.1418393,-0.21447182,0.029458841,0.3080691,0.714025,-0.3552157,-0.28663072,0.5410372,-0.481832,Global
-0.022859992,0.0054569775,0.5795221,0.027717777,0.18698522,-0.81429297,-0.0438412,-0.5426738,-0.120050885,-0.5423868,-0.6351973,-0.20525874,0.0048326254,-0.64464957,-0.05825727,0.78278804,-0.4075924,-0.28793913,-0.20537537,0.21575926,-0.18649109,0.32674587,0.009676864,-0.1943949,0.3897326,-0.18065853,0.87017816,-0.068583615,0.2084941,-0.08262978,-0.53806716,0.12855439,-0.025898026,0.17082903,-1.0290598,-0.22739735,0.38205963,-0.018342601,0.65491164,0.11777067,-0.35055032,-0.22730626,0.31848618,0.16438574,-0.15694097,0.114503935,0.5288875,0.10178635,-0.29524097,-0.08697604,0.26475173,0.8094797,-0.21419685,-0.42923534,0.5249904,-0.2603817,Global
-0.09194408,-0.05355348,0.562385,0.13430336,0.20923513,-0.79786485,0.06350855,-0.6366355,-0.14433093,-0.47084326,-0.5757313,-0.17491615,-0.04001391,-0.73653257,-0.043869752,0.7378011,-0.35775307,-0.061786205,-0.11536741,0.1548591,-0.04932322,0.41854858,0.050860435,-0.21530063,0.52070814,-0.13581945,0.8026436,0.22336511,0.22686923,0.00856462,-0.6713767,0.13363984,0.15538496,0.21346186,-1.1994957,-0.1696739,0.45318413,-0.14978395,0.7147563,0.030924667,-0.35112882,-0.25629333,0.41899905,0.25965083,-0.09113785,0.15326306,0.5030614,0.08899554,-0.22837947,0.047896724,0.26772827,0.66115123,-0.3502772,-0.30380914,0.51479775,-0.41759592,Global
-0.15583535,-0.25985092,0.59460413,0.2737059,0.1763412,-0.78062946,0.10471222,-1.0096259,-0.38312858,-0.5885405,-1.1068472,-0.18235688,0.02321203,-0.8482387,-0.036355436,1.19882,-0.4768356,-0.14958417,-0.22594437,0.10478276,-0.011356855,0.64710397,-0.0726635,-0.27877292,0.63499725,-0.33842847,0.9354852,0.28093332,0.14559045,-0.10391051,-1.1018004,0.17713381,0.14610538,0.0014745801,-1.6948243,-0.29673243,0.77529585,-0.15998437,0.9655403,-0.045962904,-0.49834082,-0.41559187,0.49618196,0.514649,-0.21945095,0.34924293,0.56712264,0.28193113,-0.42687035,0.067871176,0.35850117,1.0163901,0.02723767,-0.3110343,0.54122627,-0.27704167,Global
-0.13377048,-0.024333792,0.63225204,0.1098557,0.28969058,-0.9258537,0.035359856,-0.90638393,-0.16905159,-0.63409376,-0.9027398,-0.1758796,-0.019759318,-0.9894256,-0.07241488,0.9795729,-0.39718017,-0.08483223,-0.14516987,0.18206918,-0.011685472,0.48596078,0.022744028,-0.3010719,0.62988573,-0.36964706,1.0976532,0.32155386,0.31002137,0.11775863,-0.84434086,0.2540837,0.26096004,0.22473344,-1.5819812,-0.2118449,0.5544462,-0.25583303,0.8675212,0.03143436,-0.43086332,-0.38159016,0.5389788,0.31166676,0.009790685,0.17661852,0.7145737,0.12966678,-0.22147486,-0.032583628,0.3286584,0.7767056,-0.39346293,-0.33021304,0.6401655,-0.44132152,Global
-0.092403345,-0.011179521,0.58954144,0.15059356,0.21121241,-0.9272409,0.053049967,-0.6673059,-0.16673037,-0.5030961,-0.6789844,-0.13303182,-0.037410274,-0.8571172,0.011648595,0.8182797,-0.40731272,-0.04581745,-0.16527861,0.2401132,-0.009411656,0.52558845,0.07562073,-0.17695417,0.6174079,-0.099721424,0.84989977,0.36034244,0.26812226,0.020234028,-0.73885584,0.15462738,0.16984412,0.29512438,-1.2923117,-0.1917625,0.44884244,-0.27892414,0.74400973,0.022466874,-0.38438314,-0.2879124,0.47505894,0.26363623,-0.12380958,0.19326153,0.5873968,0.14800946,-0.26300883,-0.029581312,0.2886048,0.6717587,-0.45484352,-0.29639563,0.52677953,-0.4276687,Global
-0.11682162,-0.100992054,0.66214865,0.1501665,0.25718105,-0.9437916,-0.013915053,-0.9040824,-0.2370726,-0.69592446,-0.97477406,-0.22103602,0.025724696,-0.93664443,-0.09967697,1.0732679,-0.49881184,-0.22736238,-0.22300784,0.17855383,-0.11231969,0.49466917,-0.015619383,-0.30944136,0.6065604,-0.3372362,1.0495406,0.12712936,0.24024594,-0.029473076,-0.90381515,0.2274534,0.08885327,0.16515367,-1.5785131,-0.29286712,0.59390485,-0.10155837,0.9268462,0.12792026,-0.4709613,-0.38392362,0.49212185,0.3524208,-0.13260742,0.21079198,0.6488164,0.18353844,-0.3591946,-0.0027378944,0.3675858,0.9876545,-0.1793223,-0.43603393,0.6877144,-0.35388166,Global
-0.1035628,-0.08065643,0.57471704,0.13730323,0.23065037,-0.835886,-0.010151673,-0.79849815,-0.20200305,-0.58192474,-0.77652025,-0.21222405,0.022598453,-0.8388154,-0.074551366,0.9152591,-0.42323413,-0.16283996,-0.17109382,0.16116925,-0.09153972,0.40944403,0.02039722,-0.3019985,0.5780975,-0.30394328,0.94867903,0.16464955,0.24308306,-0.022717101,-0.8127605,0.19381487,0.13024199,0.17286265,-1.388414,-0.25842994,0.50171024,-0.11153793,0.8040055,0.070667446,-0.39952928,-0.33182147,0.4386417,0.30218846,-0.09933533,0.18229818,0.5811439,0.14899588,-0.2848668,0.0434244,0.30782336,0.8274082,-0.22818376,-0.38335833,0.6175219,-0.34974396,Global
-0.069699876,-0.0066110115,0.5629864,0.04020116,0.20768397,-0.84555966,0.044058084,-0.560438,-0.058436677,-0.44957095,-0.5859601,-0.18410483,-0.026902635,-0.7308869,-0.036593627,0.7122863,-0.35735187,-0.16755582,-0.18967742,0.20185342,-0.10807952,0.35475394,0.027198263,-0.18212277,0.48593855,-0.15407494,0.849445,0.114655696,0.28300193,-0.013228871,-0.56692517,0.11559397,0.116303146,0.20611335,-1.1337003,-0.16885464,0.3999419,-0.112788916,0.67138785,0.017030282,-0.32802543,-0.23555326,0.37851056,0.20795892,-0.11855829,0.12941946,0.51117027,0.04723165,-0.24017811,-0.057597946,0.28804326,0.675782,-0.36703333,-0.3666465,0.505733,-0.3384151,Global
-0.05078289,-0.042616315,0.4930686,0.062190454,0.14851503,-0.6817629,-0.0150352195,-0.54142314,-0.14814767,-0.44877756,-0.6072977,-0.19421741,0.00010479359,-0.58005244,-0.04937299,0.72944295,-0.3608057,-0.21904592,-0.17415881,0.15739639,-0.15281864,0.30578285,0.002004334,-0.18285954,0.37846524,-0.19968441,0.7565308,-0.037498295,0.16490132,-0.10623197,-0.5669949,0.11608601,0.008819845,0.10356158,-0.9975412,-0.22018065,0.3879815,-0.000317633,0.6175389,0.062593326,-0.30327252,-0.22246297,0.28024015,0.21264422,-0.15527727,0.12891068,0.43553588,0.11116047,-0.28740942,-0.019951507,0.24601357,0.7503166,-0.11771667,-0.37295383,0.46554402,-0.22279525,Global
-0.122884914,-0.099276,0.62090623,0.19829205,0.25318915,-0.90547025,-0.055368636,-0.9757986,-0.2803811,-0.6931031,-0.89820546,-0.22913699,0.057278886,-0.9667747,-0.093900464,1.0652299,-0.48393196,-0.14211918,-0.18644112,0.16246885,-0.09550098,0.45117494,0.031570487,-0.4085571,0.6985147,-0.39143667,1.0615317,0.21950266,0.26769057,-0.013749738,-0.96943796,0.27123496,0.1595548,0.21022144,-1.6093613,-0.3280889,0.5537659,-0.12186051,0.91955143,0.12739158,-0.4709562,-0.39989293,0.51378185,0.35773858,-0.07127826,0.2204075,0.6595979,0.20905164,-0.31005374,0.09976428,0.3546307,0.9442179,-0.21229157,-0.41939312,0.73171484,-0.40429497,Global
-0.08768574,-0.045455687,0.6471424,0.08511989,0.27645874,-0.9629118,-0.061396074,-0.8744474,-0.16504268,-0.68303925,-0.8517816,-0.259055,0.037842337,-0.9633428,-0.109369,0.99290955,-0.46411428,-0.22794808,-0.20651074,0.19877194,-0.13310437,0.37900928,0.030801754,-0.3439813,0.63010824,-0.38922116,1.1129375,0.12476579,0.31074086,0.005257809,-0.8539641,0.2344226,0.12021364,0.230916,-1.5290868,-0.28673917,0.50117254,-0.091199264,0.8770339,0.12270078,-0.4342091,-0.36259395,0.4716463,0.2814173,-0.06523738,0.16805717,0.6894507,0.1333672,-0.30140767,0.014930833,0.3509861,0.9091579,-0.2986673,-0.47608098,0.7473677,-0.36746505,Global
-0.087656744,-0.02688472,0.6106785,0.18638092,0.25369504,-0.8444559,-0.072031766,-0.774552,-0.26295438,-0.67041916,-0.6651267,-0.16593057,0.007981392,-0.79488504,-0.09683505,0.8619179,-0.4352658,-0.10472683,-0.09361889,0.16733839,-0.08448039,0.43501616,0.03559621,-0.34834698,0.54841477,-0.21238878,0.9133553,0.165878,0.18987635,0.033284042,-0.734501,0.23439567,0.12514809,0.26099747,-1.2951742,-0.22971971,0.4576108,-0.13855374,0.80299395,0.20332362,-0.41170558,-0.31265238,0.4897767,0.23588115,-0.06280449,0.13383992,0.58760774,0.17889623,-0.23097746,0.0643486,0.28306246,0.78245133,-0.28726998,-0.34409514,0.6287128,-0.4694342,Global
-0.06622666,0.0020157683,0.6796058,0.038112983,0.25536644,-1.0846041,0.07015869,-0.75658196,-0.08309225,-0.5216672,-0.7082888,-0.26083454,-0.033038575,-0.944807,0.0023112893,0.9424547,-0.4305567,-0.16952151,-0.2935729,0.25784984,-0.122695275,0.4221567,0.07801447,-0.2622831,0.7110091,-0.23468247,1.122446,0.214687,0.44343972,-0.04678208,-0.78420085,0.14479393,0.19511907,0.2845849,-1.4861914,-0.24814406,0.50012445,-0.14680985,0.8570698,-0.048871946,-0.42666343,-0.29836822,0.47041687,0.26384637,-0.14646931,0.21413977,0.6719805,0.08291223,-0.30204853,-0.034466572,0.3601759,0.83435786,-0.5290308,-0.47041526,0.66628134,-0.41825616,Global
-0.098615035,-0.015269684,0.6684205,0.077437274,0.25440484,-1.0103292,0.014223397,-0.7350877,-0.1085026,-0.573999,-0.7011714,-0.24979979,-0.025787678,-0.90696305,-0.051383886,0.8781428,-0.43851772,-0.18088792,-0.23869294,0.21627928,-0.14152095,0.41596627,0.05796175,-0.27711263,0.63042176,-0.21110852,1.0200374,0.13220525,0.35760403,-0.044321857,-0.7466075,0.17428991,0.14561237,0.26942652,-1.4065211,-0.24967974,0.483634,-0.10414751,0.8359477,0.059572723,-0.410535,-0.28502765,0.450631,0.26075473,-0.12338284,0.16918522,0.6217046,0.079286925,-0.28716573,-0.012382683,0.33415616,0.8432349,-0.42343852,-0.45742324,0.65868586,-0.43344283,Global
-0.07176113,-0.04388851,0.45219454,0.0746807,0.12881102,-0.6179966,0.03188034,-0.4769147,-0.11071383,-0.38334307,-0.5168845,-0.16600762,-0.03184735,-0.5372802,-0.026070772,0.6135306,-0.30964428,-0.1434906,-0.144483,0.14051013,-0.11765311,0.30331588,0.0151349325,-0.15745161,0.3517341,-0.10499796,0.6458209,0.016568547,0.16985719,-0.0862745,-0.49730727,0.09864049,0.053712983,0.11887911,-0.9040948,-0.17163679,0.36076906,-0.0337123,0.5540426,0.031445038,-0.26495278,-0.17066436,0.27134117,0.20031993,-0.12992737,0.11520582,0.37170583,0.05041549,-0.2301453,-0.019554505,0.23062739,0.63430184,-0.16945803,-0.28937164,0.38184974,-0.26517648,Global
-0.06329426,0.0019934229,0.55429333,0.04644158,0.21792115,-0.8355554,-0.01526316,-0.69711,-0.10455368,-0.5190876,-0.61217016,-0.21940476,-0.0062429756,-0.81558555,-0.061071977,0.77363217,-0.36940545,-0.14149888,-0.17238711,0.17746828,-0.110450946,0.31094036,0.06135729,-0.2804867,0.5573567,-0.26064914,0.9456693,0.13955495,0.3106516,0.016606476,-0.6959048,0.17659853,0.1639048,0.24415743,-1.2655128,-0.22396155,0.40865996,-0.099881805,0.72870934,0.059276782,-0.3559794,-0.26862076,0.39888152,0.20484558,-0.042846277,0.1274218,0.57612234,0.06723613,-0.22279869,0.015039814,0.29092064,0.71020615,-0.37822005,-0.38106334,0.6125372,-0.37834644,Global
-0.061053995,-0.060361687,0.5205146,0.06493889,0.1344097,-0.7212307,0.030483427,-0.5606314,-0.15579942,-0.4344281,-0.6581482,-0.1784684,-0.002456996,-0.5931497,-0.029170636,0.7847444,-0.3713302,-0.21076132,-0.21724693,0.16955312,-0.11996045,0.3805728,-0.008185561,-0.15738823,0.41104946,-0.16093771,0.7575187,0.034243077,0.16149591,-0.09894109,-0.6198577,0.09942587,0.025407543,0.09755062,-1.065371,-0.21063194,0.44997582,-0.036877207,0.6423054,0.026650462,-0.3308182,-0.22991161,0.30333558,0.22824006,-0.18181032,0.1681021,0.4471812,0.12745737,-0.32515103,-0.051256582,0.25802007,0.750338,-0.13293245,-0.34195426,0.44947547,-0.21219751,Global
-0.13770525,-0.19715632,0.5304112,0.24611787,0.1820456,-0.73188025,0.07817846,-0.91614926,-0.31456536,-0.55179733,-0.9786478,-0.14426212,0.020736163,-0.818823,-0.040103976,1.0410864,-0.41545126,-0.09255684,-0.17513326,0.11545302,0.018343871,0.5774953,-0.046403866,-0.2755502,0.59835005,-0.31523442,0.864192,0.31860113,0.1589825,-0.03554215,-0.9842933,0.18093637,0.16245876,0.04892893,-1.534608,-0.24524651,0.6664682,-0.19389768,0.8566648,-0.027029486,-0.44171283,-0.3908351,0.470747,0.43075925,-0.15006258,0.29214633,0.5367213,0.23980145,-0.34355953,0.0641594,0.32186392,0.85309106,-0.06731321,-0.26792875,0.5159247,-0.2975158,Global
-0.108103156,-0.034444015,0.61038756,0.10662718,0.20892185,-0.9270368,0.086535305,-0.6707442,-0.11317001,-0.49302742,-0.74665385,-0.16280954,-0.05619117,-0.8213072,-0.008637697,0.84448844,-0.38928893,-0.12761429,-0.20459396,0.2223552,-0.05980525,0.48249045,0.020947665,-0.18135807,0.5571797,-0.16109243,0.9276781,0.20289141,0.28394884,-0.021803793,-0.6649068,0.14643542,0.15655819,0.20086037,-1.3195151,-0.18919118,0.49144316,-0.16984846,0.7734536,-0.003184721,-0.37558708,-0.28716412,0.4369726,0.28439,-0.14922427,0.17583013,0.5639191,0.08869193,-0.27143416,-0.076165535,0.32726204,0.75228447,-0.38229424,-0.3493134,0.51163805,-0.40338123,Global
-0.14875755,-0.15677896,0.58076286,0.24261618,0.19923413,-0.8145438,0.1499199,-0.8365686,-0.28805616,-0.52696246,-0.9056804,-0.09808782,-0.04217919,-0.80784833,-0.026839353,1.0107213,-0.40124598,-0.037034184,-0.13595495,0.15705048,0.0511605,0.6365361,-0.022949904,-0.20814842,0.58655065,-0.20854995,0.89755493,0.37970254,0.17471829,-0.0038696267,-0.8523492,0.16389108,0.20892994,0.11588421,-1.4852712,-0.20830816,0.6525573,-0.25926986,0.86419314,-0.04156643,-0.43999782,-0.37367484,0.5064118,0.41987967,-0.14112216,0.25073317,0.54566246,0.21013544,-0.2932628,0.010086214,0.33304805,0.7808882,-0.20908631,-0.2253001,0.46264386,-0.429766,Global
-0.11973041,-0.14974399,0.5994869,0.19022758,0.19961196,-0.903075,0.15632027,-0.79491174,-0.22712334,-0.49909836,-0.90482146,-0.12729295,-0.035170607,-0.8142111,0.0054008923,1.0236803,-0.4141246,-0.1026517,-0.21169293,0.19239487,0.012690841,0.62097657,-0.02003353,-0.1790852,0.61795235,-0.20188177,0.9336169,0.33795947,0.23294884,-0.049840067,-0.83386934,0.13020967,0.17854458,0.12412874,-1.4917725,-0.21872365,0.647323,-0.22470133,0.8703222,-0.07358638,-0.4494306,-0.35969,0.48525956,0.4091349,-0.19994393,0.26574054,0.55582577,0.19452344,-0.3362248,-0.028200105,0.35073826,0.80808544,-0.25939256,-0.29391298,0.48669228,-0.38655964,Global
-0.13092925,-0.14724751,0.6215363,0.23945835,0.24170479,-0.96191937,0.15508279,-0.8393458,-0.23759726,-0.51733994,-0.87447727,-0.0970532,-0.044008467,-0.9177269,0.011779717,1.0124539,-0.42276305,-0.01902299,-0.17637385,0.20000663,0.07923839,0.6896129,-0.0040281764,-0.20270614,0.72205746,-0.17096296,0.93452805,0.52197653,0.25614363,0.042347137,-0.9062744,0.14119653,0.25206304,0.1900325,-1.5819985,-0.17781536,0.6502658,-0.35159418,0.9034321,-0.06820625,-0.47431,-0.39407954,0.5833972,0.40350282,-0.16342945,0.2776771,0.60002476,0.20561232,-0.30123675,-0.017139925,0.35228327,0.7401084,-0.39496234,-0.24916242,0.51550573,-0.4689685,Global
-0.12202105,-0.11244019,0.63041425,0.18528736,0.24338464,-0.9415507,0.11233341,-0.7917982,-0.21487589,-0.5606873,-0.80520153,-0.14603397,-0.03659504,-0.85346276,-0.041587275,0.9673439,-0.4182921,-0.08011884,-0.14727993,0.19892694,-0.006117658,0.58402866,0.019963896,-0.22605704,0.6212159,-0.18492024,0.967489,0.3291404,0.24976407,-0.0072410987,-0.8049172,0.15796816,0.18765444,0.19351055,-1.4710498,-0.2044149,0.6051562,-0.22330737,0.87879,-0.0023769392,-0.44679773,-0.36114123,0.51247936,0.3649445,-0.14871258,0.20988958,0.5712651,0.16467042,-0.28488263,0.014043593,0.33935693,0.77954465,-0.34600037,-0.3092201,0.5572778,-0.49256572,Global
-0.115289636,-0.10518789,0.6207358,0.16977929,0.22076364,-0.9398708,0.14104323,-0.7811938,-0.21010858,-0.523537,-0.87407947,-0.12111877,-0.04273892,-0.84066474,-0.0074551455,1.0037065,-0.41062516,-0.08848473,-0.1925432,0.2083827,0.0151426485,0.6064874,-0.00572615,-0.18966264,0.6200327,-0.20186158,0.967064,0.34572965,0.24545527,-0.006709327,-0.79693407,0.15025109,0.19215494,0.16117023,-1.4807936,-0.20504585,0.6175189,-0.24723011,0.86170477,-0.0438602,-0.4454999,-0.3637438,0.50181705,0.37583485,-0.16037692,0.23617703,0.58623,0.1825085,-0.30382684,-0.03721809,0.3421818,0.7796629,-0.3230574,-0.29605526,0.5072665,-0.42974362,Global
-0.05854095,0.0017882134,0.6212424,0.06553019,0.23285243,-0.957849,0.11516036,-0.6784298,-0.05287667,-0.4367479,-0.630338,-0.1955026,-0.052034967,-0.83481747,0.018570723,0.83821726,-0.37915578,-0.12448087,-0.24263448,0.21813063,-0.07807738,0.42090052,0.051646486,-0.214272,0.6414038,-0.17674954,0.99226964,0.2523832,0.36972177,0.021186098,-0.6895723,0.12385175,0.20731142,0.25227937,-1.3704939,-0.1813929,0.46670544,-0.17672387,0.7830244,-0.04431974,-0.37318406,-0.25503257,0.4608589,0.24831113,-0.12507924,0.17856885,0.6132381,0.047513086,-0.25020936,-0.0631236,0.34889168,0.73219424,-0.53443366,-0.38609767,0.5550483,-0.4047937,Global
-0.07541275,-0.00401528,0.5892818,0.01737329,0.22860323,-0.92455304,0.007819821,-0.63916534,-0.03958264,-0.5044914,-0.6993718,-0.20432311,-0.008188884,-0.8380399,-0.03945342,0.79468554,-0.38706645,-0.20041633,-0.2307534,0.21935749,-0.111612216,0.3721968,0.025996312,-0.19809379,0.54454714,-0.23238502,0.95287335,0.1306641,0.32599762,-0.0020776147,-0.64835405,0.14399573,0.12313158,0.2220965,-1.2777108,-0.2001873,0.4298456,-0.11813964,0.7339321,0.037226673,-0.3662604,-0.26940954,0.39716253,0.2203172,-0.102809474,0.14486997,0.57813865,0.055735454,-0.2750096,-0.083330624,0.31324682,0.73580515,-0.38711503,-0.41078925,0.58892244,-0.33096808,Global
-0.16416761,-0.151155,0.6062429,0.23604684,0.273073,-0.9111762,0.13832882,-0.79479265,-0.2579364,-0.5809307,-1.0613753,-0.007959536,-0.047656033,-0.8663113,-0.036393415,1.0228496,-0.39112753,-0.051334053,-0.14585719,0.21244623,0.12080848,0.7211202,-0.065004095,-0.12286016,0.54709345,-0.22490686,0.85616726,0.44263563,0.13959293,0.11360517,-0.7053142,0.21198498,0.18616287,0.10858468,-1.4629027,-0.13515621,0.6282342,-0.3571017,0.8033743,0.013287588,-0.46136197,-0.4018732,0.55901307,0.43377173,-0.1217235,0.22650726,0.6212071,0.22854906,-0.2660229,-0.12719841,0.31713277,0.70091873,-0.22393228,-0.21490292,0.40882552,-0.39604074,Global
-0.12842454,-0.09039053,0.5873248,0.1751514,0.24161696,-0.8985873,0.08586322,-0.6857804,-0.18023126,-0.548377,-0.941287,-0.022598349,-0.01652356,-0.79199255,-0.022824991,0.9232799,-0.39858142,-0.11419789,-0.16315737,0.23051019,0.061594862,0.64148134,-0.081759505,-0.115778804,0.5092118,-0.17243733,0.83865297,0.33289298,0.1539644,0.06481849,-0.6464308,0.16069789,0.12978865,0.14365973,-1.337426,-0.1302902,0.56439865,-0.29740787,0.7652959,0.03229474,-0.4162848,-0.37825832,0.50431997,0.34467506,-0.1686182,0.20144077,0.5460294,0.19955274,-0.2942877,-0.13391975,0.3153147,0.6959149,-0.26445234,-0.25585237,0.4134983,-0.3608425,Global
-0.09509761,-0.06375143,0.56057143,0.09644161,0.2338743,-0.8450608,0.024197526,-0.7758282,-0.15455447,-0.5358378,-0.7852133,-0.19072999,0.003116998,-0.8400424,-0.054492828,0.88653094,-0.38444403,-0.15679781,-0.19703916,0.1718693,-0.058354784,0.41643053,0.013101437,-0.25328332,0.5747882,-0.30013615,0.9429626,0.21709077,0.2733204,0.017478924,-0.7760169,0.17799819,0.16820168,0.17088942,-1.385388,-0.21793035,0.5074847,-0.15152436,0.775396,0.017420221,-0.39567393,-0.32924265,0.43682,0.29498646,-0.086139165,0.19124134,0.58231837,0.13069983,-0.2736784,-0.0039929715,0.30952483,0.7632209,-0.28994206,-0.35814807,0.5868532,-0.33292902,Global
-0.15591408,-0.012153396,0.6672724,0.15704498,0.22306435,-0.8358871,0.1403915,-0.8115704,-0.16670825,-0.5400989,-0.7407328,-0.19865869,-0.111684754,-0.82743126,-0.05878614,0.90459085,-0.3801962,-0.0588052,-0.14167008,0.14467393,-0.074411295,0.48467973,0.03293384,-0.29145393,0.5545237,-0.2148795,1.0204198,0.1712484,0.30065808,0.013911842,-0.7298053,0.2166955,0.25845715,0.21013206,-1.4264598,-0.23518842,0.56120646,-0.1327347,0.8625437,-0.012372928,-0.37496063,-0.2579663,0.45666504,0.32156298,-0.05454299,0.15798968,0.6091474,0.052509148,-0.19421084,-0.0298056,0.34342664,0.8575743,-0.36477995,-0.31602558,0.53034526,-0.5222221,Global
-0.15845835,-0.046413776,0.5856195,0.22693673,0.20170048,-0.7187513,0.0684995,-0.7951346,-0.25022024,-0.5780164,-0.69572717,-0.14414786,-0.08437352,-0.7589248,-0.08073574,0.838694,-0.37459415,-0.026100459,-0.06672756,0.118425205,-0.048340816,0.46827123,0.025132773,-0.32172143,0.49632284,-0.17477573,0.88978124,0.17530234,0.19925614,0.01712066,-0.7120296,0.23085967,0.2064362,0.19814989,-1.2963032,-0.22919129,0.5073739,-0.133569,0.803836,0.08612245,-0.36992458,-0.27685156,0.45011672,0.30509526,-0.046046708,0.14129798,0.5260657,0.09491624,-0.1779736,0.028561156,0.31961343,0.7928149,-0.2561861,-0.25213206,0.50533825,-0.53068733,Global
-0.18997751,-0.092308216,0.6724331,0.20066237,0.15945384,-0.8312018,0.25328442,-0.88555264,-0.20636512,-0.49062362,-0.95196915,-0.17999059,-0.15350083,-0.82632256,0.00045335334,1.0514412,-0.39690378,-0.050499666,-0.20796038,0.14877743,-0.036435273,0.5886988,-0.025351426,-0.24621585,0.5879569,-0.2506151,1.070389,0.18637758,0.30886602,-0.054037042,-0.81520885,0.20116104,0.28160116,0.109678015,-1.5888802,-0.26421988,0.69193166,-0.13478956,0.9294187,-0.13564003,-0.39119318,-0.28055307,0.44609055,0.43703502,-0.13760208,0.22981644,0.60791653,0.06950066,-0.2630312,-0.07405741,0.40860218,0.9796145,-0.25591332,-0.29214787,0.43592092,-0.47552937,Global
-0.1499876,-0.02659044,0.6897413,0.18469837,0.25336215,-0.88190746,0.05563453,-0.82203126,-0.20621915,-0.62702465,-0.79314876,-0.18377359,-0.06393988,-0.8589664,-0.07550599,0.9370139,-0.42561644,-0.10813008,-0.1304878,0.17127858,-0.088653535,0.501509,0.012053217,-0.3176846,0.5538982,-0.20991309,1.018933,0.15832415,0.2570824,0.026227254,-0.73594517,0.23982903,0.1898017,0.23054664,-1.4363061,-0.2373458,0.54629016,-0.1402872,0.8808088,0.09727854,-0.42150494,-0.2960343,0.50044066,0.30926013,-0.066026665,0.15734017,0.62259245,0.091637865,-0.23060618,-0.030771853,0.34501672,0.8892819,-0.3253352,-0.3441467,0.5925549,-0.52399594,Global
-0.103090845,-0.00036131122,0.66383874,0.106387384,0.21223551,-0.89828336,0.10724686,-0.7508174,-0.14345294,-0.5152797,-0.7142226,-0.21288902,-0.07998698,-0.82324576,-0.026425809,0.90486056,-0.39505723,-0.1232445,-0.19883107,0.18650167,-0.10590259,0.4443356,0.040632818,-0.26378056,0.5678736,-0.20574632,1.0246259,0.14093608,0.31779492,-0.016183669,-0.7004793,0.18888675,0.19419195,0.2244507,-1.3895202,-0.24378724,0.5175871,-0.11345584,0.8193954,0.0036580646,-0.38745585,-0.2512576,0.4376798,0.28398362,-0.09224831,0.16212973,0.6273172,0.052643303,-0.23655018,-0.04261682,0.33648047,0.85063213,-0.39082694,-0.37002954,0.5564732,-0.45857108,Global
-0.11417325,-0.008107059,0.710367,0.16566919,0.2865131,-0.90319127,-0.01704357,-0.8197351,-0.22213243,-0.69138753,-0.75030833,-0.20842464,-0.021835728,-0.8645263,-0.09808234,0.94270754,-0.44737154,-0.15902345,-0.120240405,0.18165068,-0.12809905,0.46219653,0.022958929,-0.36423215,0.55124927,-0.21501918,1.0356066,0.1142188,0.25309289,0.033692647,-0.7376668,0.24293225,0.14139268,0.2595443,-1.4029849,-0.25385517,0.5208605,-0.118476756,0.8856902,0.16192627,-0.4501405,-0.30445006,0.50779444,0.26848018,-0.04919206,0.1422755,0.6539001,0.10891599,-0.22805999,-0.006376671,0.31583846,0.9022503,-0.33049488,-0.38583177,0.6601634,-0.52545625,Global
-0.16281039,-0.022582697,0.71471506,0.14166927,0.2262796,-0.86538,0.10821571,-0.79614794,-0.16612715,-0.60048777,-0.82680416,-0.23391977,-0.11781432,-0.82308286,-0.0785256,0.9398782,-0.42984992,-0.16435452,-0.17292774,0.14965753,-0.14127533,0.48115447,0.001341448,-0.2929136,0.49867564,-0.20606339,1.0405128,0.0072647086,0.2886218,-0.033973012,-0.7048932,0.23364764,0.17332806,0.1795009,-1.4247487,-0.26276645,0.5879362,-0.051558018,0.877246,0.05706957,-0.40329587,-0.24440517,0.4247719,0.32044098,-0.09749371,0.14893715,0.61501664,0.033277113,-0.2428469,-0.06013078,0.35228765,0.98647577,-0.27186498,-0.38024697,0.5527117,-0.5066923,Global
-0.109151,-0.033919945,0.5991686,0.14039995,0.21167727,-0.80196756,0.048398055,-0.70374054,-0.17169191,-0.5251559,-0.651212,-0.18534426,-0.055419575,-0.75983566,-0.05783557,0.8128019,-0.3808876,-0.10401536,-0.13389365,0.15878496,-0.088815115,0.42058092,0.026367094,-0.26880395,0.5101406,-0.17678492,0.89561635,0.13933823,0.25043517,-0.0032073758,-0.66334575,0.18550268,0.15958306,0.2096837,-1.2606835,-0.21996987,0.4755023,-0.1117634,0.76582193,0.0636538,-0.37173313,-0.25348592,0.42055982,0.2636996,-0.07620305,0.14312722,0.5430428,0.072614916,-0.21394971,0.0015243903,0.2938884,0.7718471,-0.30682364,-0.32335332,0.5357709,-0.45763412,Global
-0.107093245,-0.03106157,0.6886003,0.0648605,0.19809303,-1.0993382,0.15540306,-0.6142664,-0.025719428,-0.46240035,-0.86191237,-0.18189664,-0.090191856,-0.8550267,0.03385694,0.93368995,-0.41882733,-0.2168342,-0.31128833,0.29836056,-0.09406532,0.5335771,-0.006513554,-0.09028129,0.5573292,-0.13236777,1.0082246,0.13095929,0.33020723,-0.087546766,-0.6119613,0.10184967,0.112005636,0.19567382,-1.3863225,-0.20424715,0.5121555,-0.14015515,0.8373428,-0.055716768,-0.39359465,-0.27749586,0.4263043,0.32481366,-0.25119847,0.20366858,0.5892347,0.07035269,-0.35921195,-0.19906382,0.40830633,0.8600337,-0.4155305,-0.44984254,0.4921056,-0.36520973,Global
-0.11178098,-0.025974035,0.64864135,0.09682824,0.18975534,-1.038692,0.18470317,-0.6641584,-0.053296383,-0.43521065,-0.83669233,-0.1568947,-0.1087305,-0.86259353,0.04729731,0.91376954,-0.39055198,-0.14130928,-0.27962777,0.27341738,-0.041695584,0.545389,0.003006418,-0.13393286,0.5957364,-0.14589043,1.0091853,0.22449327,0.34694055,-0.05246389,-0.6654173,0.11460715,0.18689018,0.19097145,-1.4164485,-0.1944198,0.53112495,-0.1862278,0.8297764,-0.09884216,-0.37881076,-0.28500882,0.44109148,0.32960433,-0.22093956,0.2084528,0.58221257,0.061286062,-0.31414488,-0.16631944,0.40416303,0.81596667,-0.44966933,-0.38556397,0.47380424,-0.40851077,Global
-0.09706651,-0.021636065,0.63758063,0.0761923,0.17884366,-1.0154237,0.14989942,-0.6057939,-0.045539062,-0.4365098,-0.7890902,-0.16025004,-0.09267992,-0.8118093,0.03445452,0.8714781,-0.39310113,-0.17422621,-0.279919,0.27699828,-0.07109532,0.503629,0.0003808037,-0.112965554,0.54707366,-0.124595195,0.96170574,0.15401612,0.31880388,-0.076107614,-0.60830843,0.097534515,0.13697784,0.19552667,-1.3206482,-0.20174007,0.4901305,-0.15109882,0.7968737,-0.0711451,-0.36674392,-0.2662735,0.4038987,0.29990262,-0.23016554,0.18711907,0.5562105,0.06407378,-0.31959128,-0.1631972,0.38605973,0.803526,-0.41238332,-0.4000796,0.46194476,-0.3738867,Global
-0.089804225,-0.020966591,0.64013696,0.04316931,0.17719112,-1.0077788,0.14203806,-0.5742517,-0.02635881,-0.42829365,-0.7878366,-0.1859092,-0.08651305,-0.7692313,0.018787015,0.87676364,-0.3895347,-0.22127202,-0.2904962,0.2626453,-0.1024444,0.46086878,0.0054272464,-0.08684329,0.48715216,-0.14352298,0.94913656,0.07599731,0.3036341,-0.09881973,-0.56102324,0.10106146,0.0952315,0.16616406,-1.268416,-0.21587239,0.4712006,-0.08949047,0.7702782,-0.04470126,-0.358604,-0.24312522,0.37312245,0.30019757,-0.21866332,0.18752418,0.5551864,0.06470881,-0.33396238,-0.17644292,0.3813679,0.8294771,-0.3581555,-0.43346524,0.46504334,-0.3205219,Global
-0.10243987,-0.027285522,0.6629926,0.11461663,0.20168999,-0.95623255,0.1714266,-0.8111733,-0.1555353,-0.5062452,-0.85335845,-0.18085381,-0.08344775,-0.8686744,0.007839566,1.011867,-0.40209788,-0.10598819,-0.24815667,0.21932587,-0.059168126,0.52242625,0.01907575,-0.22404969,0.6408619,-0.25434497,1.0952847,0.24391304,0.34976348,-0.015958006,-0.76951313,0.17939736,0.23780799,0.20039755,-1.521429,-0.23861043,0.57783663,-0.18953736,0.8653052,-0.09093601,-0.4071506,-0.295527,0.47116268,0.34056127,-0.12918547,0.21496356,0.66933626,0.095973745,-0.27045703,-0.0844878,0.38488925,0.87825227,-0.4003577,-0.35175735,0.5218322,-0.41970178,Global
-0.09822083,-0.045959122,0.5921897,0.14687473,0.21199512,-0.90585715,0.115057305,-0.73428047,-0.16852066,-0.50133497,-0.8199377,-0.11049478,-0.041761413,-0.8443509,0.0068442663,0.91805553,-0.38341445,-0.07634523,-0.18627995,0.23017287,0.015665988,0.5518328,0.0077790036,-0.18322203,0.59411705,-0.1892113,0.93366754,0.3481654,0.26947126,0.032574564,-0.7221234,0.15269631,0.20785855,0.2011795,-1.3896275,-0.18144093,0.5275247,-0.2736502,0.78837967,-0.043294545,-0.40483236,-0.32902974,0.4857317,0.3126459,-0.12786359,0.21921943,0.59401506,0.15397345,-0.26071548,-0.0805033,0.33593723,0.7200005,-0.37920392,-0.28430122,0.4869479,-0.3986066,Global
-0.04987308,-0.038659975,0.48862126,0.0898107,0.15531817,-0.753085,0.070679046,-0.5904677,-0.13031216,-0.4001755,-0.6423953,-0.13816616,-0.013194812,-0.6668665,0.016688118,0.7706765,-0.33220655,-0.12907825,-0.20615472,0.18121919,-0.048640892,0.39921704,0.027125238,-0.1601519,0.49897262,-0.16639785,0.78162104,0.19889283,0.2368298,-0.024136363,-0.6207799,0.1127818,0.12466218,0.15450722,-1.1217185,-0.18614513,0.4238568,-0.15305617,0.6460882,-0.03236441,-0.33512488,-0.23695256,0.35896274,0.23835081,-0.13709041,0.18166535,0.50081325,0.117547184,-0.25137433,-0.053808626,0.26940405,0.6486815,-0.29184034,-0.29200172,0.4229882,-0.2702862,Global
-0.05676414,-0.0032968868,0.61600333,0.04066252,0.21730195,-1.0667636,0.16623233,-0.6702136,0.002287654,-0.39074025,-0.7840206,-0.13838655,-0.05765247,-0.92030895,0.08220731,0.90690714,-0.36080945,-0.12841062,-0.33370295,0.2760552,-0.015077824,0.5087698,0.035194986,-0.13552682,0.7123883,-0.20002817,1.018977,0.37831083,0.4292415,0.026681602,-0.7027345,0.096439764,0.2514348,0.23798761,-1.4486647,-0.16376673,0.492792,-0.27779242,0.79187393,-0.13986227,-0.3947299,-0.2865117,0.4874901,0.27596506,-0.1560591,0.24198091,0.66031283,0.06487243,-0.28764024,-0.18138005,0.38284472,0.695956,-0.5759395,-0.37366763,0.5073776,-0.33921927,Global
-0.15438797,-0.041234463,0.6165919,0.19372939,0.23824537,-0.79515994,0.11321952,-0.82178545,-0.2188317,-0.56643885,-0.7821,-0.13756853,-0.07446522,-0.8249921,-0.061312128,0.8963628,-0.36570248,-0.026756424,-0.09213152,0.14287482,-0.006776507,0.5272667,0.010408574,-0.2948895,0.5453003,-0.21223263,0.9481443,0.26862445,0.23812276,0.061657283,-0.74753255,0.22244811,0.25178966,0.19065772,-1.4065268,-0.19766091,0.5639245,-0.20673059,0.82577235,0.021091864,-0.3947884,-0.30975842,0.4953313,0.32878256,-0.04156672,0.17419234,0.590155,0.10729857,-0.18047433,-0.0042504384,0.32001612,0.7704888,-0.325453,-0.2555435,0.5137453,-0.50852734,Global
-0.08575942,-0.035277914,0.55347466,0.14622526,0.20964491,-0.8324062,0.0502971,-0.68805027,-0.17228004,-0.5064972,-0.65191823,-0.13225858,-0.028457219,-0.77842253,-0.027257044,0.81104654,-0.36250284,-0.055082686,-0.1387491,0.1881139,-0.024930192,0.4539998,0.042611927,-0.22465374,0.57430935,-0.18342535,0.86765033,0.28391102,0.25929636,0.034584608,-0.67408246,0.16430339,0.18184617,0.23725738,-1.254229,-0.19038597,0.44900838,-0.20946684,0.7312968,0.031048909,-0.37555116,-0.2896499,0.44818676,0.2586678,-0.07317314,0.16032888,0.56298184,0.12901405,-0.20482972,0.0010541951,0.28630996,0.65935045,-0.37279463,-0.28518084,0.5076018,-0.42473242,Global
-0.10759006,-0.0418649,0.5917158,0.1063203,0.1405282,-0.8690949,0.23984101,-0.69717646,-0.08233895,-0.35917115,-0.78748316,-0.14707194,-0.1320899,-0.7696043,0.058609866,0.8983619,-0.34102753,-0.07318413,-0.28320977,0.18362978,-0.030707577,0.5158231,0.013493742,-0.14965713,0.5914453,-0.1839224,0.9352553,0.23706502,0.34789625,-0.05712396,-0.6891769,0.12109792,0.24804704,0.14045715,-1.3800131,-0.20607333,0.5477111,-0.16613828,0.78081375,-0.1632293,-0.3400816,-0.22367336,0.40184486,0.33605707,-0.16117063,0.21591145,0.570731,0.04066855,-0.26661408,-0.13241537,0.3759587,0.7859247,-0.38496652,-0.31182235,0.3932384,-0.3576856,Global
-0.06661054,0.008846655,0.64044756,0.092023395,0.20751671,-1.1415725,0.27364472,-0.75505966,-0.03475074,-0.3514881,-0.7469087,-0.13116737,-0.1346667,-0.9835319,0.12293925,0.95561695,-0.3557988,0.0034455692,-0.32523242,0.29385543,0.03943694,0.57998985,0.090777405,-0.15391076,0.82397676,-0.16943637,1.1106391,0.53265643,0.50103265,0.026928408,-0.7856252,0.09700615,0.36328828,0.30534008,-1.584151,-0.18476847,0.53448015,-0.33902606,0.8487907,-0.23299815,-0.40504423,-0.29020256,0.5411761,0.31961593,-0.16118707,0.2581958,0.7051294,0.06409887,-0.25503165,-0.13047211,0.41673794,0.69153124,-0.74002564,-0.33485848,0.5139835,-0.47788188,Global
-0.08928989,0.0010369231,0.7456063,0.07055803,0.23360968,-1.1959448,0.28172946,-0.8142582,-0.0149585055,-0.46131632,-0.8659891,-0.16534849,-0.15409006,-1.0295908,0.06520838,1.038014,-0.41500193,-0.08372082,-0.35328028,0.27897847,-0.02890939,0.60863256,0.055834327,-0.18990268,0.7986945,-0.17674807,1.2052233,0.3846088,0.5162471,0.009128517,-0.8147114,0.12896903,0.3286137,0.2638521,-1.6957481,-0.20539126,0.62133807,-0.26676047,0.95378184,-0.17793132,-0.4243384,-0.2975501,0.55060214,0.35185257,-0.15794261,0.23937513,0.73322713,-0.0021117774,-0.28245786,-0.18056907,0.4760693,0.8430082,-0.6851167,-0.39175916,0.57922935,-0.50071746,Global
-0.065824956,0.012892367,0.54980093,0.027371798,0.1917227,-0.88710225,0.06962349,-0.47699857,0.0044607595,-0.38517064,-0.5775408,-0.16628298,-0.065735,-0.736337,0.020339832,0.6686832,-0.33848792,-0.15828738,-0.24366619,0.21160914,-0.0979071,0.3830407,0.047932725,-0.11445706,0.5009363,-0.09293118,0.76433235,0.13148539,0.31685925,-0.037367653,-0.5210436,0.0894864,0.10516063,0.2229023,-1.0732952,-0.1626777,0.35529345,-0.12975813,0.61744404,0.0055243555,-0.31351632,-0.18071465,0.35445857,0.19213441,-0.14238888,0.13890135,0.5120711,0.020250188,-0.25359356,-0.12041648,0.27570397,0.627406,-0.4298983,-0.36833593,0.45123014,-0.31346908,Global
-0.11674312,-0.05292674,0.6527192,0.12059198,0.2568046,-0.9519652,0.029655747,-0.7175561,-0.1604672,-0.59560984,-0.8645809,-0.15933815,-0.008588399,-0.8436543,-0.058098987,0.92616534,-0.44006327,-0.19266914,-0.20594476,0.22632398,-0.07816264,0.52210164,-0.028125554,-0.20084158,0.526076,-0.20285194,0.9430005,0.1520879,0.23764022,-0.018542284,-0.69938844,0.1694964,0.0905309,0.17559844,-1.3702458,-0.19934565,0.53454185,-0.16002008,0.80595213,0.05713837,-0.4242571,-0.33314136,0.4613924,0.30594528,-0.16345929,0.19556151,0.58155394,0.15094548,-0.31365526,-0.07443833,0.31912482,0.8438694,-0.2822277,-0.3806584,0.54303724,-0.3761914,Global
-0.096674114,-0.061340448,0.5992602,0.10185287,0.23999704,-0.91769737,0.075604565,-0.69444317,-0.13237235,-0.5057133,-0.7120602,-0.17418006,-0.01788005,-0.8154236,-0.037683114,0.8514505,-0.39615664,-0.13521197,-0.19759221,0.2131829,-0.0589203,0.46791288,0.024346586,-0.20512228,0.57781434,-0.17873783,0.92813915,0.23016104,0.2926731,-0.024002258,-0.7038629,0.13093172,0.1561167,0.20157151,-1.3306925,-0.18857527,0.51081383,-0.16661449,0.77754045,-0.02120042,-0.39516568,-0.30653727,0.44276914,0.28499934,-0.1536575,0.18504672,0.54596776,0.118407376,-0.2695,-0.017266648,0.31493223,0.7389793,-0.37845325,-0.3560616,0.5399872,-0.40079242,Global
-0.08631817,-0.026166499,0.58851045,0.10002607,0.2197736,-0.88918936,0.03714553,-0.6615857,-0.11529258,-0.49377027,-0.6896677,-0.19231915,-0.02255519,-0.79456675,-0.018063203,0.8166981,-0.38647246,-0.14998642,-0.21393773,0.20112695,-0.10117216,0.41011462,0.027132565,-0.2269861,0.54927415,-0.1898053,0.90195775,0.1525013,0.29826343,-0.039131496,-0.6585396,0.15017948,0.1212539,0.20407347,-1.2626252,-0.21263067,0.4425542,-0.12383998,0.7370808,0.023555772,-0.3743968,-0.2672146,0.41169432,0.25860444,-0.13219197,0.17148249,0.55303645,0.09156578,-0.26380205,-0.030045789,0.30860025,0.7597622,-0.34893733,-0.3847223,0.53944325,-0.3672581,Global
-0.10243511,-0.04831753,0.62271583,0.1305718,0.25466248,-0.9504442,0.052432634,-0.7697435,-0.14444622,-0.54344183,-0.78165346,-0.19432272,-0.008610461,-0.89917064,-0.020240989,0.9150091,-0.41424164,-0.12628742,-0.21823913,0.21010162,-0.063795574,0.46922046,0.026343595,-0.2688796,0.6450326,-0.24278687,0.9889999,0.25404614,0.33076516,-0.004329355,-0.7702853,0.17325027,0.16831882,0.21205886,-1.4326664,-0.22663482,0.50054383,-0.17664541,0.81976116,0.0071126465,-0.42016754,-0.32582748,0.47696042,0.3083073,-0.11304694,0.20552096,0.6098395,0.12316447,-0.26858616,-0.010183201,0.3338727,0.78579235,-0.38489985,-0.38566253,0.59442693,-0.40657255,Global
-0.13738497,-0.057367824,0.598575,0.10543311,0.2966157,-0.92596537,0.015132492,-0.8620921,-0.12583688,-0.6110135,-0.83672875,-0.18432847,0.0015754364,-0.9922629,-0.08753115,0.90429825,-0.38779828,-0.09947894,-0.152453,0.17737524,-0.010543816,0.44384894,0.027991883,-0.3122602,0.6585623,-0.34427828,1.034002,0.31667587,0.33428428,0.104723826,-0.83328974,0.22985789,0.2437112,0.23324011,-1.5331594,-0.2115149,0.52950066,-0.2133522,0.83183056,0.052626774,-0.41825667,-0.37400642,0.5081048,0.30287635,-0.0057959324,0.16951248,0.6484614,0.10553078,-0.21961479,0.004049178,0.32845426,0.7192646,-0.40276003,-0.34777334,0.67377776,-0.44519636,Global
-0.1253462,-0.06705615,0.620676,0.10278614,0.28535613,-0.94438034,-0.022245817,-0.881044,-0.13981964,-0.6500945,-0.8822151,-0.22350001,0.02100559,-0.99261713,-0.098635934,0.95923525,-0.43027833,-0.16630366,-0.18341619,0.17600656,-0.06515819,0.42405784,0.023076853,-0.32434928,0.6460817,-0.37598687,1.0586846,0.22272933,0.32183415,0.059535976,-0.8631991,0.23785475,0.1847614,0.22197826,-1.5604131,-0.2506245,0.53381616,-0.15140568,0.8631562,0.08841046,-0.43832648,-0.37013122,0.49640995,0.30943254,-0.031390905,0.17999949,0.6638749,0.12427156,-0.27346835,0.010587297,0.3424207,0.8246149,-0.3319815,-0.40916222,0.7118793,-0.3969305,Global
-0.10850078,-0.0055304472,0.5612188,0.07455684,0.23376995,-0.86274123,0.060849518,-0.7030562,-0.09552627,-0.4859222,-0.716989,-0.16901444,-0.04141881,-0.8511692,-0.03354352,0.80149305,-0.34639934,-0.088149056,-0.17350565,0.18166664,-0.031903915,0.4172787,0.03417487,-0.22391154,0.55347615,-0.24727786,0.91955596,0.2548274,0.3042564,0.054939203,-0.7047694,0.17346728,0.2052901,0.21871564,-1.3200508,-0.18803526,0.46135992,-0.19249615,0.72806805,0.0030296082,-0.36163577,-0.2906017,0.4393499,0.25751135,-0.048101816,0.16120481,0.5918353,0.07673694,-0.22505933,-0.04307459,0.29314515,0.67735064,-0.3945506,-0.32241794,0.5513645,-0.38062963,Global
-0.09085042,-0.014575846,0.6202338,0.042191703,0.2584909,-1.0376766,0.08127011,-0.80736804,-0.044610016,-0.50405526,-0.8575143,-0.18456298,-0.023149617,-1.007651,0.006608203,0.95494074,-0.38393208,-0.13815567,-0.28560737,0.22909187,-0.025555708,0.45779,0.03720862,-0.23504877,0.7209514,-0.3261682,1.0902374,0.3440226,0.4176443,0.061826553,-0.81796163,0.18234846,0.26347107,0.24945815,-1.5771824,-0.21416828,0.51709974,-0.24068066,0.83738536,-0.055579375,-0.4141806,-0.33530524,0.50192356,0.29020348,-0.07521391,0.21589081,0.70200783,0.08293102,-0.27609754,-0.10498634,0.37457886,0.7482192,-0.514916,-0.40096352,0.62651944,-0.36267892,Global
-0.12344079,-0.08396045,0.62918913,0.11314699,0.28996366,-0.96251297,-0.0030243422,-0.9822197,-0.18063472,-0.67121416,-0.9685484,-0.2343089,0.013773276,-1.0473956,-0.09256129,1.0579528,-0.44290206,-0.1647304,-0.2114036,0.16933206,-0.047897134,0.4478215,0.022290269,-0.35848305,0.7009461,-0.4376955,1.1364915,0.26682374,0.34124663,0.05825525,-0.9697296,0.25776157,0.21428542,0.20881939,-1.6996487,-0.27660325,0.5845581,-0.16620709,0.9206755,0.06491076,-0.46439078,-0.39990312,0.52649033,0.3408802,-0.03348217,0.21207441,0.71409804,0.14498426,-0.29968905,0.01948408,0.36907807,0.8816352,-0.32349354,-0.41737792,0.74686056,-0.3997282,Global
-0.09829562,-0.02097645,0.6269962,0.10276925,0.23053865,-0.981825,0.17805542,-0.74760765,-0.089253195,-0.4382319,-0.68756324,-0.1986856,-0.098361835,-0.88353306,0.021496397,0.8854233,-0.3549482,-0.04136709,-0.21689504,0.20892882,-0.024253177,0.4863309,0.067812465,-0.2209529,0.670008,-0.20956306,1.0326289,0.3359005,0.39073884,0.020007826,-0.73964155,0.14184758,0.29630518,0.253415,-1.4625131,-0.19566794,0.5245896,-0.22574805,0.83345425,-0.11950694,-0.38406786,-0.29092458,0.48677373,0.31564894,-0.103164345,0.20309594,0.6361206,0.07441847,-0.22210096,-0.030437184,0.34547853,0.7323739,-0.54270744,-0.3515656,0.54282475,-0.46954218,Global
-0.10969382,-0.026759038,0.6461917,0.10684512,0.22259407,-0.9697247,0.0895305,-0.7107264,-0.1039417,-0.5156883,-0.74632376,-0.19900902,-0.06353223,-0.86967856,-0.015742173,0.8745646,-0.40729046,-0.13138609,-0.22643153,0.21482868,-0.08560926,0.46559012,0.020966947,-0.225769,0.5968579,-0.18225203,0.9846942,0.17931224,0.33503973,-0.018736443,-0.7044807,0.15884726,0.1740486,0.22705476,-1.387025,-0.21761915,0.50032145,-0.15361851,0.8269536,0.0018676493,-0.39180282,-0.28935474,0.4597229,0.29527578,-0.13688694,0.17947985,0.59673107,0.07064859,-0.26892793,-0.05904319,0.34138352,0.81208074,-0.40600663,-0.3893594,0.5538602,-0.43063903,Global
-0.10997697,-0.035507675,0.49081153,0.13420573,0.1347523,-0.7157213,0.19681016,-0.6179692,-0.11416036,-0.33638865,-0.63083655,-0.09563297,-0.09786785,-0.6654062,0.019630235,0.74695075,-0.28340015,0.0050763935,-0.15446864,0.15436912,0.007227401,0.44359586,0.014925753,-0.15856658,0.50338167,-0.14176066,0.8162961,0.272123,0.26096714,0.0015155326,-0.5720478,0.12832555,0.23976378,0.15965691,-1.1708318,-0.16195482,0.4475631,-0.18417056,0.67172414,-0.0980212,-0.28927523,-0.22771385,0.38567418,0.2978289,-0.08934488,0.15412103,0.48376194,0.04569458,-0.17499393,-0.061083976,0.32456654,0.61462325,-0.35363588,-0.21061972,0.35165757,-0.39738995,Megapolitan
-0.110807896,-0.09939284,0.5116981,0.15415637,0.22257225,-0.76623684,0.08819466,-0.5745562,-0.13890335,-0.42812523,-0.58980244,-0.10476234,-0.0071947193,-0.68493664,-0.024775928,0.72433466,-0.31967965,-0.03469476,-0.08072382,0.17533398,0.020658713,0.49817443,0.015493854,-0.12642837,0.519766,-0.08819015,0.7377004,0.35999086,0.2238103,0.020771664,-0.6122467,0.09224866,0.15675771,0.18700056,-1.1255643,-0.11801998,0.4799884,-0.23402599,0.6796667,-0.037414253,-0.36818707,-0.30068555,0.42654714,0.29730186,-0.12269971,0.1710089,0.4328137,0.14735709,-0.22530386,0.01063722,0.24163663,0.53147346,-0.33238086,-0.21334857,0.44202402,-0.41126725,Megapolitan
-0.09822207,-0.05840733,0.574781,0.10636035,0.16118492,-0.81753004,0.089720905,-0.62347305,-0.14871716,-0.47368434,-0.6817491,-0.15971416,-0.050005473,-0.69701815,-0.034906637,0.8113511,-0.37174454,-0.13506486,-0.16763227,0.20166466,-0.07369797,0.45578042,0.018353185,-0.15138583,0.48186648,-0.11871299,0.84726846,0.14775564,0.22198993,-0.073663525,-0.621259,0.12454422,0.11035732,0.15750717,-1.1806256,-0.20037647,0.48164377,-0.1117238,0.71721613,-0.009177359,-0.34690166,-0.25211054,0.36680055,0.281305,-0.15892622,0.15643542,0.4919924,0.08753226,-0.27684563,-0.054838322,0.31028157,0.73063684,-0.26788506,-0.31637284,0.46622548,-0.3722506,Otomotif
-0.07769344,0.0143583575,0.6441971,0.07155701,0.16815269,-1.1456773,0.3937584,-0.721874,0.05484633,-0.23733714,-0.83680767,-0.10063488,-0.1675984,-0.93637276,0.18240182,1.0058255,-0.3149381,-0.010738586,-0.4145866,0.29383332,0.04944151,0.59660625,0.040533297,-0.0876155,0.8324956,-0.20013432,1.1617682,0.529455,0.5422303,0.007556384,-0.69214594,0.08099866,0.39092493,0.24227263,-1.6470054,-0.16177395,0.5441573,-0.3453482,0.86021024,-0.339727,-0.35439077,-0.2573382,0.5315763,0.37559414,-0.1858361,0.26033568,0.71665025,-0.004119055,-0.26206744,-0.261306,0.521238,0.70404863,-0.7539823,-0.34858605,0.41743287,-0.40252262,Regional
-0.16476703,-0.060850315,0.5863967,0.20999245,0.19152762,-0.84908855,0.31286502,-0.850038,-0.17557839,-0.40993607,-0.78638065,-0.08621786,-0.15066756,-0.8779854,0.001973937,0.92292434,-0.31707442,0.11544045,-0.11550016,0.15309891,0.0965892,0.61274195,0.027441667,-0.20812325,0.65659165,-0.20385973,0.99808633,0.51887906,0.31479177,0.106012434,-0.7719089,0.18368217,0.408276,0.21214451,-1.5481837,-0.17205244,0.601417,-0.33515894,0.8449377,-0.17368771,-0.36587274,-0.331728,0.55636233,0.41888756,-0.037836075,0.19830652,0.6161489,0.06990626,-0.15663365,-0.023958128,0.40396175,0.67792046,-0.49470297,-0.17226765,0.4451783,-0.54954517,Regional
-0.06543916,0.00778656,0.6206509,0.089054264,0.17582972,-0.92127585,0.15668768,-0.6886059,-0.09742249,-0.43442473,-0.72363245,-0.15783244,-0.0822482,-0.7809389,0.027927332,0.9055696,-0.3687317,-0.11137296,-0.24784705,0.22821423,-0.07945096,0.4510297,0.025857031,-0.18478167,0.5869536,-0.20565565,1.0110779,0.19939528,0.33379352,-0.023876922,-0.6491757,0.14147559,0.20038134,0.21574938,-1.3430938,-0.22528273,0.46778557,-0.1590381,0.7745526,-0.07189504,-0.34894288,-0.25570643,0.42998195,0.2810515,-0.12880822,0.17295599,0.62236786,0.068552904,-0.2508667,-0.11244643,0.3835141,0.79633564,-0.42452082,-0.36053646,0.48236856,-0.37238997,Regional
-0.08668903,0.060423665,0.80856,0.035098016,0.22355057,-0.9766129,-0.017143749,-0.70278907,-0.09868953,-0.66885304,-0.60765046,-0.33542347,-0.06297355,-0.8342743,-0.1458193,0.86269605,-0.50146216,-0.30163348,-0.17603199,0.2439802,-0.39731446,0.2803775,0.074038684,-0.3346782,0.4716152,-0.19480963,1.1542948,-0.2975337,0.34000897,-0.17293562,-0.6105558,0.20486143,0.06679227,0.2502943,-1.2769256,-0.30163655,0.4097399,0.07149628,0.84963447,0.13538261,-0.3361115,-0.18001583,0.35362852,0.18301962,-0.09845846,0.0692559,0.65798277,-0.065245785,-0.2779395,-0.049272493,0.3960842,1.1103182,-0.324414,-0.56985956,0.7049202,-0.4796415,Regional
-0.13397458,-0.035201926,0.5648232,0.1835407,0.099805176,-0.9234875,0.36856863,-0.71368605,-0.08224244,-0.27981946,-0.8976695,-0.019001959,-0.19360662,-0.82383305,0.13263573,0.9479287,-0.3131776,0.042651113,-0.28564578,0.24296832,0.097063266,0.6445985,-0.016063401,-0.08022282,0.64357567,-0.13738815,0.971398,0.44763258,0.33878347,0.004945932,-0.6541008,0.1079699,0.33013374,0.16118543,-1.4621373,-0.17197405,0.5479103,-0.3250523,0.78059393,-0.24077284,-0.34417897,-0.25557315,0.4768163,0.39446944,-0.18361624,0.23441507,0.6044821,0.04489926,-0.24163671,-0.23313865,0.47734594,0.71668464,-0.49976048,-0.20702127,0.27563286,-0.41429418,Megapolitan
-0.081206314,-0.03429588,0.5802263,0.07710136,0.1964761,-0.95991385,0.18081738,-0.60816234,-0.04206968,-0.38908774,-0.69188493,-0.12148629,-0.06809692,-0.7855825,0.042836655,0.82286626,-0.33750892,-0.09367036,-0.23200613,0.25023174,-0.015458746,0.4984182,0.029696457,-0.11032109,0.599,-0.119860746,0.9262093,0.3076523,0.34957466,-0.009157295,-0.5791792,0.10072395,0.20822887,0.22871059,-1.284606,-0.1584008,0.47357753,-0.22030531,0.7303768,-0.10452541,-0.36570844,-0.26508716,0.43582582,0.29109898,-0.16845599,0.17912965,0.5562856,0.06379815,-0.2537001,-0.110992864,0.36032832,0.6517624,-0.49230883,-0.3272163,0.45991993,-0.40571734,Regional
-0.10734607,-0.11699891,0.5724323,0.18771495,0.18661067,-0.8809123,0.18133242,-0.69840264,-0.16634174,-0.46293443,-0.72208345,-0.11004626,-0.057538506,-0.83056587,-0.032238677,0.8452132,-0.39472508,-0.050235853,-0.14337222,0.21619393,0.033829197,0.6075772,0.0040482488,-0.16273788,0.61155987,-0.08953803,0.8607174,0.41286492,0.25332937,0.020083487,-0.75223225,0.088064045,0.20884748,0.19550572,-1.3635715,-0.14694233,0.5796649,-0.28490886,0.8059479,-0.07947746,-0.39584363,-0.34335533,0.4944394,0.3370923,-0.18905458,0.20938718,0.48988023,0.12656446,-0.28155458,-0.028162144,0.35362133,0.6831393,-0.40064588,-0.25135708,0.4950439,-0.46500304,Regional
-0.13236211,-0.074794374,0.62931395,0.18973708,0.11361432,-1.0458589,0.33669215,-0.7940003,-0.13187405,-0.36614513,-1.0091932,-0.04290857,-0.14374785,-0.9447403,0.119862966,1.0940809,-0.38788572,-0.002027326,-0.33083087,0.2561162,0.099855766,0.73973656,0.015612744,-0.04799187,0.71466684,-0.136244,1.010059,0.5321523,0.31033292,-0.011447054,-0.8069352,0.11423203,0.30912188,0.18457617,-1.6155853,-0.2195825,0.6382781,-0.38544613,0.87900394,-0.20903073,-0.4280496,-0.31624132,0.541267,0.43115923,-0.20931558,0.2873171,0.67513025,0.12231856,-0.3330705,-0.22260958,0.476768,0.8007617,-0.5023104,-0.24186566,0.35052776,-0.41680995,Megapolitan
-0.17309418,-0.029588463,0.6351595,0.21635,0.1494898,-0.9387963,0.3702861,-0.8561706,-0.13590646,-0.37763223,-1.004903,-0.03323437,-0.19423169,-0.8869936,0.11672554,1.0662217,-0.3314896,0.07137605,-0.2526857,0.21544395,0.10073428,0.6837211,-0.022352235,-0.14830273,0.6872076,-0.22068317,1.0973319,0.46761551,0.35125104,0.051874086,-0.71591216,0.1891415,0.38735428,0.16310063,-1.6445925,-0.18438825,0.6062117,-0.33752796,0.8784463,-0.22150853,-0.36722997,-0.29964557,0.5438557,0.44153407,-0.11583205,0.24246961,0.6885147,0.060321566,-0.20895548,-0.21688527,0.4976189,0.80253345,-0.49498504,-0.20646426,0.32147744,-0.48207173,Nasional
-0.13379313,-0.07156725,0.5902355,0.13885504,0.13219368,-0.97199523,0.28760853,-0.7209129,-0.11035495,-0.3963634,-0.9093724,-0.048194963,-0.11534584,-0.8295829,0.061802495,1.0019577,-0.34818244,-0.05023147,-0.25898224,0.25136414,0.04165655,0.61232114,0.0036212492,-0.06553701,0.58864933,-0.14517787,0.994728,0.35682145,0.29720438,-0.037377935,-0.6181092,0.12910293,0.25516972,0.1755541,-1.431898,-0.2107956,0.5485716,-0.2696788,0.7973173,-0.15713002,-0.3803307,-0.305239,0.47186497,0.40452677,-0.16957666,0.21453942,0.5999234,0.0734287,-0.27649003,-0.18908484,0.45496365,0.7432126,-0.41423184,-0.2701351,0.37083063,-0.41622922,Regional
-0.15863885,-0.04747252,0.62216055,0.14860912,0.16156359,-0.99311936,0.30987135,-0.7493213,-0.08232443,-0.40416136,-0.97906995,-0.045159213,-0.15359662,-0.87555,0.07584737,1.005289,-0.33747327,-0.019214813,-0.26755774,0.25144038,0.06592676,0.6468476,-0.02051228,-0.09294609,0.61405003,-0.18731575,1.0366231,0.38711217,0.33975765,0.0020939817,-0.6321899,0.15267035,0.3147816,0.1593668,-1.5136856,-0.19121084,0.5756186,-0.28998563,0.8279188,-0.17521884,-0.371028,-0.30756012,0.49334285,0.4143401,-0.15313137,0.22287712,0.63310766,0.05729561,-0.24292083,-0.22722922,0.46556032,0.7496796,-0.45347732,-0.26497385,0.3613187,-0.44372818,Megapolitan
-0.23327188,-0.082138866,0.54786044,0.3149974,0.19605339,-0.6304,0.21369231,-0.8951265,-0.31863454,-0.5008641,-0.7556195,-0.07129444,-0.131312,-0.7812509,-0.06200595,0.8653861,-0.30177632,0.19738509,0.031193918,0.06737683,0.10702848,0.5823421,0.016451934,-0.298264,0.5351764,-0.21965775,0.87509435,0.45617515,0.16462004,0.1236168,-0.77193964,0.25653842,0.383504,0.17900181,-1.4224099,-0.19690607,0.5809232,-0.29170063,0.8144366,-0.044498432,-0.3557857,-0.33809355,0.53113854,0.4216373,0.056493822,0.15692686,0.5443953,0.12432089,-0.090688065,0.08949272,0.3118816,0.6610265,-0.28880373,-0.07587788,0.39975604,-0.60970384,Nasional
-0.100658834,-0.15596823,0.5183831,0.15909514,0.1113289,-0.71239704,0.12301877,-0.66033316,-0.20835203,-0.43278846,-0.9199173,-0.11628704,-0.01611861,-0.62942916,0.002053241,0.9420883,-0.39381376,-0.20179172,-0.25369775,0.15952052,-0.052676126,0.5325912,-0.082361765,-0.10975254,0.42628774,-0.18857457,0.7519839,0.111942686,0.12888904,-0.13263564,-0.70552075,0.099250115,0.03542107,-0.01043629,-1.23962,-0.20515183,0.5692665,-0.10586378,0.7290923,-0.044683423,-0.36519057,-0.2866068,0.35378897,0.3683578,-0.25632635,0.25767747,0.4416714,0.17505673,-0.3920086,-0.10419814,0.3353428,0.84096277,-0.005945889,-0.30315855,0.35774928,-0.16603158,Money
-0.09238727,-0.035671808,0.46944922,0.119036116,0.17020097,-0.6336001,0.011509239,-0.52316177,-0.14882252,-0.45096913,-0.5974227,-0.1033744,-0.009270128,-0.58576673,-0.05382492,0.65355754,-0.3172407,-0.106846474,-0.097635485,0.14868742,-0.060916115,0.37523347,-0.014084391,-0.16030958,0.35682893,-0.1338473,0.664568,0.10375319,0.13875726,0.0024590928,-0.48488832,0.14247002,0.062333275,0.13143785,-0.94815785,-0.15072764,0.3647549,-0.11970976,0.5772754,0.079168566,-0.29776922,-0.23394105,0.3430563,0.21660447,-0.07854362,0.113124266,0.41814092,0.10280815,-0.19745505,-0.038831282,0.22413847,0.5981446,-0.16883528,-0.23885058,0.38003686,-0.30245325,Nasional
-0.063323915,-0.0018775566,0.47888932,0.10028885,0.16868855,-0.6434976,-0.037260503,-0.51463366,-0.14538223,-0.4749109,-0.55462146,-0.1362326,-0.008404138,-0.5723571,-0.063568525,0.6464871,-0.33301586,-0.1373218,-0.104727775,0.14081118,-0.102792315,0.30933946,0.0014895337,-0.195731,0.3361095,-0.16373913,0.6932326,0.024259351,0.15132724,-0.013037811,-0.46808344,0.15598746,0.034796983,0.16571644,-0.9088866,-0.18863407,0.31622264,-0.064721495,0.5743509,0.13906212,-0.29866,-0.21126895,0.32931685,0.17836837,-0.06284777,0.09064549,0.44372725,0.102135085,-0.19309549,-0.03034279,0.2231277,0.6483862,-0.16717558,-0.291365,0.4302812,-0.29369676,Nasional
-0.12007976,-0.05535512,0.568139,0.15190484,0.2015506,-0.76942945,0.04646137,-0.6440767,-0.1850292,-0.5318266,-0.71670365,-0.11625459,-0.039120745,-0.7188491,-0.06351021,0.79309124,-0.37943712,-0.10537047,-0.11327906,0.15980366,-0.0460116,0.47179687,-0.01174356,-0.19211929,0.4342358,-0.15416966,0.80421793,0.16200285,0.1630082,0.013099095,-0.60806036,0.16846226,0.095606826,0.16010968,-1.171728,-0.17677325,0.4641431,-0.15737566,0.7164288,0.093071826,-0.36804447,-0.2877126,0.4290045,0.27259135,-0.08765358,0.14073008,0.5044438,0.11564026,-0.23430282,-0.04628805,0.28367543,0.72147727,-0.22730224,-0.27142432,0.45557418,-0.3921235,Nasional
-0.08651551,-0.033042066,0.5614428,0.09518136,0.20308192,-0.8747302,0.10528199,-0.60157496,-0.09696868,-0.42687058,-0.63883114,-0.1233674,-0.036904767,-0.7378764,-5.4305947e-05,0.781427,-0.34544605,-0.07603954,-0.19068617,0.21388648,-0.02601442,0.47124118,0.030248543,-0.14812483,0.55756474,-0.13787319,0.8495687,0.2956628,0.27273768,0.008004027,-0.6182359,0.11089337,0.1664031,0.20377356,-1.2121619,-0.15857139,0.46223325,-0.2068779,0.7011478,-0.03391045,-0.36118048,-0.26729646,0.42667955,0.2489815,-0.1250829,0.17663716,0.5305048,0.10208358,-0.24167636,-0.06976574,0.29612187,0.63956255,-0.40910283,-0.29206422,0.4645656,-0.3774747,Nasional
-0.13839412,-0.12111008,0.53720415,0.21594515,0.158402,-0.710676,0.1405002,-0.7274325,-0.2535703,-0.4865443,-0.86286926,-0.06816787,-0.05834322,-0.69954467,-0.026041077,0.90882534,-0.36362484,-0.059197847,-0.13081634,0.13571471,0.03229321,0.5821239,-0.04849382,-0.16719688,0.4586377,-0.17041536,0.78841,0.26321828,0.11966941,-0.008854783,-0.70791984,0.15838556,0.14554548,0.07779885,-1.2836158,-0.1869103,0.5671511,-0.20031957,0.75709534,0.0018113661,-0.38677683,-0.31481722,0.44527197,0.36420184,-0.13768771,0.21283598,0.49217042,0.17148682,-0.27447957,-0.052965157,0.3156365,0.75112605,-0.13157097,-0.19746932,0.3778116,-0.361627,Nasional
-0.07329095,-0.019345026,0.5012303,0.062092613,0.14834726,-0.72622734,0.05618016,-0.5052621,-0.081983246,-0.40723312,-0.61678654,-0.1330132,-0.042554345,-0.6174731,-0.013817848,0.6851416,-0.3274685,-0.14861487,-0.18318687,0.17930308,-0.08548957,0.36531562,-5.070459e-06,-0.1248943,0.39538962,-0.13213225,0.73503774,0.07874217,0.20875683,-0.042415302,-0.49404117,0.11180153,0.07211836,0.14433679,-1.0055876,-0.16427517,0.3752859,-0.09058616,0.60253006,0.026331212,-0.2930389,-0.20454481,0.323879,0.21308352,-0.1292562,0.1303612,0.44695637,0.060414363,-0.24327318,-0.09799205,0.27578756,0.65507424,-0.24319074,-0.30324003,0.40052736,-0.27167815,Nasional
-0.07303019,-0.019382788,0.44478285,0.07412772,0.12854691,-0.6575321,0.097690746,-0.45553875,-0.06994339,-0.3316038,-0.59189165,-0.087090105,-0.05104103,-0.5574097,0.007877579,0.6351318,-0.27132758,-0.09730733,-0.17055683,0.16176145,-0.036092784,0.38365516,-0.004417534,-0.08862215,0.36614433,-0.113748714,0.63576484,0.13797817,0.18396036,-0.027379524,-0.44219738,0.09588209,0.10172301,0.11578233,-0.91925603,-0.1355179,0.35547826,-0.13638337,0.537451,-0.02204947,-0.26438072,-0.18446328,0.3070929,0.21190946,-0.114807166,0.13390936,0.41553718,0.07124987,-0.2090609,-0.117624834,0.24274535,0.554779,-0.23248579,-0.24050774,0.30434722,-0.23829365,Nasional
-0.09440044,-0.054677147,0.53110254,0.12904438,0.17118177,-0.7205006,0.03643901,-0.59064114,-0.16399495,-0.488099,-0.6743224,-0.12572087,-0.02798092,-0.64997536,-0.05256334,0.7539746,-0.36360914,-0.136499,-0.13469322,0.16020644,-0.06436923,0.42918307,-0.012602518,-0.17997363,0.40564603,-0.13557553,0.7514815,0.105437435,0.15764442,-0.026819618,-0.57525885,0.14197564,0.06552438,0.13831185,-1.0814713,-0.18036927,0.43694034,-0.10440335,0.66832066,0.07598159,-0.34238243,-0.25215667,0.36731324,0.25052628,-0.124409206,0.13996817,0.4575944,0.110309966,-0.252276,-0.04490115,0.2705134,0.70863396,-0.18863954,-0.28505468,0.43427366,-0.3323664,Nasional
-0.13752948,-0.08338143,0.533872,0.21211489,0.17612416,-0.7227545,0.11627031,-0.7167046,-0.2416014,-0.5065737,-0.80723596,-0.053831216,-0.061604496,-0.7108343,-0.038670443,0.86411154,-0.34951922,-0.03775243,-0.10324113,0.14810504,0.04247728,0.5647638,-0.02952444,-0.18447356,0.4554064,-0.17152855,0.79855067,0.28335422,0.13236694,0.03264991,-0.64764446,0.18683316,0.17536604,0.13556531,-1.2405564,-0.18036062,0.52844095,-0.22886802,0.73074603,0.0309544,-0.3788827,-0.31374022,0.44726858,0.33496577,-0.08998182,0.17032051,0.510361,0.15960003,-0.21605986,-0.061951447,0.30457017,0.7003316,-0.20485565,-0.1887675,0.38688713,-0.40900925,Nasional
-0.1381128,-0.068667315,0.57455176,0.22154658,0.27059934,-0.7823648,0.005126422,-0.74633855,-0.25942913,-0.5564599,-0.5053948,-0.18926619,-0.013363941,-0.7917749,-0.090765655,0.74708414,-0.37266535,0.038925894,0.014504782,0.13573882,-0.011234953,0.4685291,0.077166066,-0.31386632,0.5836479,-0.15187049,0.84099597,0.37331307,0.22236761,0.046620175,-0.7829148,0.17669784,0.21608035,0.2737377,-1.2423841,-0.19556914,0.4845591,-0.2140018,0.76854074,0.05506937,-0.4043248,-0.33682805,0.4877753,0.28815386,-0.025008636,0.14816345,0.5037467,0.17352264,-0.17864057,0.17479578,0.21587646,0.6113868,-0.374672,-0.2461235,0.59932125,-0.5680356,Nasional
-0.043249995,0.021217013,0.43978924,0.036321856,0.09395787,-0.7213043,0.16110922,-0.4622438,-0.024131505,-0.26066092,-0.67677486,-0.05303831,-0.07693545,-0.59446925,0.09458342,0.7079662,-0.25917822,-0.10019487,-0.27198288,0.21106078,-0.007440272,0.39429355,-0.018274175,-0.05270981,0.44022006,-0.15055959,0.72521156,0.20545617,0.26263654,-0.01368782,-0.44361988,0.090715736,0.14079362,0.11760762,-1.0011597,-0.13429189,0.35196325,-0.18438888,0.53577507,-0.10827585,-0.25575516,-0.18364501,0.32086042,0.22181569,-0.13443458,0.17615654,0.4777913,0.051264968,-0.22422013,-0.21420687,0.30161506,0.56567115,-0.3087917,-0.24562994,0.26486963,-0.17668658,Nasional
-0.20101279,-0.029720388,0.59692377,0.19912125,0.15077972,-0.7079909,0.23614943,-0.7975805,-0.19968802,-0.49219343,-0.7760828,-0.10612141,-0.17178106,-0.74510336,-0.058144487,0.86612886,-0.32368705,0.045595944,-0.08488769,0.12229078,-0.009959856,0.50590086,0.021323675,-0.23436098,0.46556213,-0.18627433,0.94376504,0.19685064,0.2250835,0.018934097,-0.62674785,0.23211518,0.29852128,0.15319163,-1.3419919,-0.22399063,0.5400797,-0.1516537,0.79603815,-0.046774555,-0.31114465,-0.2506223,0.42146617,0.3678026,-0.01980435,0.12555388,0.55395335,0.022972006,-0.13484143,-0.04889405,0.38508064,0.795821,-0.29585716,-0.19134894,0.37344095,-0.5460266,Megapolitan
-0.14649202,-0.05386943,0.5001375,0.18967395,0.13956387,-0.6315599,0.11857069,-0.6606378,-0.19286604,-0.4540393,-0.705863,-0.08855011,-0.089660615,-0.6376311,-0.03810037,0.75434285,-0.31625333,-0.009911781,-0.09281052,0.120070726,-0.0052399603,0.46082002,-0.022407863,-0.20369093,0.4192697,-0.17008619,0.76527363,0.17075726,0.16901982,0.0105415825,-0.5786762,0.18493025,0.18417762,0.12846501,-1.1409159,-0.18689157,0.46664718,-0.14125104,0.6883246,0.015935857,-0.30410483,-0.24512614,0.37684953,0.3017148,-0.06664809,0.13172226,0.45713124,0.08924426,-0.17405915,-0.038577925,0.2977616,0.6937579,-0.18833497,-0.1924947,0.35382304,-0.4033076,Nasional
-0.21995074,-0.07993389,0.5559202,0.29170465,0.10384026,-0.69591385,0.29424554,-0.9565061,-0.3111954,-0.4992939,-0.8091115,-0.040955488,-0.15826817,-0.82508427,-0.06344103,0.997562,-0.32936397,0.16710205,-0.052343544,0.09683908,0.067011915,0.5655815,0.060688246,-0.29169637,0.55811703,-0.20437087,1.0025573,0.3676299,0.18854259,0.020597456,-0.7545154,0.2667654,0.40767732,0.18060568,-1.4982585,-0.28590173,0.5760282,-0.25087944,0.86383444,-0.05203338,-0.34511352,-0.30688483,0.49965358,0.44521758,0.04318326,0.15478794,0.6018803,0.05228204,-0.113105655,0.017493686,0.46454853,0.77429026,-0.30860236,-0.11484114,0.38592842,-0.62696165,Nasional
-0.23620704,-0.09225314,0.58235407,0.2977716,0.12759542,-0.7349458,0.33503672,-0.94757473,-0.2913418,-0.47388777,-0.96117115,-0.017511392,-0.19112666,-0.81900483,-0.01076791,1.0405686,-0.32172218,0.14927772,-0.09649869,0.115410246,0.11590453,0.6711237,-0.009361674,-0.22633865,0.56668586,-0.23592702,1.0071713,0.42440543,0.19654024,0.059580274,-0.74085563,0.25932652,0.4120018,0.13012828,-1.5656736,-0.23807608,0.63803065,-0.28644237,0.87323374,-0.11769238,-0.36572573,-0.32924682,0.52041477,0.48358324,-0.014380398,0.1862665,0.61545473,0.09663927,-0.14269333,-0.070694275,0.4482305,0.7856628,-0.29683286,-0.096654095,0.31848004,-0.5852331,Nasional
-0.091704525,-0.07908375,0.40955615,0.17265432,0.16743435,-0.5866809,0.1033877,-0.62805194,-0.19499263,-0.37660667,-0.40520898,-0.13024926,-0.054478817,-0.6358513,-0.05946112,0.6037122,-0.26834443,0.05988014,-0.027868208,0.0886877,0.027262269,0.37858453,0.06966568,-0.23663783,0.4905689,-0.1184124,0.67571753,0.32547408,0.2024171,0.038270213,-0.63284355,0.11527091,0.2447226,0.1976744,-1.064745,-0.15490344,0.4254701,-0.17840032,0.6233526,-0.023876417,-0.29383525,-0.24630824,0.3753548,0.2506269,-0.027582822,0.12017295,0.39025888,0.09440857,-0.114204325,0.14321718,0.23886219,0.48581076,-0.343469,-0.16647616,0.43635193,-0.47052792,Regional
-0.18028736,-0.10595514,0.60359687,0.36283055,0.1283946,-1.1412591,0.18968225,-0.6779576,-0.222651,-0.43592718,-1.0038232,0.043236483,-0.10648797,-1.0649724,0.16689853,0.93647814,-0.5062289,0.07731009,-0.23605749,0.40565524,0.20848413,0.9270916,0.030691639,0.008824716,0.7531757,0.14489366,0.7927633,0.72910786,0.23499127,-0.022231627,-0.9122111,0.082717344,0.17507534,0.33104748,-1.4795047,-0.18613006,0.5855042,-0.55082726,0.84847224,-0.09708158,-0.47461188,-0.40870166,0.5715294,0.41014144,-0.38828105,0.34455395,0.5212781,0.24894662,-0.43646646,-0.19010761,0.4076265,0.7368586,-0.5554086,-0.17055178,0.375761,-0.5485775,Megapolitan
-0.11627859,-0.110425,0.6042691,0.12506081,0.1736033,-0.85954976,0.077525295,-0.6426658,-0.1770466,-0.48424062,-0.8428488,-0.14933804,-0.031163389,-0.7151032,-0.023511395,0.89877254,-0.41787216,-0.19812289,-0.21904884,0.205604,-0.0580706,0.5465862,-0.040479187,-0.12584396,0.45839348,-0.14524063,0.82220674,0.1402428,0.16664,-0.09366572,-0.6942246,0.09955,0.061261613,0.09561375,-1.2562836,-0.19786562,0.56253034,-0.117306136,0.7544703,-0.0016744254,-0.39232478,-0.29268596,0.38909325,0.32810834,-0.22876304,0.20996778,0.48749897,0.15577188,-0.36652508,-0.09804279,0.3024407,0.8189858,-0.15999208,-0.34445623,0.46056524,-0.28925577,Regional
-0.1514721,-0.10147377,0.5979517,0.23232545,0.28850448,-0.81916213,0.06996979,-0.7921827,-0.27970144,-0.5949422,-0.62668866,-0.1615679,-0.02772926,-0.84152263,-0.10479963,0.8107346,-0.39768854,0.03905735,0.008558425,0.13639726,0.030880336,0.53541374,0.047530923,-0.29112694,0.59926623,-0.16202733,0.8651069,0.41874048,0.19234142,0.11081008,-0.83715844,0.18169944,0.23253961,0.24213743,-1.3711894,-0.17062333,0.57041913,-0.2686634,0.81180733,0.05754087,-0.43127665,-0.37554803,0.54953295,0.32648832,-0.027868379,0.16677582,0.54374063,0.16941065,-0.18003832,0.14652814,0.2453893,0.6500617,-0.36809558,-0.21443664,0.59167445,-0.58503515,Regional
-0.19250631,-0.15716115,0.5965525,0.4355956,0.17337376,-1.1429505,0.22996704,-0.78425026,-0.3037545,-0.48620257,-1.0803641,0.09987982,-0.111845,-1.1448411,0.15011905,1.0071841,-0.50668603,0.15890281,-0.18071392,0.37430274,0.30327567,1.0400995,0.0058568083,-0.022632508,0.8262491,0.11832889,0.7860737,0.91948634,0.20238253,0.08343999,-1.0282636,0.09754295,0.24252363,0.32655188,-1.6310883,-0.15163101,0.6807855,-0.6851765,0.9155689,-0.08538819,-0.54054743,-0.48756582,0.6849817,0.4532616,-0.34088057,0.36992905,0.57417893,0.30393606,-0.4013815,-0.13896023,0.39961264,0.6900684,-0.5683689,-0.083794795,0.3829576,-0.63077915,Regional
-0.11168561,-0.027062738,0.5859559,0.10572855,0.16891818,-0.97795904,0.28686965,-0.7045473,-0.05140121,-0.33575988,-0.8684118,-0.07871597,-0.13824283,-0.8382996,0.10486634,0.93977046,-0.313893,-0.025526507,-0.2879189,0.2448586,0.05677464,0.58384115,-0.006166274,-0.101791464,0.64922786,-0.19947697,1.0114014,0.4098413,0.3885703,0.0115354555,-0.64189345,0.12186464,0.3154628,0.17440255,-1.4553193,-0.1725296,0.53820026,-0.27993506,0.77591336,-0.21673597,-0.35771406,-0.2836793,0.47324315,0.3652059,-0.15006387,0.23411886,0.62843674,0.057956696,-0.23588236,-0.19712923,0.41209894,0.6911872,-0.5100338,-0.27450222,0.37719023,-0.39584073,Regional
-0.08016379,-0.09075555,0.59624344,0.09291971,0.22138211,-1.0840967,0.20431599,-0.6092215,-0.016585575,-0.38179815,-0.7751159,-0.08379955,-0.059390858,-0.8942091,0.09658282,0.8878044,-0.3556162,-0.08788332,-0.29352918,0.25122842,0.058548577,0.657498,0.052071776,-0.038806047,0.72525805,-0.08235693,0.8501894,0.5109921,0.39233792,0.010031216,-0.69784504,0.051213406,0.24826705,0.24719338,-1.3916874,-0.14044468,0.5690212,-0.35808432,0.7634362,-0.1449928,-0.44528103,-0.2906684,0.5090804,0.31732816,-0.20596223,0.26005214,0.60733676,0.13255852,-0.30805317,-0.14836752,0.32580936,0.59228617,-0.5765307,-0.3000665,0.44480377,-0.38737983,Regional
-0.075493224,-0.06317993,0.6357353,0.079013884,0.22271593,-1.0242289,0.22376491,-0.7555874,-0.073014826,-0.40018126,-0.6677225,-0.1977047,-0.08550783,-0.8776923,0.026043192,0.9228923,-0.36395603,-0.0547663,-0.2465518,0.22480285,-0.02268776,0.5008701,0.079595216,-0.19578211,0.7250201,-0.18976258,1.0719339,0.37755385,0.43060517,-0.02123213,-0.776087,0.098949075,0.29560012,0.24744092,-1.5108917,-0.20721449,0.56858134,-0.20304668,0.85041165,-0.17762356,-0.40038887,-0.29075712,0.4839615,0.34545767,-0.14269239,0.2207893,0.6213812,0.062066887,-0.2542381,-0.004303121,0.38341266,0.7289168,-0.5751228,-0.3563852,0.56630856,-0.4776951,Regional
-0.19188236,-0.111031994,0.58073,0.38776118,0.15888794,-1.0797633,0.19850504,-0.74927986,-0.26133144,-0.4612766,-0.97024304,0.056168582,-0.12113419,-1.0821908,0.13273571,0.91630244,-0.470618,0.15404202,-0.1656869,0.34069505,0.24622545,0.9203207,0.034091853,-0.056069493,0.7514143,0.088832274,0.79188836,0.79768974,0.21715447,0.05566661,-0.9347738,0.11907877,0.2527747,0.3389796,-1.5238601,-0.17367105,0.6049179,-0.59343934,0.85182,-0.080042064,-0.4760444,-0.42943567,0.6229578,0.40985134,-0.29519594,0.3132588,0.5487469,0.23464336,-0.34831744,-0.11150584,0.38016734,0.6811604,-0.5757136,-0.11666603,0.38981402,-0.6206818,Regional
-0.15810247,-0.23459265,0.51887524,0.30420518,0.15995687,-0.66805106,0.24290355,-0.91855055,-0.35705647,-0.4433758,-0.78640324,-0.13349405,-0.077463664,-0.75806427,-0.03230676,0.97646195,-0.36246255,0.078864984,-0.07596741,0.067990005,0.10924009,0.6478168,-0.0013252391,-0.26087287,0.6336643,-0.20755091,0.8462116,0.48930252,0.17032231,-0.000700455,-0.99281454,0.12447581,0.3137835,0.08535885,-1.5252211,-0.21184692,0.74180025,-0.25169453,0.8924011,-0.14416042,-0.43451554,-0.35988036,0.49712068,0.47442612,-0.12922555,0.27508903,0.48359805,0.20659453,-0.24278247,0.1553052,0.3061439,0.75341,-0.20358342,-0.12829985,0.43798485,-0.5009821,Regional
-0.1449845,-0.16843018,0.50653106,0.25029638,0.15019648,-0.6762689,0.27304173,-0.84619516,-0.2688123,-0.37942743,-0.7026457,-0.13315049,-0.109909646,-0.7408701,-0.011481716,0.89726067,-0.31858447,0.08458671,-0.10216461,0.08470747,0.083226584,0.5760671,0.018331265,-0.24466944,0.6192693,-0.1904046,0.8594849,0.44599035,0.23494059,0.006050886,-0.8809108,0.11954188,0.3366335,0.114429146,-1.4463577,-0.2010513,0.66255397,-0.22597164,0.8346869,-0.17877632,-0.37248158,-0.3081425,0.46056783,0.42492405,-0.10996768,0.23740377,0.48718256,0.12620832,-0.19812718,0.10606818,0.32561135,0.70571744,-0.304263,-0.14266571,0.40943518,-0.49994183,Regional
-0.16480716,-0.23388238,0.52828056,0.2872887,0.12943628,-0.7248025,0.31147438,-0.9258775,-0.33419582,-0.42535436,-0.91885066,-0.071510345,-0.09599717,-0.77265775,-0.0039503365,1.0777801,-0.35590702,0.057836182,-0.13973565,0.10302232,0.12692837,0.7032511,-0.019256044,-0.19544592,0.61890066,-0.21294075,0.89404273,0.5017098,0.16488735,-0.029301975,-0.9353309,0.12990011,0.3234342,0.050282232,-1.5748075,-0.22786085,0.7535077,-0.27919936,0.90094936,-0.17890531,-0.4358759,-0.37001216,0.50852174,0.5172742,-0.1492134,0.28967533,0.52052987,0.193938,-0.2706268,0.04947241,0.37938154,0.7758006,-0.18969813,-0.13087282,0.38047716,-0.4607807,Regional
-0.17016418,-0.19303174,0.52652544,0.28405458,0.09796264,-0.69723177,0.41279337,-1.0015303,-0.34765396,-0.36340854,-0.9227284,-0.06382303,-0.1379383,-0.7842843,0.025006719,1.1347243,-0.3171925,0.118667535,-0.14887698,0.08536018,0.14216751,0.6842321,0.009203491,-0.21422862,0.65494734,-0.23644362,0.9794159,0.538579,0.21143894,-0.018063523,-0.9440096,0.16431248,0.42284852,0.043108657,-1.6545826,-0.2536545,0.7621505,-0.30290088,0.91552615,-0.2610784,-0.40964723,-0.34553608,0.5134457,0.5480528,-0.08890054,0.29561844,0.5805808,0.15068333,-0.2172617,0.031827737,0.42914852,0.776966,-0.24196556,-0.08262019,0.34376848,-0.48776534,Regional
-0.15101749,-0.12143221,0.59677964,0.23791382,0.24910463,-0.828206,0.052713986,-0.75768113,-0.27151522,-0.58942026,-0.7784162,-0.10833161,-0.042245343,-0.82551306,-0.07258532,0.85691833,-0.41993424,-0.032144155,-0.06407721,0.16672328,0.034688253,0.5982944,0.0007892523,-0.22210528,0.53215086,-0.119972385,0.80791986,0.34078988,0.14597999,0.054123014,-0.8015664,0.17570612,0.15609768,0.19785574,-1.3502176,-0.16236429,0.57999116,-0.25588596,0.7970996,0.07846957,-0.42878735,-0.35367393,0.5119005,0.33659098,-0.12782925,0.1888446,0.51647973,0.18596686,-0.26797995,0.038076513,0.27675536,0.7252318,-0.2686063,-0.24115726,0.51956475,-0.49300152,Nasional
-0.13403544,-0.16166356,0.5412516,0.19345711,0.11481109,-0.7792556,0.3760602,-0.8837257,-0.20832604,-0.30370864,-0.84267646,-0.12332496,-0.13849354,-0.77895486,0.05849158,1.0334766,-0.32291916,0.028305268,-0.24778593,0.119477734,0.07558897,0.6091107,-0.0021007315,-0.18096194,0.67541707,-0.22348587,0.96332294,0.43721968,0.3077301,-0.04975095,-0.8940387,0.105249986,0.36461124,0.06781702,-1.5889072,-0.2282644,0.7029815,-0.22847693,0.8681856,-0.28557998,-0.3706814,-0.2975364,0.46520525,0.47919625,-0.16134128,0.29285866,0.5490975,0.086810224,-0.2637998,-0.019859402,0.4257683,0.77778745,-0.32992804,-0.2026091,0.38608435,-0.39636123,Regional
-0.19428466,-0.060059335,0.60999835,0.2386383,0.076346,-0.88909113,0.43110442,-0.9247597,-0.20130366,-0.39286107,-0.8979812,-0.027785268,-0.22266528,-0.9054371,0.04048194,1.0764452,-0.33277267,0.13988173,-0.20258135,0.18979502,0.09668541,0.6558168,0.06218503,-0.1783232,0.66433114,-0.15747108,1.1037166,0.46439192,0.31145322,-0.0067851483,-0.76263654,0.19369888,0.4505812,0.19717468,-1.6312629,-0.2795812,0.6248625,-0.31017566,0.8963027,-0.21923181,-0.3503882,-0.29266462,0.51054347,0.47326374,-0.06201136,0.21296832,0.66529745,0.010011254,-0.1789278,-0.121534035,0.54852605,0.8022132,-0.48992038,-0.16066848,0.35071865,-0.59403163,Regional
-0.198231,-0.21215573,0.5288765,0.30526522,0.08845955,-0.68745893,0.4555652,-1.033789,-0.3482891,-0.3617633,-0.975372,-0.037935022,-0.16523105,-0.81161547,0.02537493,1.1613358,-0.3183356,0.14608197,-0.15564531,0.07198782,0.16675638,0.72267354,-0.016024679,-0.2068944,0.6569704,-0.23576625,0.9760102,0.55290544,0.20965631,-0.010121557,-0.9753896,0.16058192,0.44957918,0.029219914,-1.7080095,-0.25819802,0.7940503,-0.32173014,0.94105136,-0.27682114,-0.40645394,-0.35599202,0.5294739,0.5779884,-0.09032176,0.3069303,0.57692957,0.13598558,-0.21470506,0.008162473,0.46163267,0.8046924,-0.22904666,-0.060302705,0.3135002,-0.5009019,Regional
-0.12367565,-0.07526037,0.62623924,0.34399202,0.1126927,-1.353235,0.31059426,-0.66050845,-0.11457421,-0.31177926,-0.8887333,0.034545798,-0.17507729,-1.224812,0.2718868,0.93302965,-0.49247023,0.16250211,-0.34211457,0.46538883,0.24043971,0.98739,0.13663255,0.055100597,0.9989666,0.22955889,0.82602555,0.96058583,0.41543826,-0.008408101,-1.0287634,-0.005295927,0.29259866,0.46337232,-1.6246629,-0.17629692,0.573549,-0.6669642,0.883815,-0.22573975,-0.49272025,-0.37067783,0.6355096,0.3646235,-0.43173876,0.40141535,0.6245079,0.19308041,-0.47144392,-0.20171064,0.45518464,0.6615405,-0.88708156,-0.20575085,0.41534552,-0.6043751,Regional
-0.09293537,-0.041814316,0.5477071,0.113139346,0.184349,-0.888672,0.1849644,-0.635762,-0.08500026,-0.37961224,-0.76538265,-0.08930104,-0.08846426,-0.7586186,0.057733905,0.8184618,-0.32010436,-0.060072873,-0.21778308,0.21434829,0.03495058,0.5342254,-0.0018047713,-0.111098334,0.55832654,-0.15254241,0.8803092,0.342465,0.30971643,0.013657179,-0.59519416,0.11777683,0.23190944,0.16575304,-1.2809801,-0.15441251,0.499067,-0.2419712,0.7077287,-0.122255035,-0.3563019,-0.2798576,0.43090242,0.3150159,-0.15151894,0.19509703,0.5421994,0.087754264,-0.22713824,-0.12267678,0.3320918,0.6342511,-0.42929852,-0.26096332,0.3892135,-0.39320016,Regional
-0.08300282,-0.04915693,0.51203483,0.10705172,0.17295857,-0.8081241,0.15883906,-0.59786636,-0.08495117,-0.3547391,-0.6257536,-0.11899626,-0.07535703,-0.69883645,0.034941886,0.74472076,-0.31004697,-0.05273991,-0.19264089,0.17870505,-0.0012471547,0.45690292,0.022831287,-0.13492286,0.546803,-0.13002051,0.8130498,0.29828516,0.28994048,-0.001171479,-0.5952606,0.098463714,0.2088752,0.17600645,-1.1995322,-0.15290187,0.45833436,-0.1952972,0.6789367,-0.0957625,-0.33092597,-0.2448482,0.39883086,0.28074878,-0.13651252,0.1703084,0.4925254,0.07089373,-0.21525139,-0.054653395,0.31133494,0.6011589,-0.41113392,-0.26482984,0.40226927,-0.37744144,Regional
-0.22994363,-0.1544448,0.66995585,0.3178229,0.26984617,-0.9559682,0.14257143,-0.9134444,-0.33338788,-0.6166862,-1.0458642,-0.058373235,-0.035831656,-0.9186677,-0.04881311,1.097279,-0.42709762,-0.005009893,-0.07017971,0.22824258,0.12821431,0.7868337,-0.03890117,-0.1955672,0.59904206,-0.19777073,0.94434613,0.5348458,0.13238274,0.055811916,-0.86753243,0.21244416,0.23547591,0.14149861,-1.5724418,-0.17343166,0.6955997,-0.37264693,0.91230905,-0.027386606,-0.50784355,-0.4618738,0.607023,0.4990999,-0.12531456,0.26314318,0.5851082,0.27555782,-0.2972807,-0.02384792,0.3365278,0.76855564,-0.25299138,-0.21303345,0.4864959,-0.530563,Money
-0.16456121,-0.2033662,0.6095938,0.2635279,0.22870791,-0.91088974,0.13302568,-0.7859358,-0.27698106,-0.5369207,-0.94981986,-0.06758108,-0.030634107,-0.84450936,-0.022522291,0.97525865,-0.44813952,-0.065984435,-0.13949786,0.22145541,0.0971854,0.76510555,-0.054327887,-0.1330539,0.594461,-0.09660579,0.8112834,0.45109385,0.14401314,-0.013454439,-0.88065404,0.11673898,0.16679725,0.12942128,-1.4713063,-0.15940873,0.7006768,-0.31894165,0.8594241,-0.040631223,-0.46952078,-0.4144886,0.5238907,0.44089222,-0.25564,0.280224,0.47883826,0.25202605,-0.36993575,-0.021768505,0.31880254,0.7519649,-0.23636425,-0.22768104,0.46286678,-0.44013986,Money
-0.22228864,-0.17607708,0.63680506,0.30965972,0.26045963,-0.9280081,0.17178684,-0.8971017,-0.33596817,-0.60558486,-1.0933944,-0.012588186,-0.03399284,-0.88991123,-0.04384107,1.1166402,-0.4164976,-0.01984111,-0.10141278,0.21340263,0.14733659,0.81136835,-0.06276304,-0.15872787,0.5699048,-0.19806944,0.90640163,0.52740276,0.10159763,0.05317197,-0.8405341,0.19993366,0.23313856,0.10482457,-1.5690022,-0.16991332,0.7248813,-0.38111344,0.893157,-0.02714045,-0.5041049,-0.47024333,0.5914525,0.5174919,-0.15647428,0.2754185,0.5691522,0.29286522,-0.31033528,-0.05672129,0.3520352,0.7621704,-0.20917276,-0.19014099,0.43297052,-0.49857163,Money
-0.24282748,-0.22803381,0.6730319,0.34144956,0.35342136,-0.97740734,0.19328023,-0.95422965,-0.3084425,-0.5750457,-1.0079317,-0.04139907,0.016322961,-0.9547998,-0.07320375,1.0983632,-0.42593956,0.026787518,-0.051027603,0.18001066,0.18973146,0.8393645,-0.06642977,-0.20796447,0.6762286,-0.20040973,0.9052033,0.66958165,0.11296487,0.13144845,-0.96280015,0.17952693,0.2901444,0.1300175,-1.722611,-0.07521758,0.7978357,-0.42975667,0.9707259,-0.051627677,-0.54452145,-0.5083484,0.69504434,0.5646851,-0.15018436,0.2887089,0.5507135,0.30881998,-0.2991119,0.070277594,0.34461465,0.6989204,-0.3226048,-0.19763067,0.47780293,-0.5700407,Money
-0.17371447,-0.25752786,0.5354122,0.34185976,0.20855755,-0.72071546,0.101667136,-0.9018205,-0.36741328,-0.5527372,-1.0269728,-0.07553474,0.048322096,-0.7558046,-0.04522233,1.0757872,-0.4263307,-0.09574884,-0.15643753,0.11461356,0.0638502,0.6907004,-0.09192955,-0.23110303,0.5612774,-0.22808,0.75068945,0.3816664,0.05203558,-0.03146552,-0.94882405,0.17073758,0.12815541,0.0012972306,-1.5080798,-0.19842947,0.71949846,-0.23387668,0.8752289,-0.010557413,-0.4799664,-0.42402795,0.51195306,0.5101327,-0.21899998,0.31876594,0.45152032,0.3017378,-0.37703717,0.04828625,0.3297334,0.83841914,0.0035821379,-0.22365944,0.4377444,-0.3166754,Money
-0.19925226,-0.25299048,0.59061855,0.2840199,0.24620275,-0.81551605,0.13577493,-0.81075513,-0.27011323,-0.49783838,-0.95277894,-0.097837746,0.014938,-0.7984178,-0.042236388,0.980173,-0.42671898,-0.09909692,-0.15135904,0.13683964,0.06165675,0.70110136,-0.100853235,-0.17514451,0.56442785,-0.17470898,0.76201457,0.38967857,0.11224946,-0.0262556,-0.8957024,0.12190048,0.14130506,0.032286715,-1.4976469,-0.14315294,0.7232353,-0.25138336,0.85960716,-0.057957727,-0.4495042,-0.41119367,0.5262188,0.502891,-0.24548124,0.29471967,0.42778173,0.23389025,-0.3754138,0.033689458,0.32779256,0.77846783,-0.1312833,-0.2575044,0.43139458,-0.3599821,Money
-0.11688677,-0.088878065,0.5929609,0.11604838,0.21555518,-0.92314,0.05791367,-0.59107757,-0.13030748,-0.5030338,-0.8473385,-0.10912828,-0.015609203,-0.73521763,-0.031592168,0.86040545,-0.41017392,-0.20413232,-0.19859086,0.2509864,-0.029650278,0.5649362,-0.041700795,-0.07736451,0.44496408,-0.13320701,0.8052302,0.17858274,0.17045495,-0.045839872,-0.5906781,0.11386896,0.05002226,0.13954009,-1.2030222,-0.1507125,0.51361334,-0.17004304,0.7195154,0.03351302,-0.3962351,-0.31255457,0.41046098,0.32009628,-0.22922012,0.20369877,0.480097,0.17733061,-0.35280666,-0.12494146,0.31283274,0.745404,-0.23562767,-0.351224,0.44435248,-0.3108953,Regional
-0.1410108,-0.09783969,0.59996843,0.16732103,0.23994246,-0.8933523,0.04847344,-0.645633,-0.19334434,-0.53694606,-0.8700833,-0.088648155,-0.010573577,-0.7438542,-0.040109623,0.88259727,-0.40743616,-0.15899493,-0.14985554,0.23371705,0.0019348303,0.6067425,-0.052456584,-0.11740734,0.448316,-0.13834557,0.7930569,0.23545419,0.13598275,-0.018886048,-0.63488287,0.14676146,0.07723129,0.13135168,-1.2371367,-0.14606729,0.5453835,-0.20384751,0.73656297,0.0506744,-0.4166209,-0.34262273,0.4400978,0.34926614,-0.204999,0.20613842,0.481455,0.21004024,-0.3300033,-0.09131125,0.28850052,0.7360054,-0.20558657,-0.3084183,0.44245508,-0.3614062,Money
-0.12234834,-0.14299539,0.5844811,0.1429924,0.18915021,-0.8408264,0.08345568,-0.6624886,-0.21245235,-0.47965145,-0.91687465,-0.13840827,-0.008182299,-0.68505955,-0.024577066,0.95413804,-0.41171446,-0.22383477,-0.22363447,0.21039927,-0.04093531,0.5820112,-0.062563255,-0.10293769,0.43057197,-0.17927034,0.78626055,0.15118223,0.12744986,-0.10871185,-0.6996265,0.11401974,0.03662202,0.03684555,-1.2585244,-0.179904,0.58658314,-0.12252329,0.74145883,-0.018429892,-0.40888608,-0.31564254,0.3760031,0.37941056,-0.26077038,0.25941685,0.46322507,0.21762781,-0.40613756,-0.09545552,0.3037357,0.822744,-0.07503303,-0.34792912,0.4205911,-0.2348437,Money
-0.12677519,-0.07090237,0.5249508,0.20502864,0.14586493,-0.8237696,0.17678225,-0.6607231,-0.17253092,-0.41958037,-0.69355446,-0.06666732,-0.106004775,-0.7899275,0.008330577,0.77805126,-0.3552241,0.021723649,-0.13469283,0.21122047,0.056125756,0.5680703,0.032840617,-0.14142969,0.5492837,-0.05438507,0.7990779,0.38252702,0.22189067,0.010429067,-0.67734945,0.12038136,0.22253068,0.21846132,-1.2471687,-0.17764606,0.49413827,-0.27296355,0.7188996,-0.055706725,-0.35755023,-0.2912945,0.44122747,0.3131256,-0.14697976,0.1822785,0.49206617,0.09922433,-0.22850226,-0.043105714,0.33619472,0.6365178,-0.40171933,-0.19646229,0.40300313,-0.4884651,Regional
-0.19048734,-0.1910267,0.56129473,0.30805328,0.12694578,-0.74805444,0.4004447,-1.033834,-0.34840232,-0.43812948,-0.9061539,-0.050282426,-0.15399449,-0.85755026,-0.016987676,1.1289916,-0.33903617,0.15412503,-0.11210919,0.09815741,0.148891,0.7083516,0.022289107,-0.24293171,0.67292863,-0.22810493,1.0195392,0.56168425,0.20989843,0.030981408,-0.9372758,0.18029217,0.45083657,0.104816616,-1.6951674,-0.25022095,0.7507651,-0.33676654,0.9519137,-0.21214758,-0.42292044,-0.37222475,0.561147,0.5351191,-0.050851453,0.26429635,0.60750526,0.1322427,-0.17730428,0.037101246,0.45779294,0.78694373,-0.31435606,-0.08001153,0.37703514,-0.5860936,Regional
-0.1562446,-0.097400285,0.5939137,0.2563492,0.23041596,-0.89094174,0.080706686,-0.75431466,-0.24399708,-0.5613907,-0.7976039,-0.085745975,-0.05416388,-0.86315995,-0.025176695,0.8730133,-0.40627554,0.008427237,-0.08474598,0.20280232,0.055916533,0.63378453,0.0024531286,-0.22282374,0.60152996,-0.11618492,0.85423636,0.41301778,0.21008012,0.037495386,-0.7778258,0.17471771,0.1989564,0.23471709,-1.3725495,-0.1822529,0.5438422,-0.29608852,0.81009805,0.037049923,-0.42294782,-0.36737803,0.5343833,0.35775515,-0.1349492,0.19885617,0.5259673,0.18341488,-0.25835478,-0.0006555282,0.31530607,0.6992185,-0.34504527,-0.23146702,0.512237,-0.5250594,Money
-0.09621813,-0.045602504,0.6479448,0.086157754,0.16844775,-1.0626951,0.35425067,-0.75296664,-0.008861816,-0.29581428,-0.8435033,-0.15440401,-0.1599042,-0.8768303,0.13055372,1.0099932,-0.3391764,-0.04394967,-0.36340845,0.23946221,0.010833554,0.56820494,0.029575355,-0.11378174,0.75326854,-0.20559286,1.1201583,0.3982068,0.47881356,-0.03569293,-0.7367844,0.08934475,0.33803096,0.18795462,-1.6057363,-0.20372118,0.5841012,-0.23416601,0.8650763,-0.29169178,-0.37505543,-0.24982631,0.4826904,0.3884507,-0.1933066,0.25475553,0.6786613,0.015466079,-0.2884084,-0.17525193,0.47987625,0.78186256,-0.600693,-0.35340962,0.4321256,-0.3966704,Regional
-0.16366723,-0.20774679,0.51662725,0.2901081,0.12775573,-0.7572643,0.35060078,-0.87302136,-0.29145542,-0.36554807,-0.9303188,-0.027970364,-0.120005086,-0.8135466,0.045310505,1.0282938,-0.3400422,0.09030528,-0.15998523,0.13834406,0.17741853,0.7390535,-0.033036385,-0.14610331,0.6463589,-0.15175354,0.8625144,0.5750121,0.19995047,0.009047922,-0.907457,0.10692846,0.33895475,0.06769095,-1.5657302,-0.18112688,0.72854084,-0.35478264,0.87417287,-0.22071894,-0.4201544,-0.3709842,0.5248611,0.49977866,-0.17429076,0.3051385,0.51729023,0.1825527,-0.2590685,-0.01637989,0.38914534,0.7088094,-0.27849704,-0.09085549,0.3260272,-0.46707264,Regional
-0.20453946,-0.11442997,0.5939694,0.4030165,0.12690665,-1.1397656,0.18167065,-0.66587603,-0.23696758,-0.46822473,-1.129844,0.122193985,-0.12576336,-1.0854648,0.1765698,0.9249554,-0.5205952,0.080648765,-0.23218781,0.41603678,0.26772735,1.0148858,-0.025091881,0.05661274,0.6949943,0.17293462,0.72725964,0.7562829,0.17498805,0.01636956,-0.8597585,0.1025716,0.15210456,0.3132687,-1.4691961,-0.1644421,0.5991891,-0.6123866,0.8264743,-0.053520955,-0.47542834,-0.44057024,0.5973464,0.42433447,-0.412668,0.33608663,0.5055301,0.25879896,-0.43403685,-0.25957158,0.41655776,0.7210922,-0.52302575,-0.12662265,0.3065118,-0.55633163,Regional
-0.102596864,-0.075427346,0.56892943,0.29978842,0.076050624,-1.2235123,0.26990798,-0.58216685,-0.11473514,-0.28605315,-0.84778506,0.018832685,-0.14245656,-1.0931525,0.24544771,0.875945,-0.48057237,0.08283661,-0.34607348,0.43674484,0.18008791,0.8815559,0.098114744,0.061261564,0.8843752,0.21269882,0.7455381,0.79475504,0.35568306,-0.04457778,-0.9513204,-0.018414686,0.20528306,0.39481324,-1.4606228,-0.17918439,0.5303043,-0.5743933,0.8046075,-0.19423653,-0.45774293,-0.332841,0.55536795,0.334101,-0.4343734,0.37620538,0.55006033,0.18571311,-0.47717798,-0.206401,0.4221313,0.679578,-0.7206053,-0.21653767,0.3848857,-0.4846842,Regional
-0.18401982,-0.13469875,0.58354545,0.4242789,0.10319923,-1.2205781,0.21662857,-0.66923505,-0.24370831,-0.42451155,-1.0728934,0.11067222,-0.13309851,-1.1557857,0.2234461,0.94455284,-0.53575563,0.12808245,-0.26495627,0.45562688,0.2902879,1.0542868,0.036359698,0.07138609,0.8338189,0.23703046,0.73043066,0.8906061,0.23781192,-0.0037352226,-0.9834744,0.052697323,0.18509859,0.38287577,-1.5338356,-0.18023758,0.61054444,-0.67400104,0.86087114,-0.103133306,-0.50690013,-0.4441141,0.62310946,0.41530678,-0.4603129,0.3881478,0.5252405,0.27620423,-0.47885263,-0.22016717,0.4315322,0.70162,-0.6329953,-0.12452708,0.348074,-0.5941198,Regional
-0.14290021,-0.10077791,0.5720903,0.32687673,0.111461386,-1.1629534,0.28137252,-0.6460473,-0.15587595,-0.34797618,-0.9647443,0.058713786,-0.14863396,-1.0726831,0.21106376,0.9225883,-0.4606918,0.09871705,-0.2862185,0.4008213,0.2267315,0.9269154,0.037424557,0.042224314,0.8203788,0.14510673,0.7785277,0.7951276,0.30848575,0.009225138,-0.9059511,0.03069189,0.23227748,0.3339094,-1.498738,-0.15804525,0.58167464,-0.58923465,0.82884645,-0.1744724,-0.46226907,-0.38015756,0.58281755,0.38080582,-0.38559324,0.35367084,0.5526365,0.20814818,-0.42129222,-0.22269236,0.425148,0.6723419,-0.64301753,-0.16157188,0.34800458,-0.52313435,Regional
-0.21119475,-0.2308592,0.59829485,0.5308261,0.10953034,-1.1014069,0.13720179,-0.88314945,-0.4334359,-0.55610985,-1.1786518,0.079974264,-0.07774019,-1.1353049,0.16115774,1.1150773,-0.5985214,0.12205465,-0.21501811,0.35516602,0.2680813,1.078822,-0.006827854,-0.08137066,0.8563412,0.12100544,0.762625,0.8476805,0.14299427,-0.038881484,-1.186368,0.12923634,0.16744915,0.31734416,-1.6862186,-0.25799185,0.70677626,-0.60315436,0.98141426,-0.020834645,-0.56915236,-0.49582666,0.66255933,0.5046244,-0.43675748,0.42686683,0.5273269,0.37709695,-0.5295172,-0.09001849,0.4380847,0.85884905,-0.37853152,-0.11377861,0.42821622,-0.58263767,Nasional
-0.14936407,-0.12527859,0.57631093,0.19805928,0.14507718,-0.8097313,0.2372206,-0.78472793,-0.21204917,-0.41409248,-0.8881529,-0.116739355,-0.1174861,-0.76833904,0.033181615,0.96606666,-0.37016788,-0.044678837,-0.2146582,0.16223651,0.025031138,0.61354727,-0.045982715,-0.17513375,0.5580809,-0.17771965,0.91353583,0.2927718,0.23767759,-0.071343765,-0.7854904,0.12360787,0.23182033,0.08281301,-1.4501241,-0.22863217,0.64410686,-0.17716461,0.8364516,-0.13368623,-0.37945542,-0.31220978,0.4420411,0.42358947,-0.1987097,0.24052471,0.51036793,0.1120835,-0.2852296,-0.06823013,0.3742211,0.83239996,-0.25042418,-0.24387391,0.39686647,-0.4114941,Regional
-0.12085552,-0.11229505,0.55966455,0.18448628,0.20143858,-0.78600055,0.088667974,-0.7235519,-0.24476072,-0.51303375,-0.6990377,-0.13913558,-0.04100037,-0.7458919,-0.055980362,0.85214645,-0.38626522,-0.057627738,-0.10372907,0.15295736,-0.014932031,0.52145416,0.012399953,-0.21188806,0.5532554,-0.14208478,0.8453572,0.28775164,0.18813124,-0.008676121,-0.746225,0.13373204,0.1790534,0.15983416,-1.3075895,-0.17900915,0.56203574,-0.18419333,0.7779431,0.0073834183,-0.38171643,-0.32481736,0.43765795,0.33619186,-0.13992944,0.17560181,0.49355397,0.15524232,-0.26457483,0.04288277,0.29471427,0.70375675,-0.26598996,-0.26508737,0.504698,-0.45250234,Nasional
-0.008964469,0.3268337,1.5179306,-0.27818948,0.48233572,-1.6650593,-0.5224944,-0.6810961,0.073006265,-1.4095918,-0.47700927,-0.91945815,0.075990036,-1.1470395,-0.47650543,0.99570787,-1.0408746,-1.06376,-0.43190783,0.39849842,-1.2583939,-0.1084373,0.25054896,-0.60907567,0.47106266,0.046919595,1.5953735,-1.445902,0.4718283,-0.36928827,-0.8040388,0.33310413,-0.53771245,0.59239113,-1.4845786,-0.46764484,0.37540793,0.63766843,1.248745,0.8729692,-0.5025285,0.0055826777,0.4216993,-0.15178713,-0.22213052,-0.09125526,0.90881056,-0.36031845,-0.6639619,-0.015355888,0.46030146,1.9527413,-0.42692444,-1.3657886,1.5525196,-0.51660204,Bola
0.036082376,0.31922245,1.3572273,-0.27545258,0.38649103,-1.5699705,-0.49342093,-0.6282376,0.033081755,-1.2889078,-0.6473905,-0.7808363,0.08058517,-1.0336123,-0.33523113,1.0810552,-0.934048,-1.0461385,-0.46221587,0.45341754,-1.0891781,-0.054422587,0.16770747,-0.5159228,0.41103277,-0.1062469,1.6226552,-1.3041332,0.43275705,-0.38190374,-0.6171055,0.31832507,-0.5359456,0.4984286,-1.3300582,-0.47661796,0.31661522,0.55389404,1.0777242,0.7403398,-0.501248,-0.028590798,0.36063,-0.14073901,-0.24382363,-0.054785956,0.9599513,-0.22116381,-0.6137701,-0.15885705,0.438643,1.8645595,-0.32572868,-1.2776296,1.3115652,-0.38000637,Bola
-0.06248655,0.24438304,1.4063863,-0.21157618,0.45749512,-1.5221783,-0.41803262,-0.6536099,0.0793685,-1.2804253,-0.46128666,-0.836831,0.03287548,-1.0988879,-0.46138373,0.8819227,-0.96491593,-0.932122,-0.37032866,0.3255107,-1.125142,-0.026671197,0.20575657,-0.5536553,0.43928325,0.08980323,1.4218241,-1.2799892,0.4345741,-0.327775,-0.78844434,0.28974202,-0.44916528,0.51638407,-1.4395782,-0.40154856,0.41202128,0.56465703,1.1983207,0.7777487,-0.45990548,-0.015140077,0.41916084,-0.07402649,-0.2238612,-0.0804214,0.77209973,-0.36745524,-0.61367905,0.00410391,0.45216605,1.7929727,-0.40245935,-1.2165972,1.4201419,-0.5398432,Bola
-0.19514559,-0.16345154,0.51435125,0.3151453,0.19890845,-0.70739985,0.13608098,-0.78808105,-0.33320773,-0.5202518,-0.84162414,-0.019062446,-0.046018247,-0.78618777,-0.035413917,0.87471104,-0.36315137,0.09338064,-0.01868553,0.14788844,0.14172056,0.6802796,-0.012239499,-0.18266933,0.53583425,-0.106114544,0.7361133,0.51807374,0.091927275,0.07046068,-0.8151176,0.1804645,0.22267972,0.15082896,-1.3400685,-0.15061584,0.592449,-0.36196107,0.7659563,-0.0077665416,-0.41781592,-0.38253808,0.52540195,0.41011807,-0.09673975,0.23020647,0.47218567,0.22415212,-0.2368144,0.036440942,0.27793562,0.6180588,-0.2027121,-0.0886825,0.39697388,-0.4949509,Money
-0.028503252,0.28096727,1.4175693,-0.15533772,0.45526943,-1.5828915,-0.54587305,-0.7544074,-0.042245667,-1.3960599,-0.5152972,-0.83064955,0.08086114,-1.1433583,-0.41635218,1.03262,-1.0006698,-0.9321568,-0.36139634,0.38884604,-1.1064855,-0.025582599,0.22445887,-0.67850876,0.5268712,-0.017382212,1.5954568,-1.2406304,0.4496594,-0.3384941,-0.82826036,0.36813235,-0.46587816,0.5920275,-1.4613918,-0.49798274,0.36031964,0.54560727,1.2145526,0.84519273,-0.52956706,-0.063922934,0.45514643,-0.11183586,-0.20175819,-0.064381145,0.90166813,-0.23607405,-0.6083204,0.02146303,0.44087484,1.8685483,-0.39556265,-1.2569442,1.4915879,-0.58457565,Nasional
-0.061768614,-0.059391282,0.41691756,0.068725206,0.1194976,-0.63098395,0.08078259,-0.44238964,-0.081317365,-0.30717367,-0.47451288,-0.12594661,-0.035381548,-0.52825433,-0.014514449,0.5814391,-0.2815825,-0.10471905,-0.15245782,0.14975275,-0.050356247,0.34355894,0.02043524,-0.09693991,0.3802527,-0.077587865,0.5999321,0.1398642,0.17893568,-0.05583858,-0.48791644,0.057450846,0.086745694,0.11838753,-0.8844428,-0.13797867,0.3640894,-0.09055311,0.5279588,-0.0284415,-0.263903,-0.18408889,0.2754903,0.21129692,-0.14651313,0.13543075,0.34603593,0.066332765,-0.23097609,-0.028933883,0.23104538,0.5352543,-0.2356983,-0.2531033,0.35720685,-0.25427338,Regional
-0.12847294,-0.12419309,0.5509669,0.17659234,0.20037046,-0.8095418,0.09694877,-0.6723349,-0.22149214,-0.47452143,-0.8204648,-0.11547015,-0.029173434,-0.70222104,-0.02417988,0.89669895,-0.37810683,-0.12240695,-0.15350515,0.19043614,0.01470919,0.5781655,-0.019176017,-0.13150002,0.46350974,-0.15408833,0.7785806,0.27775198,0.15083013,-0.04051167,-0.6995682,0.1307332,0.11300391,0.10361899,-1.2365547,-0.17280601,0.5713701,-0.18328604,0.7317141,-0.013344789,-0.409615,-0.32404312,0.4082967,0.36217895,-0.19787268,0.23058085,0.46077195,0.21728836,-0.32926217,-0.036513206,0.2811032,0.722461,-0.1747608,-0.2764767,0.43266472,-0.3445023,Otomotif
0.04085071,0.19640878,0.9144996,-0.120217286,0.21568096,-1.1195997,-0.1954477,-0.70517004,-0.09885965,-0.8765612,-0.652291,-0.50003475,0.0009255005,-0.80612075,-0.15910186,1.0298002,-0.61978245,-0.58691317,-0.32582894,0.31909403,-0.63616437,0.07601878,0.12683797,-0.4051371,0.40719333,-0.33974612,1.4477279,-0.7040647,0.3901578,-0.2963021,-0.5707329,0.24980368,-0.16288465,0.31920016,-1.2332895,-0.4432115,0.32690525,0.2695276,0.8887537,0.29990563,-0.38739026,-0.12408882,0.31621698,0.010193149,-0.13124697,0.01990668,0.84764016,-0.018315291,-0.359737,-0.10937725,0.40933457,1.4381244,-0.26761338,-0.82588106,0.85439897,-0.33360308,Bola
-0.13703103,0.024079347,0.7363499,0.122918986,0.197055,-0.8059923,-0.0745293,-0.6991459,-0.1766936,-0.7305146,-0.7055052,-0.33243504,-0.100531064,-0.72255355,-0.13514134,0.8108278,-0.50149256,-0.3585116,-0.13125882,0.18667628,-0.38248968,0.31948227,0.0034046688,-0.41082558,0.3344336,-0.15731362,1.0588366,-0.44332126,0.2675239,-0.2321531,-0.6146031,0.22924197,-0.0064186496,0.14138702,-1.1357868,-0.30519024,0.476446,0.12226278,0.8287451,0.1855084,-0.33391356,-0.17999642,0.32065856,0.16442439,-0.18689798,0.06710637,0.52374506,-0.019591143,-0.2749905,-0.060667016,0.34421742,1.1741989,-0.1138742,-0.5295722,0.6090152,-0.47868305,Bola
-0.16907711,0.088440195,1.0075316,-0.01838244,0.27194464,-1.1212518,-0.18253577,-0.5988084,-0.029786652,-0.9071577,-0.7192016,-0.53450835,-0.13649808,-0.8810466,-0.21564204,0.8037452,-0.67337257,-0.6256973,-0.23592626,0.2697325,-0.6635965,0.23355179,0.019154327,-0.43042803,0.3009265,-0.04838969,1.2188236,-0.8905015,0.3768227,-0.34955192,-0.57404816,0.2380376,-0.20100538,0.202915,-1.1583575,-0.3467636,0.45106012,0.354386,0.8982485,0.35128945,-0.35981864,-0.0926862,0.28294992,0.08709489,-0.28007135,0.006600002,0.59227604,-0.20283902,-0.42215198,-0.13407446,0.37471145,1.467662,-0.1708306,-0.82864356,0.8271237,-0.5206756,Bola
-0.1930209,-0.19813533,0.6408723,0.51455104,0.14195117,-1.3431834,0.26115242,-0.821749,-0.34988236,-0.53709084,-1.2142267,0.15900187,-0.12857391,-1.3137535,0.20763631,1.1141268,-0.6158416,0.19237843,-0.2456953,0.49490374,0.37672937,1.2510972,0.03960876,0.0469278,0.992132,0.26633534,0.8168874,1.1113638,0.22952245,0.05101094,-1.1980268,0.066911295,0.23396297,0.44479033,-1.7978027,-0.17998908,0.7421073,-0.830187,1.0048928,-0.09297406,-0.6147621,-0.5486582,0.7546551,0.48140016,-0.4863756,0.4497844,0.6154591,0.35934234,-0.5244059,-0.20251557,0.48307374,0.766609,-0.6899936,-0.07027899,0.42861876,-0.7029596,Regional
-0.17787988,-0.076099314,0.6117047,0.36681226,0.06546632,-1.1599194,0.33799118,-0.7834638,-0.20839514,-0.36625475,-1.0647584,0.057138667,-0.18696015,-1.1269872,0.22199449,1.0454637,-0.49283713,0.13890122,-0.31538013,0.39515814,0.21543573,0.95515686,0.0535706,-0.0079813395,0.8468474,0.10549014,0.90537566,0.7801119,0.3130938,-0.017631745,-0.97261035,0.098237716,0.29801515,0.34006873,-1.6549163,-0.228134,0.6295007,-0.5929272,0.91807586,-0.20129398,-0.4600928,-0.37251848,0.59758687,0.43508324,-0.36886597,0.36627182,0.6234509,0.17342375,-0.41138104,-0.2532984,0.51912844,0.82570785,-0.65175563,-0.14627841,0.3306112,-0.5739398,Regional
-0.138652,-0.12581873,0.51271296,0.21298097,0.15838362,-0.7338188,0.25371444,-0.78263456,-0.21822467,-0.35924432,-0.6949956,-0.10387251,-0.08922418,-0.7454727,-0.0009882075,0.8732021,-0.30783662,0.05773204,-0.12681007,0.12350913,0.06908596,0.55224043,0.011187619,-0.20608535,0.5943126,-0.16073975,0.8566727,0.42452395,0.24160631,0.008563246,-0.7878181,0.12058512,0.31283003,0.14264385,-1.3945807,-0.1800362,0.59099704,-0.23600204,0.7819789,-0.14982978,-0.35877007,-0.30278388,0.46141815,0.40125656,-0.10534393,0.21507962,0.49447656,0.109045215,-0.20175251,0.049370628,0.33879495,0.6613668,-0.33443487,-0.16914366,0.41031116,-0.47567186,Nasional
-0.16246767,-0.07847847,0.5433397,0.20213872,0.14740892,-0.7279804,0.26927006,-0.8091294,-0.22739403,-0.41157553,-0.7255164,-0.07948315,-0.10515579,-0.742591,-0.04335594,0.91622806,-0.30684176,0.05518924,-0.103556395,0.1283425,0.03656899,0.51239645,0.032729194,-0.21067336,0.5208502,-0.18966559,0.9244385,0.34101933,0.2041281,0.0138023095,-0.68377554,0.18191005,0.32272962,0.15694936,-1.370123,-0.218388,0.5467167,-0.21160626,0.7796455,-0.09207232,-0.34605452,-0.28495455,0.46233663,0.40898615,-0.028801622,0.15661547,0.5494858,0.06595941,-0.15757178,0.0027539397,0.38752812,0.697336,-0.3210611,-0.17517136,0.38724658,-0.49995816,Nasional
-0.12951419,-0.094657965,0.5616294,0.3121688,0.09372318,-1.093037,0.20370346,-0.62987065,-0.19289324,-0.367833,-0.92255056,0.027800582,-0.11228105,-1.0082325,0.18356659,0.8960301,-0.4816709,0.062129553,-0.2818971,0.38063765,0.18387909,0.85501117,0.043094046,0.015376458,0.75247854,0.13315798,0.7436427,0.6924723,0.24983239,-0.027048353,-0.8970752,0.050021194,0.1627971,0.3140846,-1.4156297,-0.1848719,0.5497469,-0.51097935,0.7960691,-0.11161133,-0.44854915,-0.35995394,0.52852,0.35732028,-0.3815673,0.33885455,0.5197928,0.2180324,-0.43058673,-0.19133647,0.40089032,0.71078765,-0.5532558,-0.1811622,0.359314,-0.47033426,Regional
-0.13630573,-0.10920731,0.5536146,0.3792252,0.088512704,-1.1802467,0.26023912,-0.6545355,-0.20637219,-0.3375349,-0.9661243,0.083406,-0.13737187,-1.120863,0.24826424,0.9242903,-0.5027704,0.14628284,-0.30222985,0.42634118,0.2737889,0.97594005,0.06498621,0.053908408,0.87308806,0.20783047,0.7373603,0.90008044,0.28340608,0.0019675244,-0.9917396,0.029622257,0.21602833,0.37989724,-1.5206596,-0.17041525,0.5703279,-0.6544368,0.835406,-0.16266541,-0.48151702,-0.3958796,0.6015829,0.38523236,-0.42791364,0.39317453,0.54452693,0.23893914,-0.4538333,-0.20719333,0.43639204,0.6712895,-0.685963,-0.12795803,0.34630474,-0.53863853,Regional
-0.1660824,-0.17186157,0.64611495,0.30682206,0.33517203,-0.8899653,0.027429452,-0.9455419,-0.3844892,-0.64041823,-0.5865725,-0.22558045,0.028110987,-0.92450327,-0.08905059,0.927173,-0.42768514,0.09057761,0.035759408,0.12914598,0.05400051,0.6129485,0.08256692,-0.3650371,0.79016334,-0.15450451,0.96991706,0.63894975,0.25273988,0.032661203,-1.0545632,0.16914338,0.31029123,0.306151,-1.5770844,-0.22787301,0.6853462,-0.3135724,0.96476257,-0.041663803,-0.52830917,-0.44363818,0.59556884,0.43933696,-0.070910804,0.22133298,0.56203103,0.2700883,-0.22333525,0.32591957,0.20817626,0.63653314,-0.44724226,-0.22740823,0.7022373,-0.71484935,Megapolitan
-0.14416508,0.14960939,1.2534376,-0.08302431,0.40906575,-1.4376782,-0.33317554,-0.6390694,0.026555805,-1.1611602,-0.5819471,-0.69245386,-0.05397841,-1.095021,-0.33027145,0.8435132,-0.84547263,-0.7887191,-0.2602927,0.3533366,-0.88275796,0.15380225,0.14048883,-0.5178559,0.44696382,0.10237769,1.3690174,-1.021477,0.4591605,-0.33408046,-0.69232917,0.27676725,-0.3047303,0.4346593,-1.3458751,-0.35324654,0.45298442,0.39578488,1.0691546,0.58598083,-0.4653534,-0.080591924,0.39939013,0.009114125,-0.28757575,-0.03030591,0.69728446,-0.29689002,-0.5187128,-0.03694826,0.41293412,1.6054926,-0.39060852,-1.0480651,1.1887162,-0.6657973,Bola
-0.15667228,-0.20619239,0.54483575,0.26315063,0.15121432,-0.7408639,0.30113924,-0.91550153,-0.29554415,-0.38611484,-0.90952164,-0.10450301,-0.07224634,-0.78384715,0.024060002,1.0640423,-0.35671005,0.032342732,-0.18310538,0.10909066,0.09630846,0.65834624,-0.032268766,-0.20123409,0.6569149,-0.2339128,0.9003105,0.47882348,0.20804323,-0.021622524,-0.9608275,0.12851237,0.31109703,0.05343307,-1.6055791,-0.20605132,0.73317426,-0.27157927,0.88749826,-0.20073906,-0.42626858,-0.34694842,0.5156402,0.5138335,-0.16595127,0.3087382,0.53491515,0.18733291,-0.2927206,0.040923234,0.3742102,0.7907807,-0.21810721,-0.17158835,0.38810492,-0.39768338,Nasional
-0.040352784,0.15150557,1.0817175,-0.09041871,0.36320123,-1.2266012,-0.24514854,-0.62455595,0.041049834,-0.96132797,-0.38532445,-0.6148931,-0.009354144,-0.95993966,-0.32625377,0.74262697,-0.73701227,-0.60088724,-0.2484921,0.24943489,-0.7629896,0.0746251,0.1533675,-0.451867,0.45823297,0.007939143,1.2179191,-0.7813462,0.39622077,-0.20374839,-0.70167035,0.21866708,-0.21489163,0.43135282,-1.320182,-0.30788365,0.3724759,0.33792192,1.0223268,0.5080313,-0.37899485,-0.088466495,0.40603435,0.010730072,-0.17678581,-0.044707466,0.64764607,-0.25291142,-0.43646073,0.0473005,0.42322755,1.395855,-0.4607379,-0.8978055,1.1024225,-0.55089056,Bola
-0.07733276,0.2395099,1.3063805,-0.1842601,0.40848693,-1.4667419,-0.38205996,-0.6223726,0.07844824,-1.1802547,-0.4802778,-0.7658435,0.010417856,-1.0735307,-0.37349504,0.8596569,-0.8750748,-0.8422268,-0.35400155,0.35142708,-1.0016807,0.002621,0.17677374,-0.5469279,0.45761368,0.029169163,1.44119,-1.1388793,0.47099197,-0.31580603,-0.68859464,0.29430333,-0.37746832,0.4909336,-1.3527457,-0.39870447,0.36563388,0.4933455,1.0873868,0.66405123,-0.43437502,-0.033943594,0.38928095,-0.07363165,-0.21484736,-0.06828258,0.7726026,-0.32305193,-0.5403059,-0.031128068,0.43163046,1.6691055,-0.42596057,-1.1385666,1.2918756,-0.5582595,Bola
-0.12693305,0.17816858,1.2684664,-0.13659006,0.4115674,-1.3718051,-0.39375943,-0.5916625,0.046521503,-1.1765745,-0.45596647,-0.78259903,-0.04416053,-1.0309242,-0.38729286,0.75725013,-0.86639744,-0.86341786,-0.27525964,0.31018034,-0.9989259,0.026437573,0.16311178,-0.5626034,0.37313703,0.12183222,1.3247325,-1.2200283,0.44029722,-0.3797507,-0.6859839,0.27402532,-0.38567996,0.4270818,-1.2369671,-0.38291675,0.40952435,0.5410481,1.0494976,0.66425484,-0.42879412,-0.012376655,0.33169764,-0.0488819,-0.27702513,-0.07100505,0.64854264,-0.35644013,-0.5370192,0.0058947704,0.39148134,1.6659919,-0.334634,-1.1163996,1.2519063,-0.61724216,Bola
-0.20988493,-0.16594195,0.5961236,0.2985655,0.24165934,-0.84577304,0.19869815,-0.8663018,-0.3109867,-0.57559216,-1.0687292,0.020130703,-0.09458953,-0.85146105,-0.027144859,1.0342749,-0.35949802,0.03820063,-0.08002313,0.18251216,0.17473477,0.7729036,-0.06434114,-0.1549329,0.54594773,-0.20089978,0.8835361,0.5101492,0.12753241,0.105964184,-0.7489512,0.22383751,0.2638773,0.09555515,-1.5060652,-0.13934521,0.67256856,-0.3874505,0.83628184,-0.038905464,-0.448939,-0.4170687,0.5776895,0.47923753,-0.10232849,0.22742951,0.5880671,0.22443038,-0.22453332,-0.10333421,0.34670419,0.6832469,-0.22253022,-0.13291396,0.37671876,-0.48898828,Money
-0.073103696,-0.028939506,0.5521673,0.074950494,0.14795907,-0.79240996,0.032665417,-0.5327479,-0.09893084,-0.47359625,-0.6137793,-0.15607697,-0.036500618,-0.67339563,-0.04351934,0.69943184,-0.37608695,-0.1519668,-0.17054084,0.20252924,-0.092429966,0.40701842,0.00829111,-0.16646239,0.44068033,-0.07488953,0.77233875,0.07192234,0.20862427,-0.07557527,-0.563601,0.11259121,0.044171173,0.1865118,-1.0657985,-0.19573393,0.4097008,-0.06657234,0.66253334,0.05793787,-0.31058866,-0.22189125,0.31631872,0.21307819,-0.1650331,0.13143532,0.43931192,0.06352514,-0.27172378,-0.04916793,0.2832325,0.69170773,-0.27722335,-0.33612376,0.47058597,-0.34225348,Tekno
-0.16584149,-0.23233786,0.55488646,0.23323882,0.16055873,-0.78420347,0.21346426,-0.8253436,-0.2946738,-0.4791098,-1.0031128,-0.07422286,-0.054205585,-0.7430992,-0.008644245,1.0749755,-0.3886112,-0.08637722,-0.17984101,0.13257287,0.084151134,0.71732694,-0.071727864,-0.11718686,0.56210613,-0.18278812,0.80933875,0.401707,0.12473987,-0.0575903,-0.883445,0.12341952,0.18706793,0.015982883,-1.4994088,-0.1990548,0.7383133,-0.24316204,0.8498631,-0.1166404,-0.43970326,-0.38482353,0.47100526,0.48782682,-0.225065,0.2809568,0.48528346,0.23174943,-0.36836958,-0.031614065,0.33390874,0.775927,-0.083774455,-0.20857064,0.3923298,-0.33063838,Money
-0.14837316,-0.060653612,0.6227064,0.2636833,0.19577786,-1.0470233,0.23307227,-0.7662032,-0.1769765,-0.4563632,-0.81487596,-0.06295245,-0.14281335,-0.9978324,0.070840135,0.89845306,-0.41278368,0.09382397,-0.17501868,0.27870372,0.12015201,0.7251496,0.04748201,-0.14837211,0.73809713,-0.04718682,0.9318737,0.59553015,0.32444936,0.056295693,-0.8672904,0.117864884,0.29480925,0.3075595,-1.5266838,-0.17494918,0.5816574,-0.4100806,0.85574603,-0.105363175,-0.43117094,-0.35286233,0.5712564,0.3505528,-0.19586426,0.2545107,0.60493475,0.14230338,-0.2742597,-0.06398821,0.36998242,0.7197602,-0.59108216,-0.21720591,0.45240384,-0.59748274,Regional
-0.14655614,-0.13822073,0.5183225,0.23043486,0.19682084,-0.7354556,0.1677241,-0.74661654,-0.2656247,-0.47022858,-0.81917703,-0.0607778,-0.05819351,-0.7313432,-0.0221629,0.89631975,-0.34067625,0.021569245,-0.078708954,0.14065948,0.09885924,0.6194508,-0.02044165,-0.16122277,0.5233764,-0.15472127,0.7807334,0.43132818,0.14355706,0.03752215,-0.7627495,0.15208264,0.20946899,0.113662116,-1.3311145,-0.14611663,0.60411257,-0.2885518,0.7602682,-0.049874812,-0.40339473,-0.35354087,0.48105565,0.3924906,-0.11489949,0.2227711,0.49131343,0.20828995,-0.24391206,0.007759565,0.28586283,0.63098866,-0.20967403,-0.15397906,0.3963746,-0.42364395,Money
-0.20911764,-0.30013394,0.6051791,0.45451334,0.32137418,-0.76853967,0.23938264,-1.0233114,-0.51314515,-0.6605294,-1.0279917,0.01972149,-0.027275486,-0.94012296,-0.08797947,1.1667877,-0.42447457,0.1734933,0.08509797,0.11152452,0.2698245,0.9337222,-0.054416675,-0.26135713,0.7157772,-0.12649319,0.84002924,0.81201905,0.05525553,0.19000003,-1.1271077,0.18663113,0.28787693,0.070312954,-1.7247401,-0.05396699,0.87728554,-0.56116146,1.0368196,-0.017940128,-0.6059226,-0.55064166,0.7436424,0.5351171,-0.07329086,0.3599139,0.58396924,0.4043078,-0.23579156,0.12756994,0.29663706,0.6372953,-0.16637713,0.03431185,0.45481795,-0.65816355,Money
-0.22340512,-0.42152986,0.5976431,0.49638528,0.28847322,-0.82129455,0.3290469,-1.0858772,-0.54911375,-0.6463728,-1.2794964,0.10051817,-0.0065762694,-0.9747897,-0.050722,1.3483441,-0.4677495,0.14746732,0.003063738,0.1229963,0.35400462,1.1133415,-0.13374797,-0.17345567,0.7721312,-0.137393,0.8310262,0.9392857,0.005783388,0.18499574,-1.2365211,0.14941332,0.28466123,-0.022738306,-1.9231465,-0.040590573,1.0300258,-0.66877335,1.1180087,-0.088048615,-0.66621464,-0.6415245,0.8151542,0.6554302,-0.17368062,0.4567688,0.5817958,0.47975373,-0.3420557,0.056714512,0.3586217,0.687368,-0.07002249,0.07312288,0.3820222,-0.5706405,Money
-0.13334528,0.18866828,1.2376796,-0.12029253,0.38661352,-1.3643365,-0.40737325,-0.612597,-0.008020918,-1.1685275,-0.620915,-0.71657175,-0.048007067,-1.0111849,-0.32566166,0.8602135,-0.8311628,-0.8655523,-0.26778585,0.3621397,-0.92599225,0.061630804,0.094551474,-0.56044376,0.32200697,-0.008334995,1.4236366,-1.1913625,0.41902086,-0.37621292,-0.5848283,0.2952213,-0.36975282,0.3812053,-1.2036666,-0.39769822,0.38669497,0.49421453,0.9937356,0.6074312,-0.43851438,-0.05637924,0.32078183,-0.025089122,-0.2646238,-0.059497204,0.72005874,-0.2667886,-0.50350887,-0.07828086,0.3694844,1.6753716,-0.24213876,-1.0962083,1.1534693,-0.5883474,Bola
-0.1393334,-0.045796905,0.60334444,0.19792813,0.23120536,-0.8806301,0.052609462,-0.68598133,-0.157682,-0.5223073,-0.63218755,-0.1425222,-0.048897047,-0.829993,-0.0329881,0.74955726,-0.4015535,-0.031301375,-0.104737714,0.16955408,-0.027011193,0.49779493,0.0138487965,-0.24454342,0.58307475,-0.09575919,0.86844003,0.29423177,0.24460328,0.023005396,-0.6901301,0.1600744,0.19041985,0.26136637,-1.3083797,-0.1780183,0.4800299,-0.21873266,0.78416383,0.051965795,-0.37478137,-0.30968645,0.49333167,0.30537623,-0.12006562,0.13177194,0.5064906,0.08110505,-0.21983343,0.03913254,0.31006664,0.680913,-0.44864848,-0.29724482,0.5178799,-0.54247254,Nasional
-0.14106892,-0.23204252,0.52703655,0.22599629,0.10523518,-0.64461577,0.16154161,-0.76853466,-0.30978233,-0.45561305,-0.97754425,-0.1204145,-0.0529651,-0.608054,-0.009294266,1.003729,-0.40040773,-0.17129867,-0.20605609,0.101474434,-0.0045226924,0.61935735,-0.09395273,-0.14628506,0.4368705,-0.17873783,0.7402304,0.15613218,0.068992965,-0.14200734,-0.82806855,0.10853708,0.08205526,-0.06459793,-1.3294877,-0.22320394,0.69774306,-0.09863109,0.79196507,-0.06838013,-0.4164028,-0.30361894,0.36198178,0.44104066,-0.2734967,0.2768117,0.40892023,0.2081933,-0.39611605,-0.051579736,0.31784457,0.8866368,0.081362784,-0.24103327,0.3543955,-0.23386943,Money
-0.112528,-0.061631706,0.5664262,0.18531339,0.20208953,-0.9107,0.15124546,-0.7002604,-0.17342864,-0.44538465,-0.7152849,-0.084451735,-0.07733414,-0.8479344,0.032100968,0.85130584,-0.36164263,0.018287871,-0.16418265,0.22203328,0.06766096,0.58892816,0.047314852,-0.15930425,0.6375448,-0.120894805,0.8664618,0.46427017,0.27112117,0.047988635,-0.7314882,0.13860454,0.24197564,0.2395635,-1.3541665,-0.16411768,0.51933765,-0.3181977,0.7574326,-0.05544421,-0.3948636,-0.31081793,0.4987923,0.3137802,-0.12682831,0.21333739,0.5736021,0.14646293,-0.22631405,-0.03927124,0.3193795,0.6360532,-0.474511,-0.22975461,0.44889548,-0.4792797,Regional
-0.08413612,-0.057353914,0.50882035,0.13923404,0.16984086,-0.7755631,0.1435566,-0.5938006,-0.11659064,-0.39836103,-0.58698547,-0.11262314,-0.07666759,-0.71622384,-0.009962253,0.7050693,-0.32558712,-0.030814003,-0.13414168,0.18714282,0.004048389,0.4663295,0.032216355,-0.16372712,0.5272967,-0.083760224,0.77925545,0.2922228,0.25380406,0.021528607,-0.6127591,0.10334257,0.18845525,0.18728307,-1.162217,-0.13711907,0.45712614,-0.208503,0.6825401,-0.050920215,-0.31910878,-0.25716415,0.40249762,0.2665657,-0.12832274,0.15727004,0.4585627,0.061014377,-0.19994394,-0.030591164,0.30331132,0.59041816,-0.39337152,-0.23357353,0.4279848,-0.42944446,Regional
-0.24875803,-0.18849225,0.6723259,0.35619354,0.37909645,-0.98552424,0.24831371,-0.75400054,0.015052165,-0.46755224,-0.7486159,0.025937095,-0.0421434,-1.0303112,-0.06648199,0.7424197,-0.4453368,0.09019713,-0.11784152,0.10638528,0.15603736,0.72585076,-0.12381372,-0.17850271,0.6924118,0.011711114,0.8037618,0.63943815,0.2222761,0.31071714,-0.7833166,0.12740807,0.27142534,0.25583506,-1.755337,0.063310914,0.6961491,-0.5086883,0.9861669,0.010666665,-0.36270106,-0.4457338,0.8446309,0.48574102,-0.19751418,0.12104549,0.4002461,-0.051828686,-0.23513046,0.01204641,0.48594615,0.6033625,-0.7209862,-0.2018224,0.43764248,-0.6890018,Nasional
-0.21516341,-0.15243222,0.6823209,0.30486545,0.36624518,-0.96666956,0.20695052,-0.76700944,-0.008323504,-0.4926508,-0.65149313,-0.07476077,-0.03547394,-1.0013864,-0.08835925,0.7321956,-0.4459022,0.03125122,-0.10576297,0.104410894,0.061119683,0.6246547,-0.06466566,-0.24905126,0.6991562,-0.012730582,0.86461985,0.52004236,0.26859036,0.2326631,-0.8118994,0.12368848,0.26069164,0.2699785,-1.6890014,0.00051322294,0.6585613,-0.4091137,0.9784397,0.015682967,-0.37362373,-0.4040814,0.7744025,0.428792,-0.17532541,0.11737652,0.42698047,-0.055478763,-0.23249093,0.06323776,0.46080628,0.65821666,-0.69142264,-0.27575564,0.54391104,-0.680699,Nasional
-0.22234763,-0.085650444,0.5325929,0.2980213,0.09333203,-0.6327183,0.37452206,-0.9622767,-0.31959975,-0.41185853,-0.8328408,-0.05066127,-0.19036287,-0.7769302,-0.011421942,1.0087528,-0.28979313,0.2041233,-0.060855914,0.086285695,0.110944994,0.6019978,0.038006514,-0.25689086,0.58135945,-0.22611031,0.9996039,0.4509621,0.22065003,0.035312064,-0.7957687,0.23978779,0.46333307,0.12618291,-1.5287361,-0.24997674,0.64029276,-0.28234938,0.8656146,-0.18174702,-0.32935265,-0.29987928,0.48418307,0.47495344,0.01887146,0.19740911,0.5902694,0.067164935,-0.10720809,0.009474799,0.43343046,0.7586908,-0.30420467,-0.058361858,0.31100363,-0.6007591,Nasional
-0.20132186,-0.078033,0.5837919,0.26140466,0.14798148,-0.76728106,0.34869507,-0.88697904,-0.23920913,-0.40821838,-0.8557219,-0.07265995,-0.18443167,-0.8278019,0.013563727,0.98112196,-0.3151438,0.14353393,-0.11139834,0.14162807,0.09765008,0.6330462,0.013419616,-0.21912532,0.627489,-0.19654818,1.0060083,0.4574695,0.27789375,0.048289273,-0.78288156,0.20114881,0.4137427,0.14988858,-1.5483686,-0.20167923,0.63843125,-0.2907882,0.8767817,-0.17905949,-0.35405073,-0.30849493,0.51052547,0.4510773,-0.04790863,0.2068482,0.5988215,0.065933876,-0.15130825,-0.04123744,0.41447935,0.75294185,-0.38651565,-0.13001616,0.34963182,-0.58515114,Nasional
-0.15583321,-0.057066247,0.6074588,0.2047715,0.15782861,-0.78069896,0.23241207,-0.8390547,-0.23839176,-0.45030963,-0.75120735,-0.15774374,-0.1386652,-0.7954565,-0.02033983,0.9288325,-0.35505745,0.04017714,-0.121634476,0.14507452,0.0027089783,0.5376355,0.032852247,-0.26652893,0.58684653,-0.18686181,1.0049528,0.29861978,0.27461514,-0.019059232,-0.79653096,0.18801521,0.31470656,0.16285856,-1.4476967,-0.23614734,0.6043634,-0.17248446,0.8524927,-0.10982324,-0.36417535,-0.2857002,0.4446183,0.38669777,-0.087885566,0.18575855,0.5673139,0.073329724,-0.20260689,0.013138892,0.35953715,0.81501496,-0.3413314,-0.22803725,0.4512157,-0.54918486,Nasional
-0.14054795,-0.12561901,0.5383328,0.16834562,0.17054914,-0.82183117,0.1752968,-0.6525838,-0.16719456,-0.4051488,-0.80289155,-0.09898429,-0.060068652,-0.6982149,0.006436312,0.8667506,-0.3470431,-0.08956269,-0.1660122,0.20700583,0.037810937,0.5796419,-0.021840302,-0.10261675,0.49084496,-0.13043836,0.7936717,0.29334334,0.18864326,-0.05373653,-0.65944594,0.101868495,0.16796751,0.09577997,-1.2495812,-0.1577345,0.560161,-0.19277221,0.7335772,-0.0950538,-0.37371466,-0.30735013,0.40205124,0.3842847,-0.20862491,0.22093217,0.44181985,0.15762311,-0.30174214,-0.06897987,0.32384077,0.6887528,-0.23384936,-0.26276594,0.37843877,-0.36322293,Otomotif
-0.14145464,-0.32141358,0.5629485,0.33142135,0.19876716,-0.80525094,0.3022241,-0.9513077,-0.35311994,-0.49621728,-0.9129343,-0.07505396,-0.053228464,-0.8643891,-0.05608349,1.0766094,-0.42088494,0.030134432,-0.10704903,0.12650906,0.16591084,0.79171485,-0.04200416,-0.17867433,0.70699847,-0.17267044,0.8843212,0.64483917,0.16347392,0.07512577,-1.0164754,0.1000886,0.30015656,0.069813594,-1.6830926,-0.13854168,0.8238562,-0.40477467,0.963023,-0.18508394,-0.4754209,-0.47036937,0.62080085,0.5526349,-0.20182781,0.3026654,0.49135605,0.24005003,-0.30545506,0.08313093,0.39650068,0.71490717,-0.25899655,-0.12881756,0.4737421,-0.5011577,Money
-0.052513253,-0.21074568,0.5709338,0.20458578,0.26049247,-0.9453208,0.20830932,-0.7690586,-0.14788042,-0.4230969,-0.46830902,-0.20154154,-0.022170853,-0.9244925,-0.07578336,0.78570557,-0.4242558,-0.011480281,-0.12274029,0.17210887,0.04789097,0.5770207,0.08173831,-0.21028681,0.78670114,-0.06617429,0.89787805,0.5862072,0.3371028,0.08755394,-0.9255871,0.016887803,0.2939752,0.27124077,-1.5237861,-0.11579207,0.6466715,-0.3457739,0.90294623,-0.17011823,-0.41647878,-0.397247,0.59022933,0.36128536,-0.21101332,0.2096713,0.44594443,0.09948034,-0.2712939,0.18169247,0.37218407,0.6121957,-0.6411272,-0.2719083,0.65670365,-0.57788587,Regional
-0.16604954,-0.110482894,0.6739648,0.23715039,0.31235993,-1.0629191,0.2391087,-0.71410096,0.01609765,-0.4300228,-0.7417223,-0.037767034,-0.043379344,-0.9907711,0.009269094,0.8309941,-0.43489358,0.00733258,-0.21807308,0.19344093,0.07860113,0.64564884,-0.047630347,-0.14115255,0.7456764,-0.040106237,0.9179754,0.55850804,0.31941676,0.17759357,-0.76140124,0.0982617,0.24566264,0.26920035,-1.659525,-0.028610673,0.6096134,-0.4309253,0.9265999,-0.05404022,-0.38121867,-0.37958091,0.7217489,0.41151443,-0.20403431,0.16927466,0.52228564,-0.007088077,-0.26655218,-0.06339529,0.4704838,0.64961064,-0.7110526,-0.28649178,0.47009686,-0.56549793,Nasional
-0.20102133,-0.14067039,0.6860926,0.28068444,0.33097288,-1.0660731,0.28777754,-0.7299061,0.07578555,-0.3983335,-0.75666964,-0.015237591,-0.05626811,-1.0255558,0.0071756826,0.79584336,-0.4467102,0.04048422,-0.2292872,0.15192056,0.100078814,0.6725687,-0.09499406,-0.15396443,0.7644132,-0.011635887,0.8977823,0.5803114,0.32534128,0.22895695,-0.79233634,0.09089116,0.27601075,0.26108688,-1.7769438,0.023393737,0.65474653,-0.46145567,0.9814036,-0.059091512,-0.35206488,-0.39576358,0.7942501,0.4555929,-0.23778401,0.15614516,0.46694812,-0.07923163,-0.28141773,-0.056752674,0.5362952,0.65985984,-0.774017,-0.28323162,0.44763353,-0.59954685,Nasional
-0.081891716,-0.09206929,0.5627643,0.090787776,0.18822509,-0.9348605,0.15768105,-0.6034991,-0.08845036,-0.3774195,-0.71914774,-0.1501198,-0.056368202,-0.7347932,0.029481156,0.8455033,-0.36616173,-0.14197266,-0.25334445,0.23271692,-0.01994504,0.51893485,0.02774554,-0.08845094,0.5659259,-0.12728804,0.8428307,0.2768573,0.27740964,-0.06498955,-0.67361027,0.06983535,0.15283233,0.1453896,-1.2693504,-0.16553295,0.5253071,-0.16668656,0.73090565,-0.0994526,-0.3758647,-0.27216354,0.3892891,0.31517917,-0.2344959,0.2312399,0.50097233,0.12726209,-0.3327307,-0.09145773,0.32328835,0.69613135,-0.3803359,-0.34343436,0.45182484,-0.32408756,Regional
-0.21199913,0.055050835,0.8497106,0.1975229,0.19368604,-0.89848703,-0.06752569,-0.82898736,-0.2093094,-0.86282945,-0.80700743,-0.3887265,-0.18909061,-0.86338747,-0.16031402,0.8724,-0.58085054,-0.33905762,-0.10136266,0.20799173,-0.465582,0.35947058,0.0038825176,-0.5487092,0.38805458,-0.17690581,1.2565488,-0.599041,0.36048123,-0.29231745,-0.70055455,0.30789387,0.049265485,0.16555342,-1.2977278,-0.37699124,0.5254569,0.15348369,0.96961415,0.2187124,-0.31837532,-0.19633348,0.36489755,0.1807205,-0.19878381,0.029702974,0.57201153,-0.090822764,-0.25459972,-0.0497634,0.4186947,1.3956223,-0.1328121,-0.5928086,0.6772873,-0.6588475,Bola
-0.11892748,-0.053403825,0.7096075,0.10727198,0.30379757,-1.1698791,0.16200994,-0.72648156,-0.062156133,-0.47806334,-0.77171654,-0.18326443,-0.063045055,-0.9512725,0.01637194,0.94470376,-0.42536527,-0.13973248,-0.2556257,0.28200698,-0.015698463,0.6235753,0.05730204,-0.15254821,0.700085,-0.13339183,1.0127383,0.38312486,0.38352236,-0.012855221,-0.76460767,0.11149365,0.23271288,0.2592915,-1.5098784,-0.16282055,0.581896,-0.24831788,0.86462086,-0.08801222,-0.45305237,-0.31532055,0.5176469,0.35572383,-0.20756194,0.23964669,0.6338865,0.12334422,-0.31702077,-0.08688837,0.35882568,0.75080794,-0.5874553,-0.42372975,0.5686582,-0.47912434,Regional
-0.14747241,-0.09047439,0.65539664,0.1697674,0.29361594,-1.0277117,0.08677125,-0.7134631,-0.16898473,-0.54334337,-0.8462565,-0.12424861,-0.035975218,-0.8559828,-0.029469106,0.90874547,-0.41928983,-0.13601875,-0.15936695,0.26630446,0.017985962,0.64578265,-0.01138512,-0.15515134,0.5475436,-0.1403349,0.8986826,0.32023102,0.22511353,-0.0035711857,-0.7000277,0.14243755,0.1571879,0.18613444,-1.3703345,-0.14418681,0.5791663,-0.23418733,0.80032116,-0.0019057145,-0.44706044,-0.36125708,0.4839902,0.3697053,-0.2104115,0.21919009,0.53925574,0.18772756,-0.30851638,-0.06776053,0.31156433,0.7410671,-0.37740943,-0.35107768,0.50520223,-0.46554443,Money
-0.16901422,-0.16000868,0.60531384,0.22162978,0.23499987,-0.89927214,0.13380963,-0.74216264,-0.2371498,-0.5094511,-0.9609208,-0.076841004,-0.021773137,-0.8033349,-0.024007265,0.98216146,-0.41173065,-0.10292095,-0.15856266,0.22936492,0.07425443,0.71114933,-0.062326636,-0.10802151,0.5308929,-0.15018117,0.825883,0.38827252,0.14754081,-0.011296488,-0.75818664,0.13203022,0.14371279,0.091232836,-1.3929064,-0.14404039,0.64897543,-0.27456224,0.8083626,-0.054834165,-0.44506112,-0.39008072,0.482901,0.43687454,-0.2299432,0.27020136,0.48826683,0.24617805,-0.35684818,-0.07573722,0.32072172,0.73752075,-0.19920194,-0.26171583,0.4245472,-0.37764326,Money
-0.13506486,-0.10296402,0.64022857,0.14469968,0.21031179,-0.96099705,0.081684455,-0.6577618,-0.17225036,-0.51384366,-0.9686411,-0.12259412,-0.009882375,-0.7629426,-0.018250033,0.97020453,-0.43110693,-0.22116585,-0.22850883,0.27001315,-0.032059383,0.61417186,-0.061025187,-0.085663274,0.45331776,-0.16945228,0.8686576,0.17681065,0.148362,-0.08575009,-0.64980423,0.12662107,0.042683132,0.09690847,-1.3002551,-0.17823881,0.5595583,-0.15673013,0.76676214,-0.0019841797,-0.425335,-0.3390966,0.42193356,0.37845123,-0.25989547,0.23793384,0.5132184,0.21044269,-0.39624232,-0.1411835,0.33488974,0.8419269,-0.17635515,-0.37754288,0.43716446,-0.2921443,Money
-0.23932907,0.098146826,0.8863327,0.13075487,0.16751243,-0.9459146,-0.02097923,-0.75031066,-0.11500265,-0.84787583,-0.8139421,-0.40783632,-0.25245753,-0.8639968,-0.15732594,0.8287559,-0.5750175,-0.42914343,-0.14096405,0.2259487,-0.5416985,0.3238083,0.012665538,-0.50708836,0.27373308,-0.118792765,1.3050466,-0.7854986,0.39863008,-0.38011807,-0.5537526,0.3015554,0.0281671,0.12853476,-1.1995579,-0.38419187,0.49797577,0.2242911,0.93242896,0.20986597,-0.27610946,-0.1267386,0.30512753,0.14108887,-0.22362633,-0.007789573,0.5706944,-0.2123098,-0.25208366,-0.16929695,0.48500222,1.4699082,-0.16537529,-0.65201336,0.6354757,-0.6707672,Bola
-0.24934156,0.11204185,0.99756664,0.16462946,0.20077327,-1.0817994,-0.05245687,-0.8412531,-0.14540032,-0.95754844,-0.9698138,-0.44374567,-0.25758168,-0.9668811,-0.15271561,0.95123124,-0.659933,-0.48887628,-0.17225344,0.28752187,-0.5858049,0.404453,-0.018984925,-0.5536183,0.3513567,-0.14972861,1.4766333,-0.8281999,0.4509477,-0.40604907,-0.66485095,0.32710716,0.008371938,0.14734706,-1.3834523,-0.40195715,0.5872652,0.20643176,1.0678089,0.21569155,-0.3255113,-0.17988183,0.35953718,0.15701771,-0.29569164,0.012597548,0.6373104,-0.18164425,-0.3114384,-0.20284091,0.5119364,1.6574253,-0.16657989,-0.72609437,0.7122635,-0.728169,Bola
-0.20698899,-0.17692655,0.5867279,0.28323624,0.13495208,-0.6574573,0.30341434,-0.99230176,-0.34867668,-0.44757053,-0.88543767,-0.17847385,-0.14111812,-0.76202404,-0.026538229,1.059494,-0.35760245,0.072039545,-0.11518463,0.06309906,0.03226172,0.60614216,-0.0014913805,-0.29091975,0.59795743,-0.26447698,0.9731762,0.33728203,0.21623518,-0.060788747,-0.9749399,0.18621938,0.35312864,0.047065414,-1.6077913,-0.2702221,0.7517568,-0.15572834,0.9314347,-0.19179541,-0.3892868,-0.31204188,0.45855522,0.51501673,-0.10601674,0.26473543,0.53508264,0.1333822,-0.24029747,0.10549849,0.36850703,0.9083582,-0.1493372,-0.1819787,0.41204363,-0.5001029,Nasional
-0.21056572,-0.36577788,0.53453505,0.3520605,0.071532816,-0.53500503,0.33256194,-1.0694389,-0.4625884,-0.3979935,-1.1042013,-0.18870921,-0.07310933,-0.6684789,0.017032024,1.2297978,-0.39803153,-0.017827034,-0.1909654,0.011256827,0.053387284,0.7218382,-0.09780258,-0.24213041,0.6075323,-0.30371496,0.8510829,0.33880767,0.106890805,-0.1881111,-1.2017665,0.11542203,0.26295143,-0.15594201,-1.7235054,-0.2852726,0.93533707,-0.13209783,0.98093283,-0.29033995,-0.45375034,-0.34796265,0.42706335,0.64953655,-0.26371387,0.4131814,0.45039028,0.26559862,-0.41882172,0.12857409,0.36652043,1.0287024,0.17120025,-0.16244967,0.3375333,-0.27021608,Nasional
-0.08054321,-0.013429589,0.6044139,0.07774063,0.2010345,-0.9912799,0.22363903,-0.6124792,0.004499046,-0.3050636,-0.61458606,-0.1646701,-0.10230213,-0.8233798,0.085637294,0.81590927,-0.32502583,-0.038270652,-0.26671636,0.2317786,-0.024732465,0.4889512,0.074062034,-0.11844892,0.69058514,-0.11667151,0.94789565,0.37990177,0.43139964,-0.015630497,-0.6566361,0.07290882,0.26262826,0.24934313,-1.3408701,-0.15894185,0.4616847,-0.23290382,0.7572578,-0.18334271,-0.34297046,-0.22197983,0.45082787,0.28629482,-0.15804051,0.21074441,0.59146184,0.029341789,-0.25494316,-0.110778615,0.36389148,0.64203906,-0.6111771,-0.33916107,0.46126425,-0.40729994,Megapolitan
-0.086380646,-0.012374441,0.6633401,0.064083114,0.21836063,-1.0962052,0.21266142,-0.63390774,0.022787923,-0.36298206,-0.6504987,-0.186929,-0.10059678,-0.8801455,0.07518504,0.85085666,-0.37403923,-0.0900375,-0.29668784,0.2618887,-0.06455402,0.5021813,0.07391157,-0.13078944,0.7197352,-0.10975656,1.0244108,0.32163545,0.45940304,-0.035524648,-0.6742838,0.08485713,0.2444786,0.27745995,-1.4253616,-0.17852251,0.49574032,-0.20975356,0.81303686,-0.15636909,-0.37057224,-0.23624131,0.467686,0.2947325,-0.19885193,0.20549746,0.6215675,0.017069558,-0.2826941,-0.11077497,0.3923629,0.7301518,-0.6494759,-0.407775,0.5166606,-0.44253188,Megapolitan
-0.101531304,-0.020093134,0.66786414,0.11927082,0.2244823,-1.161071,0.26714694,-0.6788531,0.008154873,-0.32523373,-0.64897096,-0.16501856,-0.11667867,-0.977038,0.114238895,0.8789461,-0.37225923,0.0135746235,-0.28669956,0.2994677,0.013932433,0.5871657,0.10370794,-0.12578963,0.84148955,-0.07004054,1.050334,0.53530824,0.5077349,-0.006932591,-0.77790534,0.06486022,0.3283844,0.33436278,-1.5335234,-0.16855073,0.5209421,-0.32308087,0.85753256,-0.23500724,-0.38540065,-0.2769508,0.5322213,0.33021358,-0.20045575,0.2495912,0.64165723,0.03406102,-0.2847146,-0.09203492,0.4092102,0.6628236,-0.7814228,-0.35870674,0.53192943,-0.51903784,Megapolitan
-0.19572482,-0.07234956,0.61057794,0.2437168,0.12608893,-0.90556794,0.45417413,-0.933203,-0.16626026,-0.32222104,-0.90148735,-0.04150252,-0.20891047,-0.90017104,0.106328815,1.1020001,-0.2955981,0.17830308,-0.21792273,0.18121886,0.13504557,0.6702785,0.050274596,-0.16693515,0.7578639,-0.2157172,1.1336025,0.59100455,0.3760284,0.031989634,-0.7972732,0.1766443,0.5034086,0.19061047,-1.7094154,-0.22481184,0.6422943,-0.36944073,0.9124615,-0.31425247,-0.3674735,-0.29600152,0.55500823,0.49852008,-0.064710125,0.25381866,0.6937747,0.047404215,-0.18447718,-0.12528124,0.53574467,0.74299353,-0.554762,-0.15179941,0.33185267,-0.5440737,Megapolitan
-0.16557439,-0.063082896,0.6097767,0.2087698,0.14885437,-0.9110125,0.367057,-0.87987816,-0.15689112,-0.34771326,-0.8027204,-0.07663183,-0.16145144,-0.87996686,0.07866039,1.0427468,-0.310534,0.126796,-0.20787802,0.18909545,0.08422797,0.60545665,0.07038227,-0.18037179,0.73850304,-0.20668603,1.0987341,0.536496,0.37025395,0.015384445,-0.77895516,0.16106078,0.4415683,0.21827051,-1.6146333,-0.22480938,0.5965301,-0.33183464,0.8767122,-0.25813755,-0.3750969,-0.2855423,0.5353646,0.44777757,-0.06318553,0.23888505,0.671344,0.060625765,-0.19615647,-0.0812197,0.4851832,0.7236498,-0.5444135,-0.2001155,0.3925588,-0.52017707,Megapolitan
-0.16822088,-0.05321186,0.59732556,0.20713887,0.11286754,-0.89801633,0.42773503,-0.89670473,-0.14823118,-0.31227025,-0.83332086,-0.059949234,-0.19225205,-0.866382,0.09522448,1.0620984,-0.29380646,0.14890817,-0.2272692,0.18867035,0.09677857,0.6126242,0.06022142,-0.16959952,0.7351615,-0.21594234,1.1326149,0.53630954,0.38215554,0.009872757,-0.7601445,0.16452907,0.4792087,0.19941595,-1.6405513,-0.23559286,0.59597516,-0.32386693,0.8855109,-0.30077824,-0.34769985,-0.28119838,0.5247463,0.46542907,-0.062311716,0.23390518,0.6748191,0.031225875,-0.17924623,-0.115113534,0.525368,0.7340888,-0.55495447,-0.18233965,0.35562372,-0.5228493,Megapolitan
-0.07441213,-0.034550164,0.5521583,0.07763521,0.19774356,-0.9285943,0.2027501,-0.6011133,-0.006187697,-0.31635463,-0.6256307,-0.13339023,-0.08135773,-0.7855339,0.06421535,0.77635926,-0.3245636,-0.06241883,-0.26277545,0.20368873,0.0055707917,0.45815828,0.04988064,-0.1226304,0.6356305,-0.1396635,0.890093,0.34892312,0.38085556,0.011722411,-0.63602203,0.06433299,0.24338956,0.20558771,-1.311473,-0.13053216,0.46256468,-0.23712413,0.72211534,-0.1419837,-0.32903743,-0.2379817,0.45276356,0.27169713,-0.15578978,0.19542709,0.54713255,0.027220355,-0.23605177,-0.10136451,0.34984252,0.6066142,-0.5555295,-0.32071358,0.43813956,-0.3712935,Regional
-0.054579187,-0.027360313,0.47738585,0.06050337,0.17416051,-0.7923924,0.12741634,-0.5125754,-0.015403053,-0.29461864,-0.471448,-0.14793713,-0.058146697,-0.67411906,0.023390913,0.6241381,-0.2815622,-0.06473585,-0.19489448,0.17894776,-0.021475052,0.37498468,0.058300585,-0.13329946,0.53684103,-0.10578757,0.75345355,0.27571085,0.31820828,0.0007635682,-0.5515202,0.056072954,0.20243227,0.19149144,-1.0782933,-0.12139589,0.38824028,-0.17292774,0.6074182,-0.106580034,-0.29042763,-0.20460656,0.36837596,0.2096033,-0.12742491,0.15997534,0.4548728,0.030163497,-0.19850014,-0.046505067,0.27599025,0.5167407,-0.4767237,-0.28595746,0.41304988,-0.33557448,Regional
-0.06334725,0.0017345332,0.5622308,0.08039014,0.17506784,-0.96515524,0.23081475,-0.6105794,-0.0068953163,-0.29379,-0.58539915,-0.13602199,-0.10421291,-0.8163428,0.092092864,0.7806868,-0.31262174,-0.019355338,-0.26550996,0.2378602,0.0051939604,0.468052,0.081926815,-0.12983645,0.6899143,-0.116191745,0.9323123,0.40087903,0.41695133,0.0097953295,-0.64013696,0.072851814,0.2850694,0.25075215,-1.3239793,-0.1473437,0.4441278,-0.2618293,0.72601414,-0.17850977,-0.32150084,-0.22595757,0.45464575,0.25962776,-0.14723954,0.20286348,0.5854047,0.014646026,-0.21795903,-0.10837396,0.37535375,0.59801394,-0.64005345,-0.31140643,0.4421216,-0.40970275,Regional
-0.0020039256,0.049442966,0.5883575,-0.024647359,0.21301445,-1.0372895,0.15555361,-0.52897996,0.047944248,-0.3357118,-0.5366593,-0.17192714,-0.059433572,-0.8120908,0.060332123,0.7700095,-0.33012235,-0.12962677,-0.32826307,0.24220707,-0.05280473,0.4398869,0.10227961,-0.10083004,0.672648,-0.1365719,0.89636934,0.34035212,0.4424744,0.005898798,-0.6010553,0.05950877,0.21413827,0.29166135,-1.2385025,-0.16480571,0.408175,-0.2397097,0.68612254,-0.10820095,-0.34560692,-0.19007441,0.43471336,0.1831859,-0.11762296,0.18012142,0.6492354,0.052600805,-0.23317261,-0.13940215,0.29002532,0.58028406,-0.65408075,-0.38962358,0.494,-0.32078707,Regional
-0.05456911,0.019945374,0.5654853,0.04670488,0.20221332,-1.0043837,0.23642819,-0.58009815,0.043399412,-0.263673,-0.55812055,-0.14273107,-0.10914424,-0.8105973,0.10385365,0.756427,-0.28962103,-0.028004965,-0.29666173,0.23567514,0.0009783303,0.4563264,0.08834727,-0.11387281,0.70581096,-0.13133356,0.9331668,0.4131408,0.4586108,0.014615638,-0.61065793,0.060423248,0.29769263,0.25827172,-1.3170671,-0.1321181,0.42746818,-0.2627253,0.7058313,-0.19523124,-0.31701759,-0.20572592,0.46033558,0.24304326,-0.13836926,0.19818202,0.60258275,0.009379984,-0.20259728,-0.12909988,0.35496074,0.5574317,-0.6973395,-0.3361952,0.43805584,-0.38668883,Regional
-0.17799929,-0.16538048,0.5654283,0.243803,0.12548329,-0.6966668,0.24374302,-0.91799587,-0.32764953,-0.43528268,-0.8989501,-0.152378,-0.07580981,-0.71792686,-0.015474322,1.0653265,-0.35591933,-0.019325804,-0.15456639,0.114396304,0.0113535235,0.57444274,-0.0065184096,-0.23089723,0.54475677,-0.26646405,0.9170131,0.2948667,0.16854824,-0.08881265,-0.8840333,0.17153127,0.26984423,0.032619767,-1.490179,-0.26060987,0.672646,-0.14956297,0.84293026,-0.15264472,-0.40144143,-0.30378637,0.4263144,0.48946953,-0.1221985,0.26839277,0.5346566,0.17089283,-0.2872608,0.04949973,0.36949247,0.86529094,-0.0985668,-0.22952834,0.40433416,-0.37337998,Nasional
-0.15387897,-0.1624521,0.56981933,0.22367314,0.17679362,-0.72173893,0.14480005,-0.8396961,-0.31114647,-0.46437064,-0.83222836,-0.18444386,-0.02791943,-0.70497423,-0.0362477,0.9833863,-0.37334165,-0.073539495,-0.13768835,0.13355002,-0.010708128,0.5462282,-0.011920757,-0.23384325,0.52153563,-0.24904774,0.85334134,0.26603353,0.15685846,-0.08238276,-0.861233,0.15115291,0.18590339,0.052386917,-1.3949578,-0.22627166,0.63295305,-0.12336601,0.80479616,-0.089332506,-0.4138093,-0.3140926,0.41542062,0.43905184,-0.15093574,0.25455025,0.49443784,0.20632653,-0.30706775,0.08259885,0.2946153,0.8240211,-0.093344234,-0.27588776,0.4596589,-0.35347787,Nasional
-0.22383918,-0.43715394,0.57028365,0.5099751,0.12711726,-0.8903671,0.30037838,-1.0032706,-0.4890612,-0.50181663,-1.3300432,0.045998566,-0.03666351,-0.98550415,0.105384365,1.2854578,-0.54024816,0.054635223,-0.2092078,0.2099036,0.29443866,1.132683,-0.121128,-0.061780952,0.8146647,-0.009580191,0.7441497,0.8349619,0.0633171,-0.06629058,-1.3334857,0.056196462,0.19011952,0.022881951,-1.881399,-0.18363369,0.9860128,-0.5544978,1.069253,-0.19004038,-0.6118963,-0.5424482,0.6644281,0.6699723,-0.45422298,0.5150892,0.46813375,0.42827895,-0.5585795,-0.012863205,0.4175682,0.89455324,-0.0873384,-0.048593163,0.33933872,-0.4271088,Money
-0.12114282,-0.03816288,0.51231015,0.20958494,0.21742709,-0.64315826,-0.06339577,-0.6979159,-0.25940496,-0.56870013,-0.5050727,-0.15602033,-0.00948094,-0.6837186,-0.10977786,0.6876491,-0.35542625,-0.019740045,-0.00021279717,0.09038616,-0.05958124,0.3631328,0.04808288,-0.3494162,0.4499077,-0.17653093,0.75348127,0.16896507,0.15086202,0.029789176,-0.6507754,0.21960007,0.15847923,0.23058215,-1.0843891,-0.22132803,0.39290953,-0.114224486,0.68759257,0.16974024,-0.35059097,-0.2686496,0.41895458,0.22980446,0.0028399439,0.09681726,0.46146998,0.14129591,-0.14757088,0.13387305,0.22160426,0.6478166,-0.22862941,-0.25259095,0.5405687,-0.48402664,Nasional
-0.114407435,-0.086645104,0.608199,0.19104032,0.19387117,-0.85225624,0.07915332,-0.74853677,-0.23501353,-0.542767,-0.87292534,-0.113925464,-0.03330092,-0.7728719,-0.01757687,0.96483177,-0.41698048,-0.14144203,-0.18618216,0.20518234,-0.018517172,0.581856,-0.018493704,-0.1857481,0.511217,-0.16582212,0.8846974,0.24247663,0.17216526,-0.02906091,-0.7446283,0.15709518,0.116141126,0.15102561,-1.3407128,-0.216105,0.5692249,-0.18893881,0.79739696,0.019701708,-0.42996925,-0.32267562,0.45033535,0.33581707,-0.18534127,0.21935196,0.55331594,0.18988606,-0.3245665,-0.078854665,0.3285784,0.83188057,-0.2247666,-0.30499902,0.47666177,-0.3739114,Money
-0.12233979,-0.09962845,0.58184737,0.2019069,0.17083965,-0.74953854,0.047037404,-0.76199204,-0.25478217,-0.5400193,-0.66274595,-0.19356772,-0.043308448,-0.749287,-0.06641105,0.84422415,-0.4074824,-0.061138205,-0.09888142,0.13754453,-0.06660388,0.46909672,0.036287263,-0.28185114,0.54220426,-0.1630155,0.8547567,0.18776342,0.19610567,-0.050479125,-0.7946081,0.16480784,0.15305556,0.18269505,-1.3015208,-0.23480573,0.5238774,-0.11745811,0.7937041,0.03863122,-0.3776889,-0.28043035,0.42331254,0.30929536,-0.119972356,0.17719199,0.50125045,0.13390367,-0.266971,0.085456334,0.29620734,0.794445,-0.22925061,-0.29344004,0.5310861,-0.4537969,Nasional
-0.20972697,-0.2529322,0.59158003,0.29172915,0.25729662,-0.954501,0.1920111,-0.7967368,-0.24451278,-0.55882496,-1.1311386,0.026048744,-0.01806978,-0.88974166,0.030604236,1.0589973,-0.4096854,-0.043849032,-0.15633032,0.20569587,0.17424619,0.87355596,-0.097693674,-0.059592575,0.64403397,-0.11752201,0.80912465,0.5926089,0.16378301,0.061342023,-0.8158522,0.13283423,0.20954368,0.12055202,-1.5808954,-0.112122454,0.7681248,-0.44042954,0.8720076,-0.05231147,-0.5387068,-0.4653489,0.6218915,0.50956583,-0.24997112,0.29940677,0.525192,0.276975,-0.35013327,-0.09528451,0.34422615,0.68894404,-0.24956481,-0.16425946,0.39715067,-0.44502363,Money
0.007419769,0.2947692,1.2498821,-0.23317625,0.37063223,-1.4867908,-0.47487596,-0.5922511,0.0064697526,-1.1936876,-0.6024561,-0.7225027,0.07649487,-0.99534965,-0.28554353,0.9931793,-0.85443264,-0.9315857,-0.40606686,0.4403506,-0.9702561,-0.02778338,0.16324203,-0.48822567,0.40428013,-0.10633321,1.5156171,-1.1336659,0.41704068,-0.34590623,-0.58468044,0.2812704,-0.46319246,0.5026334,-1.2316211,-0.44625697,0.28075197,0.46652064,0.9835379,0.6638729,-0.48871684,-0.051061243,0.348977,-0.11093136,-0.22307001,-0.045064624,0.89379424,-0.17404963,-0.558084,-0.12819444,0.37215295,1.6859254,-0.33870167,-1.1697735,1.21916,-0.40279984,Bola
0.11014067,0.3440146,1.3454434,-0.31465417,0.39268696,-1.5918622,-0.5283664,-0.66952914,0.015046706,-1.2790657,-0.528976,-0.80174744,0.14293842,-1.0425596,-0.35394475,1.0976757,-0.9274855,-1.0020324,-0.455932,0.44691533,-1.0991687,-0.104063034,0.2294508,-0.52196586,0.491078,-0.16826335,1.6575681,-1.2073165,0.44585845,-0.34008136,-0.68722177,0.308984,-0.50567496,0.5811336,-1.3800613,-0.4951803,0.27158034,0.5383366,1.1042407,0.7455818,-0.5129239,-0.04228834,0.3790969,-0.18209086,-0.17651245,-0.054930963,1.0370471,-0.1640643,-0.6004384,-0.09001154,0.4203808,1.8258768,-0.42533138,-1.2818638,1.4073478,-0.35389066,Bola
-0.13292491,0.124252506,1.0087234,-0.036378793,0.30933908,-1.1808659,-0.2648739,-0.6105694,-0.065387644,-0.9374413,-0.6639339,-0.53173906,-0.0597415,-0.9131992,-0.20542553,0.84333706,-0.67511743,-0.6309734,-0.2431983,0.31612158,-0.6398891,0.19672377,0.06547473,-0.4386618,0.36369124,-0.05606213,1.2595946,-0.76098657,0.35611132,-0.29807788,-0.58253974,0.25764132,-0.21978363,0.30512187,-1.163667,-0.35310918,0.40768498,0.28447393,0.8791571,0.40435123,-0.41475222,-0.12243957,0.3350774,0.06219212,-0.24197827,0.010433907,0.65462035,-0.14717695,-0.41872615,-0.095098145,0.33525953,1.3908798,-0.24313837,-0.84559745,0.89921683,-0.5240826,Bola
-0.09004514,0.07759695,0.8428324,0.024078561,0.2887003,-0.95589405,-0.23728688,-0.6699537,-0.18944634,-0.83273804,-0.6541128,-0.4124074,0.00325309,-0.7782498,-0.18786626,0.85896647,-0.57908416,-0.4913308,-0.16413683,0.23268485,-0.48980367,0.22017612,0.035056774,-0.42206058,0.34924412,-0.17463878,1.1211026,-0.52870655,0.22039618,-0.20603068,-0.6268858,0.24717121,-0.12587489,0.23304613,-1.1353873,-0.3364166,0.43294322,0.17283872,0.8252685,0.33624354,-0.403607,-0.20280361,0.34414288,0.12317173,-0.17436439,0.04004877,0.6022648,0.0019928038,-0.35163453,-0.027314544,0.26368368,1.2240607,-0.12216812,-0.6726748,0.79086435,-0.43326193,Bola
-0.09303916,-0.014438316,0.6768944,0.10704969,0.2554736,-0.84893346,-0.0771089,-0.6813888,-0.20730773,-0.6626359,-0.6384239,-0.24881236,-0.00403833,-0.7515201,-0.13091837,0.8332183,-0.4628659,-0.24854599,-0.12053509,0.1717748,-0.21823853,0.3636059,0.032016113,-0.30310154,0.44262215,-0.15705195,0.9287821,-0.061261754,0.17252827,-0.06041258,-0.6775912,0.19653118,0.009334565,0.21800297,-1.1983178,-0.23697862,0.4587398,-0.028339053,0.78603745,0.21203066,-0.4038663,-0.2592249,0.41624388,0.20827849,-0.107687004,0.10937301,0.5570115,0.09345749,-0.28459308,0.013353515,0.27580008,0.91392076,-0.21476613,-0.43827027,0.6481187,-0.42544395,Bola
-0.03948558,0.026226515,0.6554196,0.05777844,0.23826511,-0.8361948,-0.11475595,-0.5731034,-0.13172352,-0.64665794,-0.5757213,-0.23532136,0.004402698,-0.69253296,-0.11637575,0.7441457,-0.4473558,-0.28125608,-0.14649892,0.205007,-0.2296653,0.30702358,0.027779879,-0.28965127,0.39954382,-0.12721841,0.8989573,-0.13202655,0.20871498,-0.07365771,-0.5595664,0.16355115,-0.049307466,0.23334967,-1.0490052,-0.22802708,0.3715678,0.040528215,0.71725774,0.22869244,-0.35914582,-0.22470938,0.3378728,0.14569831,-0.13487963,0.066349864,0.5223785,0.06266413,-0.27432972,-0.034379713,0.27031946,0.8524132,-0.26080272,-0.46967095,0.6340792,-0.38328904,Bola
-0.088929005,0.124082856,0.8970688,0.008424048,0.30471915,-1.0128374,-0.26667735,-0.6939616,-0.17651846,-0.8847099,-0.62557614,-0.4532064,0.004916723,-0.82221663,-0.19888005,0.8768924,-0.595312,-0.49462485,-0.16174626,0.25696185,-0.5381364,0.17988215,0.06798722,-0.4641029,0.37404764,-0.19942679,1.2149497,-0.5701111,0.27138263,-0.20653327,-0.61425436,0.27974582,-0.12188783,0.2922263,-1.1724068,-0.35091588,0.39796114,0.18684669,0.8545795,0.35894224,-0.4075595,-0.18004708,0.36185732,0.086397134,-0.13200514,0.023940781,0.6725083,-0.020760965,-0.3249823,-0.015587424,0.28003824,1.2681493,-0.18511453,-0.7172228,0.84332514,-0.47849193,Bola
-0.024149487,-0.0024776866,0.5355675,0.03755396,0.1570626,-0.743057,-0.04080198,-0.5028872,-0.12750624,-0.4906852,-0.5444615,-0.19638431,0.0043062572,-0.5950429,-0.05523556,0.70458937,-0.3808189,-0.23416913,-0.17140538,0.19854125,-0.1698746,0.30573735,0.030039968,-0.17804262,0.3840289,-0.123949416,0.76267284,-0.036786214,0.17956632,-0.086852215,-0.52604973,0.113745645,-0.01606088,0.18206196,-0.95533955,-0.20612973,0.35358,-0.0142168235,0.6095346,0.106855996,-0.31885305,-0.19888994,0.2894656,0.14820401,-0.14838973,0.105985925,0.46868446,0.09374304,-0.27582082,-0.034980852,0.24111189,0.72494936,-0.20738232,-0.37830317,0.48861063,-0.2706067,Money
-0.0475182,0.051427763,0.6682403,0.00047657994,0.2328386,-0.9086219,-0.105915,-0.50714076,-0.088066734,-0.6200324,-0.66677016,-0.23854427,0.0060042166,-0.68569094,-0.07934013,0.77868164,-0.4463528,-0.35009065,-0.20632753,0.25817445,-0.25330797,0.31092903,-0.0020061678,-0.19581152,0.3442618,-0.16698971,0.9182651,-0.18644305,0.21594086,-0.0901375,-0.44730723,0.16084678,-0.09376132,0.20794334,-1.0105413,-0.22358793,0.33814472,0.030997206,0.66165316,0.1977106,-0.35678765,-0.2059147,0.32864225,0.14453685,-0.14711632,0.0770081,0.5669881,0.06846255,-0.30723536,-0.12677528,0.26318476,0.8746962,-0.22315368,-0.50953853,0.5639425,-0.2878517,Otomotif
-0.033643954,-0.027822472,0.7576141,-0.020646675,0.176191,-0.98304915,-0.08773934,-0.63868964,-0.16171356,-0.65408266,-0.85061085,-0.36690047,0.022988442,-0.7208202,-0.053039856,1.0267736,-0.5431171,-0.47931987,-0.31513312,0.26534098,-0.36762092,0.32070103,-0.0024259123,-0.22239201,0.4026252,-0.25758222,1.0755593,-0.34186044,0.25550243,-0.2743616,-0.6523425,0.14828953,-0.1536432,0.12362066,-1.237546,-0.3438563,0.47508654,0.15386821,0.79606146,0.115371406,-0.42140695,-0.20124006,0.2945065,0.23372665,-0.25179595,0.16878305,0.63689214,0.096450284,-0.46918452,-0.08646351,0.31088755,1.1677178,-0.04763488,-0.64511985,0.63474566,-0.1877026,Otomotif
0.009626542,0.12472515,0.83285326,-0.17333461,0.2502197,-1.1315477,-0.16566366,-0.42954397,0.050080873,-0.6781343,-0.6284073,-0.4369007,-0.009480193,-0.7565022,-0.10482451,0.81162506,-0.53434265,-0.5589878,-0.3273131,0.29637048,-0.5011996,0.12751457,0.06353079,-0.18290229,0.30041242,-0.20101026,1.1004575,-0.5627078,0.36671928,-0.2361277,-0.36918724,0.15067756,-0.23018636,0.27145103,-1.0315605,-0.3225225,0.24884807,0.27430472,0.7144695,0.2783808,-0.36833245,-0.089462504,0.26380402,0.07880355,-0.16180165,0.0317213,0.6907424,-0.059845068,-0.39656156,-0.16037509,0.3059843,1.1370603,-0.2603124,-0.78939545,0.739116,-0.23503467,Bola
0.038253844,0.14762357,0.89145917,-0.20522825,0.24803942,-1.2002074,-0.19971624,-0.47830498,0.030936472,-0.7408372,-0.64909655,-0.4887849,0.018319186,-0.78295267,-0.1159648,0.9155117,-0.5838093,-0.6291103,-0.36258578,0.328811,-0.56688166,0.10219961,0.079075225,-0.2174615,0.34421182,-0.24801989,1.2320827,-0.62075734,0.38469723,-0.26164398,-0.42923757,0.16080584,-0.26284742,0.29640236,-1.1079775,-0.36715588,0.26753977,0.31113836,0.76782787,0.29125366,-0.39550236,-0.09828042,0.2687971,0.05493149,-0.1782569,0.03488486,0.7712469,-0.037381954,-0.43745476,-0.15578538,0.32153186,1.2416794,-0.2704289,-0.86582106,0.8177234,-0.21392724,Bola
-0.10604734,-0.04096325,0.5600185,0.104382925,0.2099643,-0.79252195,0.027408283,-0.57894105,-0.1293528,-0.48737416,-0.6492881,-0.14912912,-0.022474328,-0.6982276,-0.045274537,0.7311024,-0.36062437,-0.12474712,-0.12794916,0.18684693,-0.058999743,0.4383149,0.0077840174,-0.16913146,0.443083,-0.123264514,0.779389,0.16357982,0.19946846,-0.012607204,-0.58334607,0.13222797,0.10058538,0.1765429,-1.1079721,-0.16562164,0.43617785,-0.13990682,0.66765106,0.0478674,-0.3479162,-0.25873768,0.3891121,0.24775633,-0.11984299,0.14295007,0.48240396,0.10334172,-0.24923146,-0.04192774,0.24966396,0.6586252,-0.27651146,-0.3038335,0.47175163,-0.36050302,Nasional
-0.089906216,-0.049591504,0.5015673,0.10908068,0.16500665,-0.8051284,0.13395804,-0.53781146,-0.07474705,-0.3636944,-0.6729067,-0.09151998,-0.06714897,-0.6869044,0.024777118,0.7235194,-0.31761044,-0.08791604,-0.19490497,0.20562847,0.0051071034,0.47794443,-0.0019482258,-0.08976765,0.48026335,-0.09753135,0.7380737,0.2531931,0.23107056,-0.014059139,-0.5532874,0.082731165,0.14356579,0.15071706,-1.1085547,-0.13429025,0.43567166,-0.1939795,0.63868725,-0.050380055,-0.32270768,-0.24401219,0.3811497,0.26491177,-0.16032149,0.1732181,0.46406692,0.087184094,-0.24696247,-0.11350428,0.29381996,0.6011168,-0.33739725,-0.26123998,0.36728382,-0.3233989,Regional
-0.15080495,-0.2963073,0.5969391,0.31950137,0.19420488,-0.97139955,0.3450223,-1.0026091,-0.35643408,-0.53447074,-1.017971,-0.047535773,-0.08156874,-0.9627928,-0.021460185,1.1962878,-0.43752354,0.049051028,-0.12514278,0.19213866,0.20547763,0.891755,-0.005198936,-0.1412719,0.77373946,-0.14128302,1.0043617,0.75049365,0.2308482,0.04247828,-1.0367455,0.12805933,0.35757828,0.17201619,-1.8186251,-0.19163452,0.86812556,-0.4588202,1.0236288,-0.21425612,-0.5474772,-0.5105776,0.64529717,0.5826803,-0.23058198,0.31917197,0.5609331,0.27282748,-0.34263453,0.062071927,0.4566839,0.7391494,-0.36230138,-0.15562423,0.5158685,-0.61049944,Otomotif
-0.18167257,-0.1900239,0.64040536,0.27864397,0.19627571,-0.98132664,0.22857603,-0.8972011,-0.30002797,-0.6042638,-1.1165292,-0.02606587,-0.09192304,-0.9093495,0.0019611272,1.1514367,-0.43019047,-0.014117169,-0.13513517,0.23405388,0.13111629,0.8259588,-0.045831833,-0.13059422,0.6292401,-0.15495978,1.006254,0.50150734,0.20603414,0.008523655,-0.8331767,0.18745875,0.25518498,0.16617098,-1.6406018,-0.20640318,0.75103295,-0.3835836,0.9461328,-0.08489249,-0.51931274,-0.44673377,0.58532447,0.49906808,-0.19460025,0.2647635,0.60365266,0.23965271,-0.3057422,-0.074117385,0.40999842,0.8133567,-0.2566313,-0.20206518,0.43750098,-0.56252766,Otomotif
-0.13777816,-0.19121704,0.58929795,0.25099126,0.1988745,-0.96375316,0.17831036,-0.8097351,-0.2775295,-0.56600857,-0.9849124,-0.042679496,-0.061563022,-0.8813682,0.009360029,1.0420738,-0.43376234,-0.025865348,-0.15066305,0.24360795,0.1304563,0.78166753,-0.012203865,-0.111717485,0.6499902,-0.10608572,0.90892047,0.52163965,0.21564052,0.0044718357,-0.8622824,0.13661945,0.21199769,0.19041489,-1.5303255,-0.1775813,0.698001,-0.37472367,0.8881004,-0.07332883,-0.49728805,-0.42492905,0.54758376,0.43537274,-0.23216394,0.26975963,0.54854226,0.2511869,-0.33599678,-0.050052386,0.36707702,0.73881763,-0.30390736,-0.20408487,0.46595663,-0.5012769,Otomotif
-0.06992453,-0.031751655,0.5572131,0.053640477,0.16117194,-0.96800697,0.28299078,-0.63290656,-0.0041783233,-0.26182768,-0.6890762,-0.12944168,-0.120045505,-0.77814555,0.11257234,0.8804983,-0.29950848,-0.055790935,-0.32484704,0.210016,0.005440737,0.5032677,0.053098697,-0.08357826,0.6816264,-0.16476223,0.942625,0.38895774,0.41427383,-0.035791114,-0.6596393,0.06500798,0.2880662,0.18696785,-1.379154,-0.18095618,0.5087209,-0.22321938,0.7384394,-0.22738013,-0.33411142,-0.22341664,0.43259215,0.32134905,-0.17148134,0.22330444,0.59670633,0.03540079,-0.26067162,-0.14661558,0.37993154,0.63683087,-0.55488956,-0.326087,0.40092632,-0.33892533,Regional
-0.12274712,-0.053064167,0.6067154,0.30257162,0.2643581,-0.77562255,-0.079006664,-0.82956266,-0.33224452,-0.6951835,-0.4995383,-0.17792071,-0.010124837,-0.84509915,-0.12007447,0.7791394,-0.4352414,0.016753638,0.014262581,0.13304223,-0.056510214,0.44680223,0.11752153,-0.442652,0.6068672,-0.08805627,0.8561229,0.2697265,0.18479797,0.044698786,-0.8311336,0.2501898,0.19071814,0.3528493,-1.2792618,-0.24196452,0.440218,-0.15662166,0.8446478,0.24745998,-0.42845866,-0.30557686,0.5178953,0.25888893,-0.028529523,0.13490678,0.5208899,0.15267548,-0.18681537,0.19715287,0.28577638,0.7350835,-0.36887032,-0.2804018,0.7074046,-0.66105413,Nasional
-0.088342525,0.018056745,0.67602724,0.1298823,0.21967912,-0.97122097,0.18014833,-0.7225342,-0.05683088,-0.40452072,-0.62377286,-0.19278088,-0.11509824,-0.85956407,0.05227656,0.8584643,-0.38228998,-0.04050971,-0.2360897,0.20961757,-0.084875084,0.4633927,0.06209896,-0.23507497,0.7009871,-0.15652466,1.0582812,0.30223086,0.42129385,0.0033919567,-0.75024164,0.12399895,0.26946527,0.27306455,-1.4605994,-0.17929618,0.4881706,-0.20586993,0.8397608,-0.1301092,-0.34971392,-0.2357374,0.48626906,0.28317475,-0.14450651,0.18710823,0.62517613,0.00712107,-0.24775353,-0.06885317,0.4157363,0.8052624,-0.6013105,-0.3744696,0.5333782,-0.48288614,Megapolitan
-0.08957119,-0.017174583,0.6511511,0.113096766,0.20712009,-0.95138943,0.22446965,-0.73630005,-0.059428807,-0.380108,-0.6196317,-0.19679949,-0.11195432,-0.8522357,0.02655275,0.8683852,-0.36958888,-0.028199125,-0.23110001,0.18956457,-0.063290946,0.4618289,0.056358617,-0.2103748,0.69430786,-0.16890725,1.0387647,0.3230371,0.40376705,0.023873845,-0.74782646,0.121236086,0.28479668,0.25376555,-1.479222,-0.18022458,0.513174,-0.19371782,0.8365926,-0.14175998,-0.34298337,-0.24638222,0.48877877,0.31541124,-0.124202855,0.18130119,0.616751,0.0016001773,-0.24093148,-0.03517937,0.4131778,0.75556797,-0.5825992,-0.3507387,0.53176343,-0.4675052,Megapolitan
-0.05124432,0.020506123,0.64123356,0.0835123,0.19170034,-1.0172523,0.19098015,-0.6753598,-0.03148951,-0.36130664,-0.6390423,-0.17608914,-0.09589397,-0.8534394,0.08758906,0.8715003,-0.377202,-0.0727563,-0.2949183,0.25416312,-0.07322453,0.45109966,0.06873887,-0.17234148,0.71721125,-0.15888517,1.0517737,0.3188822,0.4326534,-0.01554815,-0.71044445,0.10374165,0.24667114,0.27804843,-1.4365634,-0.18177335,0.4593918,-0.22116737,0.8021836,-0.14737955,-0.34601718,-0.23082438,0.46374398,0.26622808,-0.17354484,0.20010269,0.641499,0.019286534,-0.27217796,-0.11320865,0.42489937,0.76673126,-0.62362814,-0.38903192,0.51468784,-0.40902203,Megapolitan
-0.23587635,-0.15767658,0.568077,0.33080006,0.19616385,-0.7591079,0.32861403,-1.0202663,-0.3575021,-0.47417483,-1.0085773,-0.019755756,-0.13258888,-0.88112533,-0.008418215,1.0938846,-0.31449237,0.18494456,-0.04813289,0.122328274,0.21286957,0.76584077,-0.013776043,-0.23060632,0.63824856,-0.25825512,0.9714401,0.64073795,0.16967745,0.09817341,-0.90325433,0.22872828,0.43996444,0.11141666,-1.6788105,-0.19459267,0.7374587,-0.40002728,0.9075104,-0.16973408,-0.43529359,-0.4126839,0.59763247,0.54214585,-0.029691184,0.25732678,0.61262316,0.21304154,-0.1659515,0.024970373,0.38302928,0.68947566,-0.28146994,-0.058383483,0.3690289,-0.5830784,Nasional
-0.21524185,-0.32090852,0.64217734,0.4370072,0.34334344,-0.87405115,0.2741512,-1.0823399,-0.49641445,-0.6614695,-1.1342521,0.026015054,-0.007457567,-1.0090587,-0.07493907,1.2735846,-0.44883344,0.16187166,0.031504612,0.117734775,0.3001115,0.9985182,-0.07318544,-0.2436792,0.791878,-0.17864819,0.90862244,0.89909625,0.07029557,0.21388553,-1.20414,0.18458174,0.32170933,0.07250761,-1.9037867,-0.053859536,0.9526992,-0.61169016,1.0976361,-0.050652023,-0.6444566,-0.6029042,0.80642205,0.5928107,-0.09477191,0.3963447,0.64199114,0.43601263,-0.29037568,0.113744296,0.3303569,0.6674753,-0.20563637,-0.0010765922,0.4884621,-0.62289244,Nasional
-0.19322398,-0.3537689,0.5839229,0.46020344,0.20926167,-0.9296959,0.2972073,-0.9393055,-0.43662068,-0.5635013,-1.1699893,0.07915193,-0.048630536,-1.0104237,0.030005574,1.1876602,-0.5016811,0.10080818,-0.09828663,0.22400379,0.30654082,1.0713973,-0.085786134,-0.090659164,0.7959764,0.0038333796,0.7883264,0.87270296,0.090881646,0.09237481,-1.1570287,0.08873429,0.23231396,0.098788,-1.7872511,-0.08867224,0.90049374,-0.61903286,1.0358753,-0.10888336,-0.5969591,-0.56018645,0.71752065,0.5752842,-0.3102475,0.4220082,0.5160802,0.38311833,-0.40097398,-0.020572208,0.40033513,0.71718305,-0.25175604,-0.013483959,0.3835549,-0.5714242,Regional
-0.19547276,-0.1329826,0.63594085,0.44664386,0.13348967,-1.2326847,0.21265319,-0.7802906,-0.2943093,-0.51183957,-1.1206278,0.0912223,-0.14193824,-1.2124275,0.18389797,1.0061241,-0.56542027,0.12994502,-0.23659869,0.43960235,0.27872774,1.0766675,0.02485471,-0.013725056,0.85849845,0.18682465,0.8379423,0.8800215,0.24783932,0.018453807,-1.031282,0.101716235,0.22245654,0.3793473,-1.6559094,-0.19385597,0.66131806,-0.6707302,0.9398247,-0.08636097,-0.52493984,-0.47703594,0.6655246,0.44872063,-0.42826122,0.37443367,0.56562656,0.26526982,-0.45048013,-0.19402851,0.46475092,0.77621764,-0.6348663,-0.13413362,0.4146252,-0.6710325,Regional
-0.19928248,-0.1343713,0.65173686,0.41884252,0.13820884,-1.2260556,0.21393798,-0.75909024,-0.2600898,-0.5086122,-1.1180588,0.08649259,-0.13590476,-1.1817042,0.16003871,1.0017314,-0.5606681,0.100183755,-0.23940152,0.42868274,0.2691357,1.0542486,0.010934957,0.004330534,0.8086797,0.1838306,0.83685666,0.83027786,0.2279611,0.010456536,-0.9841687,0.09351573,0.19745998,0.3593586,-1.6358446,-0.19249876,0.6672991,-0.6210332,0.9395227,-0.07997251,-0.5154829,-0.46648994,0.6399751,0.45130318,-0.42443383,0.3548082,0.5478629,0.24996985,-0.45204365,-0.20717362,0.46297464,0.7804313,-0.6106563,-0.15496516,0.40994892,-0.6528364,Regional
-0.19139914,-0.20771788,0.5964036,0.45398358,0.12807848,-1.1894761,0.2207321,-0.7887799,-0.29990065,-0.48057184,-1.0595719,0.064762294,-0.11973116,-1.1923218,0.16578533,0.98277634,-0.56475073,0.12536964,-0.21891564,0.3970239,0.2935073,1.0671467,0.032801777,-0.00090015784,0.87652475,0.20545693,0.78278613,0.91705394,0.23737065,0.009468524,-1.102117,0.05556218,0.21712701,0.3538569,-1.6654257,-0.179367,0.712719,-0.6552092,0.951374,-0.118420765,-0.53702384,-0.48976803,0.6502936,0.46506768,-0.4573252,0.38234606,0.49134758,0.27976796,-0.47305992,-0.11562283,0.44909856,0.7438911,-0.60667133,-0.12101554,0.4347505,-0.6637863,Regional
-0.0871487,-0.18009812,0.53614,0.17238504,0.14914228,-0.7444662,0.08611449,-0.723652,-0.28988007,-0.47702718,-0.9135997,-0.14430237,0.015229297,-0.6473703,-0.015718127,1.0138382,-0.41658935,-0.2138004,-0.2319859,0.16194852,-0.04585155,0.5641837,-0.05392955,-0.13955668,0.47207978,-0.2127609,0.7797257,0.17349692,0.11258329,-0.13018216,-0.8104919,0.111263335,0.036582213,0.0018793761,-1.2895843,-0.22409846,0.62167466,-0.11792223,0.75955504,-0.036060523,-0.425476,-0.33023736,0.36652187,0.38680515,-0.26305997,0.28933415,0.46457088,0.25696757,-0.42779672,-0.036766674,0.29631984,0.8495274,0.010796547,-0.310471,0.43324313,-0.18557571,Money
-0.1301205,-0.12243602,0.6196873,0.21107727,0.24894102,-0.87578917,0.026871216,-0.7385944,-0.271091,-0.5995444,-0.87377906,-0.111936696,-0.0069231815,-0.77074134,-0.07660749,0.93934405,-0.4412918,-0.16366023,-0.13611504,0.21494026,-0.009182848,0.62000304,-0.041328263,-0.19435969,0.47760367,-0.16056316,0.82411313,0.23935115,0.12430236,-0.017496653,-0.72843564,0.172437,0.08438629,0.13437207,-1.3060557,-0.17480195,0.5865241,-0.19579366,0.80085796,0.08619547,-0.44606453,-0.36410907,0.4671369,0.35982466,-0.19733854,0.21821573,0.49937606,0.2397205,-0.34182847,-0.042112093,0.30569944,0.7983413,-0.16257958,-0.31406382,0.5137517,-0.39339525,Nasional
-0.15967566,-0.17499791,0.570554,0.2598307,0.22668852,-0.81549805,0.07793237,-0.7589335,-0.29434267,-0.5471263,-0.9450119,-0.06740878,-0.01529714,-0.7688826,-0.04906154,0.956107,-0.4230469,-0.09112876,-0.13838305,0.18183285,0.060842626,0.68099,-0.072675936,-0.15468375,0.50668395,-0.16563722,0.76590896,0.34957287,0.10259385,-0.0040791268,-0.7851585,0.15852466,0.11861834,0.09097616,-1.3669219,-0.1648992,0.6317767,-0.262973,0.8086162,0.02712248,-0.4412925,-0.39356744,0.49159235,0.41836438,-0.20473436,0.26604283,0.47357962,0.25914815,-0.3492844,-0.04109687,0.3089847,0.75500417,-0.12704611,-0.24058673,0.44040087,-0.36176294,Money
-0.12258762,-0.24752875,0.5507093,0.22118162,0.13442509,-0.7124381,0.15365137,-0.7766439,-0.32231054,-0.47653016,-0.9745527,-0.12699556,-0.018435461,-0.6736879,-0.016159829,1.0326608,-0.42752722,-0.16268031,-0.1968572,0.13980599,0.0011477018,0.64803004,-0.07941706,-0.13259842,0.48898864,-0.17348224,0.7598651,0.2310272,0.090404645,-0.13397068,-0.8922426,0.094372004,0.07023573,-0.030903058,-1.3837342,-0.2083258,0.7063154,-0.149252,0.8241561,-0.06868242,-0.44146264,-0.33421794,0.39964104,0.44367826,-0.2775755,0.31050137,0.4371866,0.24745701,-0.4299463,-0.017370915,0.31138456,0.86746585,0.042218797,-0.2485959,0.40457633,-0.23784044,Money
-0.11689182,-0.22331943,0.5700926,0.23038419,0.16410297,-0.760045,0.082378365,-0.81295156,-0.34086254,-0.53970766,-1.0150678,-0.13415366,0.022658879,-0.71107316,-0.027438257,1.0861208,-0.4562068,-0.20473556,-0.22001791,0.15451698,-0.027507003,0.63543254,-0.077550694,-0.16527404,0.50365615,-0.22691528,0.8025384,0.20846473,0.090913124,-0.12780805,-0.90255094,0.13396275,0.041810684,-0.0033251515,-1.4120333,-0.23275723,0.6875465,-0.14361656,0.8300078,-0.015807066,-0.4633638,-0.36409408,0.41338763,0.4361317,-0.27233732,0.31589937,0.48319328,0.2838039,-0.45021787,-0.018048784,0.319155,0.92184925,0.04999782,-0.3053088,0.45503172,-0.21851423,Money
-0.11792128,-0.15407366,0.55861074,0.1356059,0.1428628,-0.7327742,0.1019895,-0.6757621,-0.23690078,-0.4760625,-0.88188803,-0.14237823,-0.03110925,-0.6358904,-0.041038927,0.9413571,-0.40197545,-0.21104258,-0.20346218,0.15338303,-0.055403054,0.5435731,-0.063228406,-0.13201798,0.39874035,-0.17374462,0.7660406,0.09379221,0.105605744,-0.12237798,-0.71358496,0.116674505,0.03968224,0.0068833604,-1.2287786,-0.21407214,0.60106766,-0.0741148,0.73966926,-0.0068878024,-0.38440508,-0.28754285,0.34026143,0.360687,-0.2395722,0.22264554,0.43886238,0.18267821,-0.386499,-0.07432326,0.2981482,0.8349045,-0.002483306,-0.3026676,0.41544524,-0.22926493,Money
-0.10094839,-0.106541604,0.5315579,0.122003876,0.21363446,-0.8214027,0.13797116,-0.64408636,-0.1385545,-0.41799057,-0.60797787,-0.13939016,-0.05432909,-0.73005164,-0.02834186,0.7634741,-0.34130913,-0.050098617,-0.14879502,0.1714078,0.006251444,0.485265,0.025468657,-0.1709908,0.5483187,-0.11819312,0.81181747,0.3146701,0.25271904,-0.010920505,-0.6791119,0.08921009,0.1965091,0.1655157,-1.2354367,-0.15896294,0.52167743,-0.18067063,0.72288984,-0.064761326,-0.3629536,-0.29446647,0.42292154,0.30750057,-0.15172844,0.1744614,0.456454,0.10003886,-0.23143816,0.02237692,0.27795985,0.61010844,-0.3842289,-0.25802168,0.47047827,-0.43000072,Megapolitan
-0.04342368,-0.23807763,0.6950318,0.13132446,0.24711753,-1.0172887,0.12972862,-0.87171835,-0.33619192,-0.5866646,-0.9681232,-0.26133946,0.047093395,-0.8479838,-0.06816915,1.322759,-0.5565685,-0.30646342,-0.31737152,0.18406166,-0.08835773,0.71257323,0.01865943,-0.14692393,0.7212994,-0.26354823,1.0249177,0.36143854,0.2378543,-0.15861776,-1.106275,0.08006416,0.06921404,0.05408215,-1.6683563,-0.27004272,0.832453,-0.2119851,1.0242517,-0.09942466,-0.5548314,-0.43419316,0.50143445,0.46470112,-0.32372352,0.39594772,0.60184515,0.38151833,-0.5835525,0.012346923,0.33194315,0.98170197,-0.10100542,-0.44160745,0.69617987,-0.22675847,Money
-0.15375935,-0.33656088,0.55869085,0.3542293,0.18218318,-0.792978,0.30708897,-0.9759734,-0.3895334,-0.49808002,-0.9621368,-0.0672385,-0.05748858,-0.8654725,-0.045567278,1.1100361,-0.4231792,0.037124924,-0.103204794,0.13191569,0.18125765,0.8246474,-0.047214787,-0.1780819,0.71299714,-0.18168509,0.88029855,0.66711557,0.15294789,0.0564958,-1.0455368,0.09937743,0.3045516,0.052637387,-1.6933869,-0.15536343,0.84726256,-0.4102302,0.9702276,-0.20252813,-0.48856953,-0.48037925,0.61220235,0.5757142,-0.21254425,0.32525563,0.4871751,0.27195984,-0.32005063,0.07917571,0.39317864,0.7274428,-0.21028124,-0.1156499,0.464015,-0.49356404,Money
-0.1365781,-0.058911193,0.57955223,0.14886901,0.14780934,-0.8100259,0.23220345,-0.738264,-0.15706748,-0.3951163,-0.7544617,-0.120888405,-0.11611917,-0.75539976,0.031162104,0.9039204,-0.32818362,-0.0018381252,-0.17780758,0.18110247,0.022132955,0.5478084,-0.0036505333,-0.17365748,0.566028,-0.17973092,0.94595224,0.31819075,0.29616308,-0.041200448,-0.68656254,0.13204116,0.2730778,0.14697309,-1.3591778,-0.22252356,0.56769896,-0.18358442,0.79626715,-0.16133255,-0.338921,-0.28509188,0.42169324,0.37572902,-0.1170197,0.20297886,0.5267386,0.073509715,-0.21084045,-0.060625482,0.35171717,0.73472625,-0.33745414,-0.22746725,0.40242988,-0.45218432,Megapolitan
-0.07104523,-0.012545982,0.54298836,0.07274086,0.13924327,-0.7931119,0.1753711,-0.6389163,-0.10515845,-0.36704886,-0.6804773,-0.15657936,-0.08789919,-0.69552547,0.038084567,0.8351008,-0.3332899,-0.097479485,-0.23137648,0.19300395,-0.059750214,0.42385823,0.008556964,-0.17191882,0.5203916,-0.18314412,0.90557504,0.16855064,0.30100313,-0.05917655,-0.6239408,0.10814461,0.1833581,0.14056632,-1.2241682,-0.21218468,0.474274,-0.12160524,0.7054906,-0.11202077,-0.32209107,-0.2292762,0.36981273,0.28356472,-0.14230575,0.18446247,0.52987176,0.053710222,-0.23597348,-0.07752292,0.3182832,0.7313549,-0.3283324,-0.29764888,0.40389824,-0.3405633,Megapolitan
-0.12587827,-0.069964916,0.6547827,0.19033097,0.3048009,-0.92444,0.19505948,-0.9150197,-0.2223966,-0.4526412,-0.3362275,-0.29034898,-0.09176962,-0.94607985,-0.047144722,0.8395583,-0.34235603,0.17381552,-0.016123991,0.14485563,0.008480507,0.4694502,0.19385982,-0.39562488,0.83749646,-0.15784015,1.121203,0.5695425,0.47678176,0.007692627,-0.98023593,0.1273094,0.46121442,0.35489696,-1.5654855,-0.23884194,0.6031439,-0.22430438,0.94996005,-0.20725185,-0.39975223,-0.33162677,0.5441705,0.3707216,-0.0027228885,0.19218649,0.5740199,0.05340611,-0.11456528,0.32268792,0.28490427,0.6103905,-0.7116791,-0.25818968,0.72621363,-0.79742306,Megapolitan
-0.14474063,-0.09606429,0.6160308,0.1739274,0.18411407,-0.90633905,0.3397395,-0.9018304,-0.17989492,-0.37388042,-0.68325925,-0.1552414,-0.12641765,-0.87896615,0.021768762,1.0246005,-0.32490325,0.09712617,-0.1714274,0.16865136,0.05739682,0.58121765,0.069397576,-0.23594671,0.7516812,-0.21245988,1.1074945,0.5270077,0.39455467,-0.02985703,-0.8508343,0.12729011,0.43587047,0.2048559,-1.6107895,-0.257,0.6576397,-0.25709093,0.91740227,-0.2826742,-0.37829572,-0.33200914,0.5266011,0.46887666,-0.070943005,0.23392491,0.6029066,0.05590257,-0.17640546,0.05564093,0.41121593,0.7124234,-0.52114815,-0.225085,0.5021324,-0.58723897,Megapolitan
-0.13437049,-0.08263464,0.5766898,0.22234449,0.19167304,-0.76482123,0.13120022,-0.8640431,-0.26120642,-0.49398804,-0.60203725,-0.1866019,-0.0738426,-0.79411405,-0.049435798,0.887257,-0.36908403,0.03557033,-0.10147153,0.10853451,-0.023601113,0.4696957,0.058587775,-0.35319203,0.63914037,-0.21086176,0.9573438,0.31059355,0.27479765,-0.019390067,-0.83940893,0.18763678,0.29917252,0.21624103,-1.4276521,-0.26208147,0.5632533,-0.14616038,0.8542159,-0.03750628,-0.381429,-0.2922517,0.47357208,0.35924044,-0.05536989,0.17953224,0.53574634,0.09729323,-0.17260654,0.14295468,0.32575125,0.7631685,-0.34852418,-0.25351387,0.5617777,-0.562651,Megapolitan
-0.12687129,-0.05767565,0.69501346,0.15546443,0.22195196,-1.0170028,0.30448645,-0.96779734,-0.18368724,-0.4302678,-0.6426671,-0.24630573,-0.14426556,-0.96728635,0.015464252,1.0455579,-0.37171394,0.077212706,-0.17746726,0.1926599,0.008919816,0.5560996,0.095643446,-0.323087,0.8174023,-0.23841527,1.2517173,0.47873637,0.48072687,-0.05168457,-0.9394018,0.13737664,0.44909552,0.25863704,-1.7150999,-0.2961137,0.6791493,-0.2016955,0.9979023,-0.2770792,-0.40159222,-0.33988723,0.5450393,0.44485056,-0.08475225,0.2242046,0.6527262,0.027148983,-0.17367959,0.11819175,0.40404955,0.807,-0.61899716,-0.3011341,0.6279757,-0.69165725,Megapolitan
-0.14154586,-0.12325878,0.6539846,0.18214814,0.19929543,-0.93832725,0.33316523,-0.9597372,-0.21842253,-0.39935526,-0.7330386,-0.2052908,-0.12437488,-0.8977771,0.014663208,1.0817341,-0.35667947,0.068889484,-0.18160747,0.17078768,0.04413518,0.6056779,0.05415524,-0.27002296,0.7731401,-0.24612458,1.1729375,0.51388305,0.39722484,-0.049242266,-0.9439405,0.12030536,0.4256064,0.17921782,-1.6963017,-0.27870774,0.7216265,-0.22125876,0.9840566,-0.30182412,-0.40482545,-0.36832297,0.53709924,0.495724,-0.11288882,0.25385827,0.6076042,0.08773336,-0.21863768,0.083658315,0.40396017,0.7941723,-0.49557874,-0.25758985,0.55684453,-0.5926495,Megapolitan
-0.1515092,-0.083438985,0.6255986,0.18883245,0.18078408,-0.8761914,0.36650938,-0.99568695,-0.22670035,-0.38523984,-0.6280097,-0.18222782,-0.14402115,-0.89559054,-0.002652324,1.0584757,-0.3144138,0.1604109,-0.13645379,0.14409946,0.0591972,0.55120075,0.108197555,-0.29990664,0.775181,-0.25605464,1.1966741,0.5529565,0.41558942,-0.022917047,-0.90758353,0.15685944,0.5101339,0.23115773,-1.673603,-0.3009073,0.67762923,-0.24101704,0.96168846,-0.31450072,-0.3742088,-0.33866522,0.5331311,0.4862984,-0.007726095,0.2218898,0.63229835,0.045146577,-0.12850736,0.12944253,0.4253515,0.74030685,-0.5581581,-0.19844882,0.53922284,-0.6629547,Megapolitan
-0.11533596,-0.08971546,0.58761895,0.148753,0.16883533,-0.916348,0.32638437,-0.8128409,-0.13655849,-0.3247957,-0.70955586,-0.14786474,-0.1335356,-0.84165716,0.06551608,0.9511746,-0.31827986,0.050545316,-0.21959743,0.19591285,0.0619692,0.5764374,0.04245678,-0.19480114,0.7249467,-0.18993233,1.0389007,0.4858414,0.3903093,-0.03940169,-0.8060788,0.09484902,0.38357544,0.16879992,-1.5294989,-0.2241106,0.62149894,-0.23662476,0.8563578,-0.2836352,-0.3598652,-0.3118703,0.48639706,0.42754492,-0.14466359,0.2446258,0.56553364,0.054733448,-0.21073677,0.00042171532,0.3847294,0.68900585,-0.51345444,-0.24542353,0.46438065,-0.5113869,Megapolitan
-0.117041536,-0.087652214,0.56141734,0.16216892,0.1821406,-0.8504136,0.2509335,-0.77625054,-0.16807571,-0.35220376,-0.70824695,-0.1451564,-0.09745524,-0.78693706,0.03190364,0.90544397,-0.3166464,0.025148585,-0.18423156,0.16687384,0.04115941,0.5499739,0.026865873,-0.19784787,0.631355,-0.19240972,0.9679956,0.41327605,0.3270534,-0.034217324,-0.768507,0.10592684,0.3233227,0.16007118,-1.4404154,-0.21018535,0.5840322,-0.21783279,0.8174473,-0.20401357,-0.3577637,-0.31090644,0.4665942,0.40427625,-0.124075316,0.22229762,0.53482443,0.090089224,-0.21430512,0.013317252,0.35470322,0.6900174,-0.43222314,-0.24524586,0.45295638,-0.47295856,Megapolitan
-0.1102806,-0.08860022,0.5301435,0.15533778,0.16029261,-0.67501163,0.09927498,-0.6638173,-0.19062659,-0.45251164,-0.60575396,-0.18286112,-0.067313716,-0.65588474,-0.053928778,0.7513297,-0.35168436,-0.079069585,-0.116348915,0.12117048,-0.07244302,0.41437095,0.025802556,-0.22789946,0.46381265,-0.13447024,0.7807239,0.13655202,0.1978522,-0.06594232,-0.68606865,0.12523937,0.14745311,0.12848803,-1.16774,-0.19900393,0.49496838,-0.08805184,0.7155721,-0.010324229,-0.33113563,-0.22805782,0.36193717,0.28797388,-0.12584868,0.1548513,0.43840334,0.07340812,-0.2378062,0.039470628,0.2812198,0.7274011,-0.21831389,-0.27039453,0.45223948,-0.39382315,Entertainment
-0.17215733,-0.33550137,0.5943625,0.31087035,0.19315086,-0.7346585,0.17932579,-0.8935219,-0.40647537,-0.5179369,-1.0780096,-0.12445191,0.029846454,-0.734619,-0.02890763,1.1943948,-0.4590705,-0.107817255,-0.15351069,0.12671813,0.06909279,0.7859102,-0.10050414,-0.14022149,0.60430634,-0.19859879,0.8137496,0.4439962,0.087244704,-0.114199914,-1.066615,0.089486375,0.1123691,-0.06039226,-1.5752842,-0.19533022,0.8444561,-0.25981712,0.94672346,-0.14834684,-0.51249635,-0.4370903,0.5008899,0.56483036,-0.29081976,0.39836785,0.45417443,0.3575711,-0.48941937,0.0422253,0.3077467,0.858257,0.083507374,-0.20372505,0.44123906,-0.2681689,Money
-0.08385848,-0.0771125,0.65737563,0.100678585,0.16056657,-0.92568845,0.08565478,-0.6883341,-0.17154697,-0.55762565,-0.9494969,-0.15691207,-0.039448705,-0.76602817,-0.017976888,1.0082988,-0.45457348,-0.2434952,-0.264547,0.24772131,-0.09911089,0.55110407,-0.050134886,-0.14087158,0.49164942,-0.18457794,0.9524689,0.069142066,0.2030888,-0.10661459,-0.700931,0.12931108,0.02872628,0.10854655,-1.3460792,-0.23895317,0.5662635,-0.102119006,0.8076288,0.019416122,-0.4115804,-0.2943391,0.395488,0.32342294,-0.23745757,0.20952235,0.5807621,0.14937115,-0.39135548,-0.15226766,0.3575573,0.9275288,-0.1682285,-0.39843285,0.48151925,-0.2729342,Money
-0.09800627,-0.23200017,0.5151875,0.17827787,0.12752949,-0.6718183,0.13534522,-0.71806526,-0.3060313,-0.46404293,-0.9698042,-0.123983994,-0.010241602,-0.6044315,-0.024780517,1.0305787,-0.4128851,-0.20916088,-0.22445975,0.1240237,-0.01118034,0.6121706,-0.09012063,-0.10176659,0.42676023,-0.19788334,0.72218406,0.17215301,0.0676871,-0.13674313,-0.8151671,0.08997163,0.031843226,-0.07022357,-1.2953389,-0.20182167,0.680549,-0.1216068,0.7725667,-0.05147141,-0.42235115,-0.32854548,0.36237383,0.41730148,-0.28014523,0.3052695,0.41758278,0.266488,-0.43793458,-0.05142681,0.29287952,0.84338665,0.10645352,-0.2579044,0.37495366,-0.16067882,Money
-0.17826875,-0.35556743,0.5920103,0.3829819,0.19671677,-0.7621329,0.25980297,-0.98693824,-0.4511634,-0.5467259,-1.0395949,-0.073189676,-0.02660885,-0.8653675,-0.030072713,1.1793742,-0.45715752,0.04990007,-0.086403176,0.10461871,0.17014138,0.88114244,-0.063660845,-0.19673502,0.7189521,-0.12857477,0.81106573,0.648356,0.09187,0.0025072147,-1.193125,0.10789033,0.2292695,0.011991432,-1.7251939,-0.15184952,0.9013298,-0.4082592,1.0191463,-0.12366588,-0.56721663,-0.479915,0.6157936,0.56543887,-0.22709805,0.4041575,0.512081,0.35477898,-0.38584197,0.11489078,0.33844802,0.79672855,-0.077559285,-0.08878831,0.43803066,-0.47273365,Nasional
-0.19759353,-0.19190769,0.60562766,0.34716117,0.29414845,-0.82841194,0.13128379,-0.87622714,-0.38572574,-0.6566916,-1.0126256,-0.00058715366,-0.034212682,-0.8908969,-0.078996554,1.0315931,-0.42894405,0.03662815,-0.010535763,0.15330398,0.15449505,0.8085147,-0.07440969,-0.21895269,0.5742802,-0.14946985,0.83387035,0.55598277,0.068653286,0.12761635,-0.8928679,0.20579979,0.20588037,0.10432237,-1.5382422,-0.10884471,0.72781986,-0.4312549,0.9012902,0.056169692,-0.51136464,-0.49575076,0.6346663,0.45035794,-0.11781165,0.26081297,0.54771394,0.294112,-0.25754032,0.00930754,0.29557306,0.70224804,-0.19079058,-0.1123717,0.45910364,-0.5565659,Nasional
-0.1238945,-0.18303226,0.52302974,0.16617182,0.16018228,-0.7035527,0.08523213,-0.6647098,-0.27923915,-0.4875007,-0.9423927,-0.08588036,-0.0029014563,-0.60275364,-0.033171725,0.96213627,-0.39273384,-0.19820493,-0.17796507,0.15646033,-0.008839633,0.5924477,-0.095259085,-0.09438019,0.38964486,-0.18720153,0.72600466,0.17197575,0.051616564,-0.09127814,-0.70383024,0.11538069,0.032404847,-0.033113185,-1.2003397,-0.18396397,0.61803335,-0.13607164,0.71688515,-0.013962231,-0.4005227,-0.33968836,0.35863256,0.38436744,-0.2460513,0.24253727,0.4205797,0.24119903,-0.38913032,-0.09788591,0.26352665,0.78572774,0.054886788,-0.2583668,0.36502287,-0.19945222,Money
-0.1007447,-0.31674585,0.5056627,0.23301603,0.09796602,-0.6510539,0.13803945,-0.8279441,-0.3965198,-0.48123106,-1.1755491,-0.12325852,0.04671117,-0.5993163,0.0031073454,1.2210482,-0.4546329,-0.27387235,-0.29994664,0.1096502,-0.012051184,0.681127,-0.13761765,-0.109697245,0.4624062,-0.29113293,0.7342956,0.17507428,0.028521815,-0.2089077,-0.95754033,0.096988134,-0.010225779,-0.17803083,-1.4325875,-0.2518322,0.7801388,-0.107635304,0.8299958,-0.09639358,-0.47583473,-0.38220552,0.36107293,0.5124626,-0.3548954,0.41016662,0.4281229,0.36455017,-0.5483665,-0.05000078,0.330732,0.9839218,0.29671273,-0.28900343,0.36455873,-0.028540611,Money
-0.14895445,-0.12197626,0.53809094,0.20929652,0.2148821,-0.73215884,0.11888983,-0.72914356,-0.24320433,-0.47191036,-0.6524625,-0.122191235,-0.032344796,-0.72638386,-0.05388202,0.82945424,-0.34081462,0.011910403,-0.0499881,0.14433458,0.0320189,0.53797764,0.024823112,-0.20820686,0.5435053,-0.14129177,0.8195568,0.3895876,0.1868777,0.008051435,-0.7517556,0.13690944,0.2250239,0.1539144,-1.2614748,-0.17730998,0.555371,-0.23383118,0.755929,-0.049705565,-0.38935572,-0.33120885,0.45314902,0.35726705,-0.09491161,0.18927659,0.47055662,0.17038192,-0.22469404,0.06760164,0.26474145,0.62000525,-0.27595782,-0.19256283,0.4698766,-0.47180745,Megapolitan
-0.15529376,-0.13322891,0.5821891,0.22418715,0.22746003,-0.7927578,0.13698444,-0.7957117,-0.2738084,-0.5122823,-0.7333996,-0.12557746,-0.038452458,-0.77896637,-0.054761376,0.9213359,-0.3655704,0.0086942585,-0.06436022,0.1601117,0.040313736,0.59375703,0.020592064,-0.21867873,0.5822099,-0.16129027,0.8907072,0.4226036,0.19339961,0.007550368,-0.8147342,0.14966978,0.24084385,0.1526039,-1.3758184,-0.19070567,0.6104877,-0.25399536,0.81918615,-0.059867013,-0.42375073,-0.3618336,0.4861188,0.38897765,-0.10663995,0.2127283,0.5194223,0.19313653,-0.24891703,0.058124427,0.28937593,0.68087214,-0.28260818,-0.20566076,0.49718973,-0.49644676,Megapolitan
-0.20888342,-0.32265705,0.64128745,0.3862675,0.28614175,-0.806796,0.13988243,-1.0856036,-0.4764834,-0.5909969,-0.73931134,-0.23574662,0.017237373,-0.9175337,-0.061949056,1.0978751,-0.44724137,0.12270841,0.023533156,0.08571976,0.109495305,0.7556081,0.05223574,-0.33908427,0.86562717,-0.15860322,0.9579748,0.7530711,0.22872056,-0.048099447,-1.3045385,0.12629256,0.3417575,0.17978004,-1.7743133,-0.24873228,0.8791955,-0.32276025,1.0729406,-0.18645343,-0.5698086,-0.47908148,0.6013718,0.5823645,-0.15894558,0.3369424,0.5085351,0.33340243,-0.33701423,0.36506248,0.24990575,0.7247903,-0.2805025,-0.16588126,0.6756102,-0.6566714,Money
-0.18046914,-0.29807666,0.56710035,0.3240161,0.22163594,-0.7124814,0.15592669,-0.9433007,-0.41064012,-0.49733633,-0.72885317,-0.20688546,0.0014606562,-0.780092,-0.034565102,1.0032686,-0.3983776,0.064738356,-0.025406258,0.079373516,0.08174525,0.67853653,0.023665395,-0.2651898,0.7320747,-0.15134896,0.8420069,0.5938486,0.18964905,-0.079749584,-1.1317683,0.09877131,0.27756572,0.10462434,-1.5715424,-0.22401801,0.793357,-0.2550804,0.94022757,-0.18171617,-0.49721003,-0.40439117,0.50942767,0.52750844,-0.18101944,0.31165192,0.446492,0.2869731,-0.33004674,0.27051812,0.24084629,0.6941636,-0.18809009,-0.16334629,0.55577874,-0.51982534,Megapolitan
-0.16342853,-0.16025941,0.6925863,0.2617319,0.31877932,-0.94262123,0.01853055,-0.92021084,-0.33467206,-0.653048,-0.6162139,-0.26643085,0.023298085,-0.93378,-0.08489676,0.9474743,-0.45712474,0.010401466,-0.016299117,0.15298252,-0.019087035,0.5887485,0.078758724,-0.35298678,0.7848671,-0.14761864,1.0169748,0.50960594,0.2863329,-0.027091669,-1.0410026,0.15539818,0.2630786,0.295984,-1.5857116,-0.2454354,0.6767674,-0.24243955,0.9806734,-0.032216135,-0.5114292,-0.41118377,0.5641568,0.42345548,-0.11671384,0.2195479,0.57142913,0.23029749,-0.27765617,0.2735259,0.24503617,0.7281305,-0.4348236,-0.30528474,0.7366328,-0.66739345,Megapolitan
-0.097816154,-0.09736261,0.6146712,0.12300908,0.18458799,-0.84539354,0.055906687,-0.68562716,-0.19767909,-0.5127504,-0.7195659,-0.19869621,-0.030706929,-0.7176817,-0.048624817,0.8692242,-0.41562167,-0.17567721,-0.16724576,0.1981928,-0.09718268,0.4808002,0.015060234,-0.19001524,0.49245766,-0.14710642,0.8629148,0.12181702,0.192775,-0.10324056,-0.7254125,0.12155341,0.09200357,0.14601846,-1.2527498,-0.2186592,0.53513557,-0.079291776,0.76576746,0.014151658,-0.38839766,-0.26733083,0.3758831,0.3127529,-0.18896316,0.18321583,0.50071126,0.1353373,-0.3306918,0.0017541182,0.29575452,0.81155527,-0.2164859,-0.36655378,0.5236738,-0.36607724,Nasional
-0.22099014,-0.13227193,0.6746641,0.30322185,0.25061125,-0.97355485,0.3531396,-0.8567443,-0.06868805,-0.40804592,-0.8422212,-0.05176008,-0.14076877,-0.9842671,0.011815388,0.920653,-0.41669622,0.09819212,-0.18636727,0.13816942,0.09788253,0.7092241,-0.05656968,-0.19401294,0.7528122,-0.093852326,1.0031381,0.53625137,0.32171932,0.1474098,-0.84075,0.15108654,0.36584586,0.22368708,-1.7820078,-0.094742976,0.69717175,-0.38831836,1.003987,-0.1289512,-0.36764905,-0.37699613,0.6902346,0.4882096,-0.17854631,0.17873034,0.5344044,-0.02427257,-0.24016495,-0.054180607,0.528773,0.7765068,-0.6353037,-0.2222826,0.42142892,-0.6434058,Nasional
-0.07324324,-0.019756611,0.56618977,0.043712784,0.22465746,-0.90855604,0.13513753,-0.48343462,0.029680716,-0.34744903,-0.5400505,-0.13538742,-0.055694785,-0.7357112,0.002040997,0.68233603,-0.33245888,-0.12136833,-0.23520838,0.19482821,-0.051609464,0.4420735,0.036222514,-0.07817128,0.56016797,-0.063981086,0.75076336,0.26689062,0.32660836,0.012980246,-0.5474631,0.06858512,0.14945596,0.22558746,-1.1528815,-0.11190059,0.41475952,-0.19713943,0.66393566,-0.039554015,-0.31189555,-0.19953038,0.42388827,0.23551096,-0.14248818,0.14758198,0.5042257,0.033202443,-0.24806292,-0.10442358,0.2905747,0.5567162,-0.4987383,-0.3397024,0.44312152,-0.3320493,Megapolitan
-0.11449707,-0.39401346,0.5487698,0.37266216,0.19928718,-0.81013465,0.31057855,-1.0507696,-0.42436498,-0.5007868,-0.7937153,-0.1337895,-0.029797554,-0.9182765,-0.07633757,1.0950345,-0.4552743,0.073037244,-0.07999769,0.10282209,0.18646386,0.8171484,0.014708149,-0.24902077,0.83869517,-0.16932853,0.91271627,0.7862897,0.19726564,0.057766102,-1.2228978,0.048073765,0.36548927,0.109547876,-1.7977984,-0.17140545,0.9112827,-0.43387038,1.0484786,-0.24743363,-0.5250526,-0.5203608,0.6498717,0.57697356,-0.22691269,0.35043085,0.4638591,0.28736055,-0.31979486,0.24609612,0.38333952,0.7202663,-0.32937586,-0.11502431,0.5866154,-0.5837989,Money
-0.12266908,-0.08037176,0.6090166,0.14657924,0.2206392,-0.9146353,0.08223726,-0.62425226,-0.14920406,-0.53310347,-0.8613474,-0.073298626,-0.050091658,-0.77744615,-0.029362803,0.84619033,-0.41131043,-0.15004826,-0.17109223,0.23887141,0.0027064418,0.60829496,-0.061979573,-0.111615345,0.47328684,-0.10584129,0.83475053,0.23551042,0.18940544,-0.00048380613,-0.6138669,0.12639578,0.100009985,0.14952822,-1.2520425,-0.15009509,0.54165876,-0.21667498,0.7463703,0.021028403,-0.39320037,-0.33586004,0.44319922,0.31468186,-0.20883553,0.17535897,0.49646157,0.13904677,-0.3036409,-0.13646655,0.31127802,0.7358078,-0.28396153,-0.29148957,0.4429331,-0.39122465,Tekno
-0.15291908,-0.1630327,0.6398568,0.19473857,0.33741802,-1.0655665,0.13747352,-0.698223,-0.10472115,-0.523084,-0.7569575,-0.06680409,0.010928666,-0.93392324,-0.022785705,0.87945473,-0.40720084,-0.038141284,-0.12529252,0.23984222,0.09291536,0.6837373,-0.00024474898,-0.11289686,0.72269875,-0.08013449,0.90230393,0.5754555,0.30616385,0.09102359,-0.73663676,0.08769126,0.22346944,0.2669103,-1.4942235,-0.081993535,0.63210535,-0.38643444,0.8678308,-0.04891335,-0.47956377,-0.41681597,0.61757934,0.39313537,-0.18767315,0.21630514,0.5285886,0.18218946,-0.27393597,-0.002849104,0.33312657,0.583579,-0.56069636,-0.26619625,0.5358825,-0.54917294,Megapolitan
-0.13310969,-0.110380724,0.57436657,0.18468928,0.26619652,-0.88203007,0.10147728,-0.66916984,-0.16511251,-0.46925896,-0.63485324,-0.11601167,-0.013954586,-0.80671364,-0.034696244,0.7923833,-0.36406982,-0.0069368887,-0.08056835,0.20670992,0.059110302,0.5716778,0.025994362,-0.15521668,0.6126802,-0.09038461,0.8251498,0.47472212,0.25176165,0.04760136,-0.7266504,0.10179595,0.20992485,0.23310865,-1.2967486,-0.13701937,0.5404238,-0.2975442,0.7769382,-0.054671314,-0.41079384,-0.35724187,0.50142235,0.3352124,-0.12575065,0.1983554,0.48450342,0.1730937,-0.24191701,0.034143325,0.2695141,0.55963624,-0.4252313,-0.22990744,0.5038083,-0.49118838,Megapolitan
-0.11380357,-0.14711185,0.564685,0.2161301,0.2705732,-0.8386617,0.059382543,-0.74205875,-0.26189363,-0.5096815,-0.56494206,-0.15967618,0.022769254,-0.8032506,-0.065167725,0.83364516,-0.38873723,0.018324582,-0.03174097,0.18470918,0.052805867,0.5697083,0.06726327,-0.22467352,0.6636546,-0.12599832,0.846863,0.53120655,0.23837219,0.031356707,-0.8543931,0.09861583,0.22241244,0.23658822,-1.3175554,-0.16426195,0.5802688,-0.29685622,0.81798327,-0.06298576,-0.4470224,-0.3878013,0.5016899,0.34143537,-0.108518526,0.22794051,0.4850073,0.2417185,-0.25113252,0.15195149,0.2223863,0.5705359,-0.3858012,-0.21737696,0.582988,-0.5177591,Megapolitan
-0.18228199,-0.4259031,0.57731843,0.33121926,0.13158403,-0.7311615,0.27929577,-1.0683544,-0.47537813,-0.44407034,-1.0619936,-0.19693536,-0.020514,-0.76506877,0.006431854,1.2855213,-0.45882356,-0.05707623,-0.20587784,0.05805701,0.0736656,0.8010755,-0.05768828,-0.20656386,0.7444299,-0.2623688,0.9134373,0.50552803,0.12128898,-0.1883994,-1.3234004,0.0627996,0.24480619,-0.105524905,-1.8153862,-0.29078403,1.0006232,-0.19485699,1.0470598,-0.28298056,-0.5413579,-0.45282933,0.4917918,0.6477282,-0.35097447,0.42994806,0.46806514,0.34427416,-0.5036483,0.15912755,0.34765384,0.97953176,0.042463366,-0.20822558,0.47277108,-0.3173922,Megapolitan
-0.18149367,-0.2078023,0.5552594,0.2960778,0.16190857,-0.6673704,0.23715298,-0.92269206,-0.34258077,-0.42437375,-0.8213384,-0.18421671,-0.07897663,-0.7632494,-0.004431582,1.0038954,-0.3702953,0.054503325,-0.11556313,0.06911917,0.049088024,0.62201643,0.003936426,-0.26037422,0.6461596,-0.21706055,0.86538583,0.42821294,0.2150195,-0.064534366,-1.0338625,0.13463664,0.29463983,0.0632614,-1.5480571,-0.23543012,0.7332091,-0.20415738,0.8924598,-0.18378425,-0.41510993,-0.3245342,0.46519676,0.48975137,-0.14996584,0.30796805,0.5008736,0.1965635,-0.29359844,0.13689934,0.3069821,0.8225194,-0.15852727,-0.18130466,0.43907005,-0.43937972,Nasional
-0.0988254,-0.16135441,0.5311853,0.120694466,0.12207767,-0.74475986,0.135889,-0.66093236,-0.2102145,-0.4119334,-0.85430145,-0.13950895,-0.029501433,-0.6206924,0.008280207,0.9513939,-0.3749553,-0.1979636,-0.24624263,0.1538947,-0.040524248,0.53872526,-0.052057326,-0.104568265,0.46007726,-0.18157017,0.78681976,0.16236208,0.14468785,-0.13919322,-0.72584057,0.08047173,0.07698338,0.009174379,-1.252206,-0.21346201,0.6135223,-0.09488716,0.742455,-0.079602495,-0.38835403,-0.28736186,0.34605312,0.368589,-0.25615823,0.24914788,0.4399337,0.17970008,-0.38590047,-0.07826634,0.3128874,0.8138178,-0.05800192,-0.3052662,0.3921586,-0.21648435,Otomotif
-0.11051434,-0.2080084,0.5621243,0.13846464,0.11068522,-0.7773022,0.16378161,-0.71157265,-0.22373703,-0.43279734,-0.96671236,-0.1639259,-0.050010372,-0.6563303,0.0149963135,1.0150855,-0.42222053,-0.23142816,-0.27917498,0.14526394,-0.048025426,0.59092754,-0.07557187,-0.0942115,0.46358204,-0.19047494,0.8065603,0.12173202,0.15686156,-0.18227974,-0.8016514,0.082844995,0.07002909,-0.014100857,-1.3563142,-0.24463442,0.6842092,-0.07528323,0.8016688,-0.09937904,-0.42343915,-0.29320613,0.35051888,0.4232685,-0.30485973,0.28527305,0.44612706,0.18233724,-0.44142735,-0.071557164,0.34292403,0.9129181,0.0026856675,-0.33407825,0.3904636,-0.20687325,Otomotif
-0.16925387,-0.2684851,0.6150223,0.26303348,0.20736846,-0.8104923,0.16795656,-0.92253286,-0.3463621,-0.49949205,-0.85971975,-0.2032946,-0.014621185,-0.79797524,-0.03436501,1.0814058,-0.43772888,-0.054801702,-0.14665172,0.12212247,0.017658763,0.6635329,-0.007953423,-0.22279356,0.67854524,-0.19266911,0.91583455,0.43394208,0.19514294,-0.10920802,-1.0755422,0.10507137,0.2185046,0.06526918,-1.5905198,-0.24814372,0.78972036,-0.19236931,0.9457732,-0.16004086,-0.4843264,-0.39572665,0.48912793,0.50700814,-0.23499936,0.3138673,0.4962222,0.24905002,-0.39665303,0.12547812,0.311558,0.8428861,-0.14941514,-0.26018265,0.52954274,-0.41162035,Megapolitan
-0.14851621,-0.16289815,0.6067071,0.19973305,0.20933835,-0.85801435,0.12515594,-0.7779345,-0.25203276,-0.49138245,-0.81442857,-0.15131027,-0.03240335,-0.77592194,-0.03070026,0.9630786,-0.4160951,-0.09000669,-0.16352732,0.17809448,-0.004885404,0.605412,-0.01179672,-0.17575713,0.58508295,-0.15009478,0.88617545,0.3362725,0.1958118,-0.071149565,-0.8545838,0.11588195,0.1788106,0.11191687,-1.4110634,-0.215886,0.65598315,-0.185124,0.8424295,-0.082611956,-0.4318841,-0.3584409,0.45141545,0.40878353,-0.21565372,0.24455962,0.50207263,0.19340649,-0.3485285,0.011206323,0.31006867,0.78530025,-0.22338192,-0.28127638,0.4820322,-0.40104267,Megapolitan
-0.15015697,-0.14813459,0.5537753,0.20890649,0.21267883,-0.78355914,0.11510792,-0.7346765,-0.24123333,-0.45934466,-0.7024325,-0.13815074,-0.031011708,-0.7460438,-0.0315409,0.8649805,-0.36809865,-0.019923566,-0.100266375,0.1562189,0.027336197,0.56757253,0.010782648,-0.1850908,0.5797782,-0.13292436,0.8194977,0.40139344,0.20537573,-0.024317885,-0.8139401,0.117582016,0.20516823,0.14553866,-1.3131024,-0.18366349,0.5964886,-0.21965274,0.777075,-0.082086824,-0.40791574,-0.3396259,0.44846332,0.37545508,-0.1534377,0.21954668,0.47180614,0.18808934,-0.2845799,0.057262834,0.2651681,0.6598161,-0.26365855,-0.22564395,0.47123826,-0.43044993,Megapolitan
-0.15065716,-0.15498842,0.5776112,0.19813274,0.21656053,-0.84061396,0.13501123,-0.7475795,-0.22231959,-0.46423984,-0.75966144,-0.13240828,-0.035268173,-0.7738839,-0.024661154,0.9065092,-0.38584507,-0.045888465,-0.13806985,0.1735565,0.024689708,0.59414726,-0.0011443316,-0.16620056,0.59634405,-0.13647705,0.85506886,0.3958508,0.21855973,-0.03297022,-0.8188698,0.10973232,0.2026404,0.13618773,-1.3705052,-0.18770649,0.62111336,-0.21755269,0.81035835,-0.092024066,-0.41549492,-0.35195303,0.46113557,0.3922142,-0.18309444,0.23372735,0.49001387,0.18319494,-0.30952272,0.018721813,0.29718325,0.6972206,-0.27960202,-0.25022882,0.4711599,-0.4204033,Megapolitan
-0.18777484,-0.27536547,0.6721271,0.31272715,0.24865909,-0.91629046,0.19168794,-1.0302691,-0.39595166,-0.558343,-0.90494156,-0.19176835,-0.015853073,-0.9078125,-0.038567193,1.1812799,-0.4648036,0.011485442,-0.11301036,0.1548354,0.068509474,0.75691605,0.017639989,-0.24875608,0.78050554,-0.20426384,1.0349131,0.60030776,0.23290274,-0.07312576,-1.1730994,0.12588662,0.2959296,0.1241157,-1.7499846,-0.25906393,0.8532432,-0.28659064,1.041359,-0.19766161,-0.54433805,-0.4603773,0.5733175,0.5570266,-0.21155322,0.3446587,0.5729053,0.2979074,-0.38820633,0.1570027,0.32790443,0.8506893,-0.24794476,-0.2364078,0.58924294,-0.5234276,Megapolitan
-0.094384536,-0.20535402,0.56055105,0.16121162,0.1347782,-0.7156825,0.10553598,-0.7573662,-0.29281682,-0.4785017,-0.9256635,-0.17407495,-0.0043757865,-0.64972794,-0.014052212,1.033101,-0.425652,-0.21915609,-0.23423836,0.1413345,-0.068643086,0.56000483,-0.062127214,-0.15167607,0.48390403,-0.2105224,0.80014086,0.13047278,0.12208432,-0.16045828,-0.86169416,0.100787774,0.04238802,-0.013310543,-1.3590852,-0.23650685,0.6634506,-0.08700357,0.7967975,-0.05279602,-0.4191501,-0.29895914,0.36741626,0.40271673,-0.27092037,0.28792888,0.4687768,0.22596577,-0.43753883,-0.023374395,0.3077416,0.90591383,0.035008393,-0.3180268,0.43958026,-0.18603624,Money
-0.12099629,-0.09636212,0.58940923,0.1516028,0.24173886,-0.8804386,0.0979737,-0.65088296,-0.13905153,-0.4806088,-0.60563093,-0.1453629,-0.028094258,-0.7961333,-0.035984952,0.7758787,-0.38321882,-0.050173495,-0.11443848,0.19490281,-0.009678934,0.50736076,0.049619164,-0.17315644,0.60372883,-0.075425245,0.8385512,0.34441236,0.26829234,0.0061610206,-0.71633506,0.10233055,0.16843428,0.23207365,-1.2799441,-0.1456746,0.50475717,-0.21217404,0.76642406,-0.009317367,-0.38960087,-0.30600908,0.459502,0.29748213,-0.15089194,0.1751137,0.48989767,0.11209885,-0.25599128,0.0292776,0.28863627,0.63283676,-0.42298234,-0.28040376,0.53046757,-0.47374052,Megapolitan
-0.21578923,-0.3663294,0.62151456,0.44430122,0.25264087,-0.89917684,0.30761844,-1.0349044,-0.4753142,-0.61889756,-1.39377,0.10257696,-0.032699328,-0.97902346,0.008079219,1.3592741,-0.47501767,0.062100977,-0.10247778,0.17688018,0.32603917,1.1213474,-0.16151007,-0.10060059,0.7324239,-0.15657252,0.86361855,0.8416381,0.040199522,0.12564817,-1.1519563,0.14884184,0.25230518,-0.022109391,-1.9003859,-0.08520775,0.99272037,-0.6155156,1.0781932,-0.113940395,-0.62932295,-0.6036107,0.74607366,0.64154845,-0.24940215,0.447349,0.5977675,0.4481608,-0.40257877,-0.078712106,0.3809296,0.77579707,-0.08004088,-0.0071366467,0.34280512,-0.47357148,Money
-0.16352393,-0.38728505,0.647754,0.43723986,0.1965399,-0.89269507,0.20175171,-1.1200739,-0.54529005,-0.68641704,-1.4780781,-0.0021753933,0.06081786,-0.9378097,0.0147101,1.5119348,-0.58064467,-0.119402476,-0.2374184,0.17975356,0.17643233,1.0246696,-0.1761788,-0.1672559,0.7424299,-0.25692627,0.9287341,0.61656696,0.012547718,-0.02347258,-1.2854098,0.1597631,0.10380094,-0.067352235,-1.9672314,-0.21340638,1.0012223,-0.45239353,1.1286098,-0.0696523,-0.6610764,-0.58551186,0.6870371,0.6520897,-0.35157874,0.50245124,0.6143539,0.4978027,-0.558579,-0.024109097,0.4103924,1.0478922,0.10969765,-0.16194293,0.42950478,-0.2995193,Money
-0.18601967,-0.18523574,0.63318974,0.42432848,0.28424186,-0.8570389,0.04173902,-1.0003895,-0.46388966,-0.7530666,-0.99077725,-0.015445112,-0.012137818,-0.93687224,-0.08199325,1.0884405,-0.4815765,0.08089017,0.004419681,0.15012147,0.15242027,0.8022307,-0.05014238,-0.33671033,0.66734016,-0.1803317,0.88220364,0.5630729,0.084710695,0.13690247,-0.98798466,0.26688236,0.2299497,0.21260974,-1.6107454,-0.19850065,0.69393325,-0.40262708,0.98641557,0.16767593,-0.54680896,-0.47808164,0.68848586,0.4461247,-0.074234895,0.24995916,0.6055539,0.34257105,-0.25891808,0.087269805,0.31959632,0.7791083,-0.19466561,-0.12555358,0.5505521,-0.62380683,Nasional
-0.18022901,-0.124925144,0.69024545,0.25340587,0.33559588,-1.048872,0.23640168,-0.7498452,0.00879103,-0.4412494,-0.7326633,-0.054703884,-0.0368514,-1.003227,-0.013426744,0.8329714,-0.44206938,0.014058453,-0.20285122,0.16025926,0.07610298,0.6415339,-0.054266978,-0.17423768,0.7485276,-0.053743184,0.9195835,0.5627735,0.30801478,0.19692232,-0.80814314,0.10383578,0.2563502,0.26614255,-1.7152524,-0.02163718,0.64141446,-0.4273659,0.95582,-0.038612876,-0.3874588,-0.38946253,0.7515856,0.4332242,-0.19344695,0.16385104,0.5156796,-0.014847189,-0.2694595,-0.015988288,0.47085938,0.66719604,-0.7091869,-0.29471275,0.49689326,-0.58269334,Nasional
-0.171105,-0.10779889,0.6971735,0.23400001,0.32550249,-1.0476135,0.22787324,-0.712575,0.047716342,-0.43093267,-0.6899245,-0.07579434,-0.041645072,-0.98974425,-0.017336397,0.79286903,-0.4501725,-0.0107595315,-0.21958372,0.16191591,0.03293333,0.59776646,-0.054369785,-0.17470369,0.7268916,-0.03047307,0.9211062,0.4871451,0.32359493,0.18018565,-0.7678372,0.09547805,0.22793573,0.27369964,-1.6733066,-0.025754588,0.60741764,-0.38383514,0.94949144,-0.0243965,-0.36155653,-0.3634263,0.7286396,0.40994927,-0.20586142,0.13903904,0.49553797,-0.060519718,-0.27693713,-0.027593559,0.48767102,0.68729246,-0.7244014,-0.32508928,0.5027632,-0.5772489,Nasional
-0.19362423,-0.13049918,0.71353453,0.25665265,0.34188542,-1.0547825,0.3474284,-0.7292016,0.17275825,-0.3287535,-0.5165508,-0.13339394,-0.09402225,-1.0522761,-0.02176625,0.67634666,-0.44701865,0.07604243,-0.22570227,0.09314666,0.017576547,0.55839074,-0.03956,-0.21783833,0.8145492,0.038920254,0.9513473,0.5275998,0.43637323,0.22708936,-0.8161341,0.06327689,0.32871863,0.3282707,-1.8293595,0.024400817,0.6328852,-0.3906649,1.0407455,-0.11466384,-0.27987528,-0.34011123,0.80332613,0.4436442,-0.22248971,0.09552508,0.41637245,-0.23932244,-0.25689125,0.051159255,0.5890765,0.6653462,-0.94926286,-0.34328637,0.5448754,-0.6985106,Nasional
-0.19760548,-0.12849222,0.7275942,0.24984539,0.35640743,-1.0995866,0.28665167,-0.6616263,0.18306501,-0.3691624,-0.6278149,-0.07847139,-0.053244784,-1.052819,-0.016855681,0.68803877,-0.47409815,0.0013408976,-0.25826383,0.121797085,0.023314526,0.60519123,-0.086633325,-0.15263893,0.7495553,0.064083,0.8639147,0.4964718,0.35681143,0.23324543,-0.77134967,0.066823654,0.23016469,0.2988967,-1.7726953,0.048734695,0.62778544,-0.41688684,1.0056201,-0.026327532,-0.31731766,-0.35702518,0.81250256,0.43241897,-0.26245782,0.112008154,0.4172692,-0.19153126,-0.30530465,-0.030112442,0.5622046,0.6811197,-0.872303,-0.34969875,0.4905005,-0.6198127,Nasional
-0.24137232,-0.18036042,0.66142386,0.40180352,0.37227812,-0.96472335,0.18628155,-0.8439261,-0.12614536,-0.55516773,-0.8003928,0.032480326,-0.032428462,-1.049503,-0.068487436,0.83223677,-0.44878834,0.14528503,-0.05507955,0.120680824,0.18181355,0.7597368,-0.08878597,-0.24846257,0.72276837,-0.044021893,0.8388744,0.70080805,0.1971914,0.3019261,-0.8567263,0.18290764,0.29203835,0.2797664,-1.7448233,0.0022231645,0.6780655,-0.53228194,0.99677473,0.05739281,-0.42316335,-0.47778058,0.84568757,0.47331324,-0.12929085,0.16221054,0.46822208,0.06239914,-0.21095404,0.059847035,0.43386623,0.61213267,-0.62779903,-0.15218753,0.48303208,-0.718746,Nasional
-0.21069132,-0.3728086,0.5782707,0.46020404,0.30067778,-0.820372,0.29670072,-0.9970558,-0.46225297,-0.60156274,-1.1622708,0.10845369,-0.013164414,-0.9415395,-0.048046943,1.2042334,-0.43220362,0.13170165,-0.004697666,0.12265707,0.34337193,1.0353605,-0.13327666,-0.15974715,0.7314477,-0.1033398,0.7816503,0.8846923,0.026533952,0.20220062,-1.1152436,0.1347846,0.27144554,0.016007558,-1.8055735,-0.017752962,0.94222564,-0.6162449,1.047494,-0.057171892,-0.61830187,-0.59438354,0.77551144,0.59248537,-0.16845463,0.39185813,0.5369468,0.40593493,-0.2967109,0.038789954,0.34919405,0.62886524,-0.17080194,0.05216406,0.36276776,-0.58371,Money
-0.21425423,-0.22623813,0.5909593,0.35952443,0.29991388,-0.7661032,0.22126976,-0.9861504,-0.42887664,-0.60516375,-1.0159855,-0.023795137,-0.048805512,-0.8971909,-0.07629948,1.0971494,-0.37902385,0.13083965,0.032924768,0.08167643,0.21754126,0.8136382,-0.046416808,-0.25419366,0.62575525,-0.21632995,0.8546445,0.6662314,0.07423663,0.16413014,-1.014066,0.21035294,0.310189,0.08462727,-1.6672977,-0.10500023,0.8074389,-0.45642614,0.9402461,-0.018299943,-0.5390256,-0.48823336,0.6731202,0.51110536,-0.039104864,0.30469328,0.6006854,0.33771163,-0.22930977,0.1103228,0.28847957,0.6640667,-0.17297946,-0.050200336,0.4522547,-0.559507,Money
-0.22887045,-0.48381662,0.5750148,0.5614323,0.10192562,-0.9157932,0.34206495,-1.077583,-0.541521,-0.49812374,-1.3720807,0.033882856,-0.051667593,-1.0432326,0.13057701,1.3598258,-0.5741833,0.079637885,-0.23177198,0.21222542,0.3179738,1.2088178,-0.101893865,-0.07552198,0.90128917,0.013911447,0.767457,0.91654617,0.07555494,-0.10045153,-1.4788836,0.040006954,0.2175074,0.032930147,-2.0022645,-0.21064007,1.0600982,-0.5926449,1.1369694,-0.23100185,-0.6495606,-0.5653289,0.6924936,0.7155055,-0.5089921,0.57344073,0.4761822,0.45976582,-0.6074439,0.020764178,0.45126557,0.95599324,-0.09693445,-0.039100513,0.36706498,-0.45965102,Money
-0.25380597,-0.48081517,0.60349715,0.6343852,0.064185694,-0.96863973,0.33086666,-1.1073208,-0.60505015,-0.54159284,-1.5301515,0.08255712,-0.078042865,-1.1192565,0.17268902,1.4172387,-0.63952565,0.104712,-0.25146437,0.26730013,0.35529506,1.3354667,-0.12261254,-0.04676556,0.9115426,0.072997995,0.75314295,0.95909595,0.0328304,-0.13266012,-1.557332,0.057655405,0.17904213,0.041504554,-2.0527372,-0.23991702,1.082737,-0.66259843,1.1759795,-0.20516056,-0.6747024,-0.5940149,0.71148086,0.7426676,-0.5725914,0.61902314,0.48871332,0.506568,-0.66818506,-0.04987552,0.47342864,1.0432631,-0.06187375,-0.008380721,0.3283633,-0.4776668,Money
-0.15355708,-0.079193875,0.5545556,0.20381744,0.2645463,-0.7204042,0.031195847,-0.7012426,-0.22481973,-0.5139436,-0.58042586,-0.1385791,-0.0036003352,-0.73893183,-0.091623746,0.7268402,-0.3438703,0.015882738,-0.017229645,0.11081455,3.080669e-05,0.4701357,0.024017155,-0.26263738,0.51445127,-0.14716247,0.75366974,0.3397545,0.15840314,0.07156491,-0.72133267,0.17850244,0.19003263,0.19774176,-1.217515,-0.14782123,0.4883701,-0.22189082,0.7223907,0.056237604,-0.37223434,-0.31908804,0.4890836,0.30261377,-0.026927965,0.1480001,0.46757373,0.14541061,-0.18218769,0.11249881,0.21841753,0.5881815,-0.29529542,-0.21802855,0.5167934,-0.47135264,Money
-0.18878403,-0.029144805,0.75154835,0.25695708,0.2804078,-0.8773132,0.095520124,-0.89141405,-0.24437979,-0.7172813,-0.80801445,-0.21156925,-0.12280232,-0.9118805,-0.118405834,0.91982687,-0.4829866,-0.08544841,-0.076240234,0.14344098,-0.1366503,0.56308305,0.03350598,-0.35365137,0.54943717,-0.104418285,1.0075262,0.12100831,0.2534696,0.021763202,-0.8568347,0.24227323,0.2086763,0.23198836,-1.5210454,-0.2109233,0.6287494,-0.17180581,1.0012233,0.12394211,-0.4236615,-0.29850766,0.5554886,0.33872768,-0.09001315,0.14796768,0.5824462,0.03338045,-0.2284488,0.0006675795,0.38529328,0.97596866,-0.35535818,-0.31350574,0.62467057,-0.6364282,Nasional
-0.1333861,-0.15856463,0.55620205,0.21030375,0.23788284,-0.8647621,0.12209995,-0.67458326,-0.18131073,-0.50537777,-0.84737915,-0.02446956,-0.024265846,-0.77735597,-0.024088727,0.86574525,-0.3876001,-0.08042417,-0.1429869,0.19221,0.07964524,0.65604526,-0.06273033,-0.114065476,0.543616,-0.10908319,0.76063573,0.38987723,0.15954901,0.058084976,-0.68328923,0.11841872,0.1522159,0.13899349,-1.334508,-0.105656944,0.59509087,-0.2996475,0.77065384,0.0139836185,-0.4277799,-0.3689577,0.5116564,0.36632177,-0.19068538,0.20745356,0.47434062,0.1849953,-0.2815584,-0.07038031,0.31652972,0.6515586,-0.28802973,-0.21884142,0.407351,-0.4112227,Money
-0.1553385,-0.18625072,0.54360324,0.32276738,0.21904787,-0.71271765,0.12640022,-0.91683626,-0.3856521,-0.53839743,-0.7981459,-0.09496332,-0.019887958,-0.8138785,-0.040517025,0.9600641,-0.38788208,0.081937715,-0.02174076,0.097507745,0.11610176,0.6601279,0.0040997285,-0.26968145,0.6367324,-0.19535658,0.82904243,0.5345517,0.12620218,0.049902894,-0.9680187,0.19054398,0.27892196,0.1429697,-1.4897264,-0.18849623,0.66496927,-0.3323251,0.8575208,-0.029254708,-0.4692382,-0.40700582,0.5532353,0.43502846,-0.08633537,0.25377575,0.52182734,0.26154783,-0.23290007,0.14347088,0.27537715,0.68986785,-0.22658347,-0.12046013,0.47480956,-0.50951785,Money
-0.17717806,-0.17395146,0.64101124,0.32100192,0.27345607,-0.8042669,0.11379303,-0.985372,-0.39332086,-0.617813,-0.8290561,-0.14345779,-0.0035623848,-0.8928484,-0.071845084,1.0436766,-0.4308942,0.062423892,0.0028704947,0.13270679,0.0706372,0.6769878,0.020364089,-0.30042854,0.6874316,-0.21504584,0.9681189,0.5341697,0.17532109,0.045721937,-1.0137665,0.2116775,0.28932035,0.1831852,-1.6023074,-0.20226064,0.7008093,-0.33147138,0.95123035,-0.03259975,-0.50017315,-0.42734325,0.59718555,0.45770445,-0.07276967,0.251903,0.592005,0.2668364,-0.24525732,0.16237846,0.28703672,0.76496303,-0.2692265,-0.1697266,0.56852406,-0.5727232,Money
-0.1139855,-0.07162772,0.5728714,0.14494236,0.20764019,-0.83729416,0.12975721,-0.6669463,-0.15269081,-0.45230043,-0.6878691,-0.108082995,-0.060688972,-0.7685065,-0.025500745,0.7945466,-0.35634282,-0.0532157,-0.12806773,0.19479364,0.00812892,0.52990764,0.011387083,-0.15758774,0.5321544,-0.11330156,0.84056705,0.30601233,0.2311024,0.0053712297,-0.6638313,0.1267517,0.1945449,0.18545227,-1.2646382,-0.15978546,0.5126494,-0.2109714,0.74942696,-0.033428203,-0.37153363,-0.2895231,0.43611553,0.30597043,-0.13589501,0.16728483,0.5002144,0.1084798,-0.23181206,-0.028706793,0.311013,0.667109,-0.36264357,-0.25364304,0.45078292,-0.44435996,Megapolitan
-0.20798025,-0.106492005,0.6402241,0.25263578,0.24258462,-0.8013592,0.17076877,-0.9359465,-0.31276026,-0.58758086,-0.79446375,-0.114629954,-0.0668139,-0.8500172,-0.09989141,0.9972428,-0.37645882,0.046655152,-0.015284042,0.14940208,0.03364895,0.58404833,0.047671616,-0.27445212,0.5703664,-0.20912296,0.99141896,0.39061397,0.18358846,0.042204004,-0.8088362,0.24381164,0.31823003,0.18709782,-1.493221,-0.21513453,0.6203874,-0.25542915,0.8723009,-0.025418889,-0.42178914,-0.35752487,0.5283854,0.42610613,-0.005714762,0.16481759,0.60256225,0.14320105,-0.17267896,0.06892622,0.34961393,0.748694,-0.30438972,-0.19318427,0.49880302,-0.59094846,Money
-0.19941826,-0.073756605,0.65639883,0.26164073,0.2626495,-0.83733654,0.16674899,-0.9338665,-0.29760325,-0.5765933,-0.8152109,-0.12987547,-0.075476855,-0.89891905,-0.05297703,0.97800255,-0.37441203,0.09708689,-0.015868163,0.16795419,0.061978348,0.6244128,0.03628799,-0.2857786,0.6425342,-0.22398223,1.0308309,0.47752708,0.24537322,0.08146607,-0.8506856,0.2437602,0.3505708,0.22393276,-1.5578948,-0.19504851,0.6292474,-0.31140304,0.9024586,-0.06950361,-0.42625773,-0.37868404,0.56310815,0.41901076,-0.013038088,0.19146848,0.62891144,0.16582349,-0.16198209,0.06612585,0.32152194,0.7368866,-0.38290927,-0.18212572,0.52460027,-0.61126876,Money
-0.19718885,-0.08247254,0.64497745,0.241715,0.22800922,-0.8091324,0.20061614,-0.87070525,-0.24570681,-0.5202696,-0.7672801,-0.14900692,-0.112014115,-0.841791,-0.042622663,0.93387944,-0.36541647,0.06464515,-0.048883103,0.1551648,0.025929488,0.58910257,0.038744174,-0.25401458,0.6152475,-0.18754214,0.99962515,0.380414,0.2701645,0.03072211,-0.80091274,0.2138732,0.32316104,0.20176813,-1.4865042,-0.19547053,0.6151965,-0.23164213,0.87789285,-0.08641741,-0.3904546,-0.3202944,0.49817166,0.40611672,-0.05367695,0.17427254,0.5835571,0.111739546,-0.18158242,0.036734153,0.34460816,0.7645693,-0.369328,-0.20578113,0.48593545,-0.5898489,Money
-0.19900668,-0.11784134,0.6346803,0.27653894,0.26903325,-0.91033167,0.1838441,-0.9080971,-0.28309926,-0.58332205,-0.9759046,-0.034509014,-0.0625506,-0.9170228,-0.020463819,1.0268606,-0.39431933,0.045952693,-0.06931383,0.19323675,0.13667965,0.7368757,-0.029803189,-0.201961,0.630453,-0.1924932,0.9686737,0.53407335,0.19058686,0.10822009,-0.83131444,0.2181483,0.3088335,0.18670097,-1.5939702,-0.15786809,0.6807523,-0.38209516,0.8900582,-0.043450415,-0.46779078,-0.42942724,0.60922956,0.45228732,-0.10113913,0.21945246,0.6161819,0.21288821,-0.2101128,-0.014856205,0.34109437,0.7191898,-0.36425573,-0.16652545,0.45044023,-0.5726871,Money
-0.12391454,-0.059911873,0.5661932,0.258588,0.27437508,-0.71743053,-0.08163564,-0.79987913,-0.3314312,-0.6428364,-0.43477294,-0.19673316,0.0026562042,-0.7888323,-0.13602856,0.71554357,-0.39272654,0.067293525,0.067977935,0.08266882,-0.040652014,0.406847,0.10950625,-0.41173273,0.5826778,-0.16194569,0.8044811,0.31591254,0.1756915,0.08270822,-0.82269233,0.2462582,0.21553902,0.3241852,-1.2390403,-0.21281788,0.4349252,-0.17603882,0.7734246,0.18785073,-0.40085664,-0.31702012,0.51297194,0.25304693,0.037346877,0.11466613,0.5142831,0.1745186,-0.14659546,0.27234507,0.19611399,0.62460387,-0.3373742,-0.23449084,0.66587317,-0.6167031,Nasional
-0.15571374,-0.057908792,0.68377334,0.31893486,0.319488,-0.9082985,-0.1256531,-0.902779,-0.29874277,-0.7525975,-0.5325046,-0.19962275,0.0141500635,-0.9593892,-0.14790244,0.803249,-0.50403106,0.040872533,0.009377322,0.105608605,-0.07498726,0.47165728,0.08511657,-0.47614568,0.6836463,-0.1476469,0.92008746,0.30418333,0.2198735,0.11379846,-0.8943186,0.28876594,0.21269672,0.4247079,-1.4724429,-0.25260577,0.4717424,-0.19893815,0.9313151,0.30428523,-0.44897413,-0.3572747,0.6400814,0.2962533,-0.009429982,0.096313596,0.57493556,0.14510854,-0.20707229,0.25977653,0.31071237,0.7846965,-0.46222097,-0.33087698,0.7722704,-0.72150964,Nasional
-0.10543203,-0.03421145,0.6280062,0.20351394,0.27867353,-0.80674183,-0.092353314,-0.75960326,-0.25970075,-0.6563226,-0.4137526,-0.24041186,-0.005803391,-0.8157659,-0.14636306,0.7101342,-0.43250412,-0.021062177,0.004520106,0.110165134,-0.11703062,0.37451994,0.11689366,-0.39515433,0.58718646,-0.12459014,0.8525699,0.19749258,0.22069806,0.0456235,-0.80078286,0.22151549,0.15611997,0.34316874,-1.2554324,-0.2188287,0.4271026,-0.107754685,0.8011614,0.21774341,-0.39821357,-0.28264454,0.4886975,0.21647967,-0.0098058125,0.09404759,0.53032637,0.11592584,-0.19442527,0.2337557,0.23143314,0.71442497,-0.3965184,-0.32586107,0.71411747,-0.6143185,Nasional
-0.13477209,-0.07058621,0.6646064,0.1821378,0.28260067,-0.87212914,0.06335689,-0.81619716,-0.2501423,-0.60502726,-0.71011734,-0.17254943,-0.016947143,-0.8381466,-0.09542895,0.90585065,-0.40642256,-0.056306504,-0.062679134,0.18064895,-0.033897758,0.5293503,0.03470256,-0.27949134,0.57805216,-0.19741334,0.9637861,0.31430137,0.23026961,0.03467677,-0.77936167,0.19704989,0.2141679,0.21884046,-1.3987157,-0.19106238,0.5649944,-0.21150014,0.8420669,0.01703923,-0.44020885,-0.34062654,0.5061536,0.32977754,-0.057966232,0.1702848,0.5912709,0.16012847,-0.21568929,0.07452981,0.2800773,0.74505603,-0.33519387,-0.28614646,0.57134223,-0.5282621,Money
-0.15769936,-0.07766941,0.6323498,0.24024254,0.27083784,-0.81429803,0.06918883,-0.8663784,-0.29932246,-0.62189525,-0.7508869,-0.12868276,-0.03512411,-0.8458955,-0.09647039,0.9118513,-0.39520076,0.011965464,-0.026443705,0.14325088,0.013334669,0.5628629,0.029745568,-0.3060543,0.5749913,-0.20570767,0.9253932,0.36087915,0.18487029,0.07827025,-0.7989497,0.23440678,0.2511603,0.22227497,-1.4241729,-0.19685476,0.56358856,-0.24808794,0.8490115,0.06063238,-0.4405594,-0.3526065,0.5374588,0.35129866,-0.018534526,0.17207232,0.5901866,0.17800854,-0.18488215,0.07809853,0.2904725,0.7321538,-0.30687234,-0.22459994,0.5534054,-0.55595315,Nasional
-0.171214,-0.09047682,0.6482201,0.26111993,0.28377974,-0.87399346,0.089880675,-0.90131146,-0.32707483,-0.6248,-0.9058471,-0.081752084,-0.019352814,-0.9051083,-0.050361887,1.0056264,-0.4079782,0.024930637,-0.041595623,0.18547726,0.07522285,0.6664396,0.006110572,-0.24319966,0.6014438,-0.21722671,0.957953,0.4808652,0.16580164,0.08244677,-0.8401463,0.23489857,0.26460874,0.198366,-1.5173202,-0.18983303,0.61329955,-0.35763362,0.8705052,0.012442548,-0.47497335,-0.40623513,0.58856225,0.39829037,-0.04764961,0.21638484,0.6373371,0.23646055,-0.21087046,0.034065135,0.29366913,0.73519903,-0.30902347,-0.1908031,0.5058701,-0.5369797,Nasional
-0.18658584,-0.10979537,0.62835246,0.29520938,0.2824526,-0.8247092,0.091425344,-0.90986085,-0.3489268,-0.62658376,-0.902348,-0.065104984,-0.024601366,-0.8887963,-0.06631334,0.9834823,-0.3997008,0.048422556,-0.009617489,0.16504002,0.09605271,0.67889833,-0.00955846,-0.26006603,0.5824781,-0.20469037,0.9145677,0.49063078,0.13461274,0.098992966,-0.8445314,0.2396522,0.26750827,0.18158415,-1.4969472,-0.18537194,0.6191285,-0.35755938,0.8711851,0.03005731,-0.46905592,-0.4173827,0.5907449,0.41078347,-0.03805002,0.20630838,0.6001169,0.2389288,-0.19461831,0.051601145,0.28940493,0.71462905,-0.27627248,-0.15895413,0.49243122,-0.5583631,Nasional
-0.09154774,-0.04057552,0.5984149,0.1153195,0.25121424,-0.8001621,0.008294694,-0.65093535,-0.16095646,-0.5109241,-0.38794193,-0.2497466,-0.0020682628,-0.73831344,-0.09672048,0.70071775,-0.36756432,-0.052046657,-0.045714904,0.15939325,-0.12139571,0.3478216,0.12104563,-0.2709293,0.5698792,-0.117013805,0.86308336,0.23192394,0.28583688,-0.025803836,-0.7050101,0.13116673,0.16510761,0.28051886,-1.1464856,-0.19384941,0.42029187,-0.11328869,0.7313292,0.032485303,-0.35903132,-0.2445017,0.41052717,0.23206855,-0.043938037,0.12982053,0.50332624,0.08868746,-0.20695308,0.14989837,0.22963986,0.6247284,-0.40742818,-0.32788426,0.62971085,-0.49373817,Megapolitan
-0.095835455,-0.07448056,0.5389336,0.15363008,0.25785053,-0.74900645,0.01854682,-0.6420689,-0.17981324,-0.47629404,-0.3390458,-0.21894914,0.008796394,-0.72023267,-0.10074605,0.6434692,-0.34646988,0.0041158246,0.0035418114,0.13978042,-0.0544815,0.37625214,0.11261124,-0.26331416,0.57982653,-0.10251177,0.79289734,0.3448228,0.26187533,0.020983446,-0.71945685,0.111187294,0.19488834,0.27645856,-1.1159294,-0.16196376,0.43375182,-0.1691824,0.71285766,0.0041511627,-0.35523838,-0.27962378,0.42694902,0.24458994,-0.036906812,0.1337328,0.44603768,0.11881768,-0.17969422,0.19317125,0.19905613,0.5270892,-0.4227354,-0.26174784,0.6064443,-0.51578647,Megapolitan
-0.21796651,-0.2455855,0.6294032,0.36138427,0.15838659,-0.72027534,0.20759866,-1.0871295,-0.42728198,-0.5774219,-1.0111302,-0.17394459,-0.08250172,-0.8677547,-0.03904933,1.1636314,-0.45131555,0.024210388,-0.10510482,0.05740102,0.048610847,0.71894485,-0.026357142,-0.33467188,0.6667672,-0.25757542,0.96336454,0.38743386,0.16144802,-0.053796284,-1.1303346,0.20561999,0.2969666,0.06870196,-1.7439708,-0.29351738,0.8222385,-0.22216414,1.0198983,-0.088223495,-0.4819029,-0.38107386,0.5475198,0.53835714,-0.1526418,0.3226823,0.5671222,0.2375827,-0.33333594,0.1256861,0.37772623,0.9888346,-0.091225,-0.19378322,0.49468547,-0.50625956,Nasional
-0.19696097,-0.2502315,0.5866618,0.33764383,0.15287401,-0.67935634,0.2020886,-1.0438405,-0.41428763,-0.5369177,-0.9917745,-0.16582936,-0.06874107,-0.8122199,-0.02506659,1.1280684,-0.4267649,0.006040703,-0.123943955,0.053011112,0.053978328,0.6952687,-0.03644035,-0.31362966,0.6421757,-0.26724178,0.91148394,0.38165033,0.15251267,-0.056808744,-1.1001848,0.1836722,0.28419822,0.03756423,-1.6802319,-0.2767874,0.804799,-0.21311739,0.9742646,-0.10972713,-0.47027126,-0.37044388,0.5180477,0.52465606,-0.16474561,0.32949942,0.5369206,0.24752015,-0.33147717,0.11401614,0.3517695,0.9456782,-0.06401678,-0.18612053,0.46042037,-0.4412021,Nasional
-0.16547677,-0.09591694,0.62869465,0.3771341,0.11868602,-1.1941836,0.3795288,-0.8880164,-0.23065896,-0.35732993,-1.0323731,0.021710232,-0.18290226,-1.1931455,0.21992318,1.0959296,-0.4747192,0.19639723,-0.30415094,0.3747097,0.264381,0.9660417,0.06325386,-0.08152223,0.9852216,0.030366417,1.0150331,0.9353208,0.38237175,0.047824297,-1.0904651,0.10052067,0.39339325,0.3684282,-1.8292406,-0.20861101,0.6806169,-0.63831997,0.98239887,-0.2638243,-0.49612972,-0.41416964,0.67162836,0.47032338,-0.33060628,0.39228603,0.6812838,0.1964463,-0.3850727,-0.17217486,0.52518344,0.78188837,-0.7545414,-0.14355806,0.4150431,-0.62309927,Megapolitan
-0.092367426,-0.11652148,0.6424601,0.14693688,0.3089329,-1.0612084,0.07250931,-0.7256373,-0.1564555,-0.59814066,-0.660364,-0.17700581,-0.0013847324,-0.95453006,-0.06145716,0.8667182,-0.43960312,-0.098165125,-0.10911073,0.25113544,-0.00649171,0.58029306,0.06577887,-0.2020852,0.70275456,-0.11282324,0.9778832,0.43352595,0.34836355,0.0644305,-0.76493937,0.112603545,0.19801465,0.3352304,-1.4485735,-0.15684977,0.585746,-0.3005625,0.85453856,0.0052160397,-0.48881507,-0.38742968,0.5569836,0.31473112,-0.15978801,0.18034534,0.5802837,0.16652273,-0.27401024,0.07260074,0.30603266,0.6710243,-0.5442665,-0.34363446,0.6816734,-0.5766757,Otomotif
-0.13903366,-0.15633722,0.59090364,0.23038527,0.306848,-0.94869083,0.116867214,-0.73055124,-0.19900018,-0.56207216,-0.71543205,-0.08480714,-0.008920304,-0.92412674,-0.06608123,0.8377541,-0.40431187,-0.010521667,-0.039418694,0.21536218,0.094628654,0.67460483,0.007252729,-0.17859574,0.6689489,-0.08172022,0.8639755,0.57339823,0.25688618,0.13125856,-0.7738099,0.11557013,0.23775859,0.27276352,-1.434728,-0.09203088,0.6229023,-0.40505368,0.83694917,-0.016292324,-0.46616468,-0.43824732,0.60075957,0.36798006,-0.14908408,0.20024915,0.50221556,0.19255982,-0.24559706,0.052796535,0.3010347,0.57276905,-0.47961158,-0.21885467,0.5882826,-0.5826262,Money
-0.10759278,-0.11549696,0.5369388,0.15143138,0.21043567,-0.7187622,0.029509531,-0.6571795,-0.24325496,-0.52290946,-0.7807894,-0.13757035,0.008120702,-0.658237,-0.0690627,0.8635401,-0.38390493,-0.15312175,-0.12746875,0.14932667,-0.04618349,0.4939871,-0.027747424,-0.17204769,0.42621163,-0.18398225,0.7541794,0.16841707,0.11251976,-0.038999286,-0.68709904,0.14404543,0.055269126,0.07836486,-1.1738312,-0.17624399,0.5270996,-0.13333707,0.70473295,0.0591915,-0.39174655,-0.3103329,0.38397846,0.31131312,-0.15070191,0.20208082,0.46989745,0.20227149,-0.31594557,-0.0151601825,0.24024348,0.7292437,-0.08278938,-0.28407177,0.46713457,-0.28559226,Money
-0.07788842,-0.17246714,0.6845365,0.24100995,0.28669903,-0.8498845,-0.06966532,-0.9345669,-0.4640404,-0.8228644,-1.0643791,-0.17515032,0.08274474,-0.77942646,-0.14146528,1.2567402,-0.5695341,-0.29748222,-0.17033589,0.14735244,-0.10960612,0.64681447,-0.053282265,-0.30263108,0.50353247,-0.28408182,0.94328207,0.14723393,0.03336227,-0.04732482,-0.97358084,0.23066813,-0.032125995,0.06948524,-1.5308787,-0.2574828,0.7197696,-0.15168543,0.9827322,0.22717136,-0.56971437,-0.44214606,0.52772325,0.39713502,-0.21357201,0.2960967,0.5946344,0.38587412,-0.4806033,0.018726515,0.30621636,1.0491294,0.09705928,-0.38139385,0.6800674,-0.2961135,Money
-0.031498395,-0.12503822,0.6420926,0.1945033,0.25038517,-0.9096684,0.022203786,-0.88402224,-0.41566277,-0.7335015,-1.1866466,-0.07752757,0.08493271,-0.7799508,-0.043039784,1.3322406,-0.50740355,-0.25641465,-0.21793394,0.23803802,0.0035519586,0.70854765,-0.08494146,-0.19141114,0.5494403,-0.34408918,1.0266747,0.30889797,0.06718546,0.008649765,-0.8772086,0.20291947,0.006149904,0.06096073,-1.5298628,-0.23319234,0.69245833,-0.28793538,0.91038203,0.097782224,-0.56417906,-0.47711253,0.54227185,0.3792976,-0.20566818,0.31968468,0.706286,0.44073018,-0.4522973,-0.11639871,0.31240976,0.945723,0.0117437625,-0.3229044,0.546696,-0.21412078,Money
-0.08791637,-0.11082762,0.5680827,0.1652448,0.21120878,-0.7992956,0.03611362,-0.73909163,-0.286543,-0.5845597,-0.9146708,-0.12005083,0.026321199,-0.712099,-0.046015788,1.0173161,-0.4223398,-0.18210976,-0.17154756,0.1869814,-0.03238139,0.5562264,-0.045344576,-0.18712951,0.48726612,-0.24924092,0.86398107,0.21424969,0.119034536,-0.03363634,-0.74963546,0.16054529,0.05290072,0.076062225,-1.3090754,-0.20525914,0.5715823,-0.17748277,0.77495885,0.058742683,-0.44562587,-0.3595848,0.42932695,0.33819014,-0.16483349,0.23711818,0.55824995,0.26993585,-0.34982386,-0.05396058,0.2825413,0.81588537,-0.074618265,-0.3046745,0.48942786,-0.26998004,Money
-0.1646731,-0.23730382,0.52187365,0.30518478,0.19840568,-0.60700285,0.124068,-0.86689156,-0.4221134,-0.5316387,-0.86655384,-0.10435459,-0.0040849675,-0.6970511,-0.0682333,1.0021892,-0.38652828,-0.0005731849,-0.0207209,0.07184445,0.07748594,0.64867455,-0.031641603,-0.24000837,0.521496,-0.18763156,0.7522252,0.41757298,0.036246832,-0.0096289795,-0.95112765,0.15939465,0.16636087,0.020970108,-1.4014841,-0.18308736,0.70610255,-0.24805894,0.8417803,-0.020552991,-0.45512402,-0.3979252,0.48982978,0.45461184,-0.1345964,0.27497423,0.44342738,0.295075,-0.31449094,0.12100483,0.25228873,0.737141,0.0064227055,-0.1308833,0.458513,-0.39327207,Money
-0.15377869,-0.08960683,0.67485446,0.19596589,0.23190042,-0.98687345,0.058930427,-0.6879832,-0.19566968,-0.62072504,-1.0178201,-0.06219141,-0.053771116,-0.8621659,-0.02872659,0.9533287,-0.47622335,-0.16800122,-0.18029402,0.2633884,-0.0020793309,0.6911178,-0.078188576,-0.11928133,0.47850734,-0.10532961,0.8801565,0.22522835,0.15898097,-0.013882641,-0.67727816,0.16505297,0.05999444,0.15085211,-1.3642532,-0.17258969,0.57959175,-0.24632522,0.82493126,0.08488332,-0.45092797,-0.36818293,0.49450484,0.34819078,-0.22678666,0.20094895,0.5529845,0.1723192,-0.3524682,-0.18030632,0.34392855,0.85603106,-0.23880622,-0.31136426,0.45707425,-0.42227146,Money
-0.05992927,-0.11262569,0.6327639,0.18737893,0.24769709,-0.87427866,0.0130239315,-0.83284116,-0.36915925,-0.7073411,-1.0924754,-0.08451733,0.05649691,-0.7672165,-0.061490893,1.2055526,-0.48606068,-0.2410042,-0.19072127,0.22506398,-0.0150467595,0.6655626,-0.074957214,-0.19438128,0.5025614,-0.28358188,0.96358484,0.2494664,0.07675657,0.00519609,-0.81116074,0.20204523,0.01858662,0.07861271,-1.4424605,-0.21717522,0.65108705,-0.25146,0.8693588,0.10991444,-0.5221128,-0.43575114,0.5084555,0.35532632,-0.19144651,0.27935654,0.6430767,0.3677102,-0.4068584,-0.108750574,0.30487135,0.9098408,-0.02407499,-0.3132784,0.5307838,-0.26160058,Money
-0.13859437,-0.30100697,0.64210796,0.29237533,0.19401148,-0.76951426,0.11734579,-0.995056,-0.47734457,-0.6525092,-1.2290288,-0.14578094,0.020392207,-0.7676509,-0.04670115,1.3149539,-0.5206562,-0.21788631,-0.21026933,0.115900144,0.0030999514,0.7799036,-0.12209968,-0.224636,0.5469408,-0.2919949,0.9142538,0.27512145,0.03172774,-0.12640892,-1.1141055,0.15679288,0.05983141,-0.07764369,-1.6837294,-0.25608748,0.8831577,-0.20473143,1.0044235,-0.017224282,-0.5612975,-0.44514078,0.5175464,0.5381556,-0.3027395,0.39199278,0.5495882,0.37980115,-0.5182108,-0.0018779337,0.33224887,1.0846559,0.17479995,-0.28369692,0.5059463,-0.23699461,Money
-0.12790476,-0.26340586,0.63179195,0.29434225,0.23108673,-0.86241335,0.06687966,-0.9323734,-0.44614217,-0.68354976,-1.2738307,-0.06870071,0.05912792,-0.80033255,-0.042617828,1.3032452,-0.5308035,-0.21623836,-0.21099204,0.18503137,0.05038639,0.82105434,-0.14179409,-0.16703485,0.5476885,-0.2843511,0.88973963,0.34931305,0.023035608,-0.065475546,-1.0069948,0.1713807,0.028523121,-0.022241404,-1.6246172,-0.23332158,0.8159722,-0.27897748,0.96021605,0.036316954,-0.5718718,-0.49425322,0.54507345,0.51041627,-0.29567152,0.3814162,0.5689844,0.42855886,-0.518212,-0.063350566,0.3312467,0.9961838,0.11901469,-0.27987364,0.49126545,-0.2303689,Money
-0.17255865,-0.13622406,0.6580714,0.2406451,0.28672647,-0.9265725,0.012208299,-0.7704308,-0.29786912,-0.69470894,-1.0543641,-0.04442951,-0.0049920697,-0.8274604,-0.08428651,1.019792,-0.47654614,-0.16643696,-0.11268042,0.22480619,0.024301967,0.72827744,-0.10497865,-0.16900429,0.46948868,-0.16134532,0.8646394,0.26813528,0.07713289,0.016238967,-0.73611975,0.1990828,0.063340515,0.12510295,-1.3935648,-0.17834343,0.641755,-0.25941372,0.85458004,0.14285037,-0.4847601,-0.4343306,0.5274642,0.3911465,-0.2017669,0.21862228,0.54180545,0.26870692,-0.36059117,-0.10968026,0.30912104,0.84052765,-0.1261578,-0.28291216,0.5033713,-0.42491913,Money
-0.12911728,-0.07160395,0.7198087,0.16687931,0.3107147,-1.1126872,0.24700765,-0.63664234,0.16881582,-0.3568047,-0.59448785,-0.14433597,-0.055249363,-0.99782115,0.025473129,0.73221385,-0.45927522,-0.07419961,-0.3130554,0.1771309,-0.054182246,0.5165962,-0.037726983,-0.15929727,0.77778137,0.009078359,0.95677936,0.39784884,0.42598942,0.1405778,-0.73736215,0.05637528,0.2032364,0.30791208,-1.6771976,-0.010480975,0.55032086,-0.32645148,0.94886976,-0.06431322,-0.3149544,-0.2970766,0.7023753,0.35462087,-0.26717314,0.12799375,0.4905577,-0.16617166,-0.31959423,-0.07350373,0.5510252,0.7285554,-0.8540465,-0.4231184,0.5364944,-0.53000474,Nasional
-0.14938724,-0.13920861,0.6639906,0.2136588,0.29850668,-0.9296346,0.13310935,-0.77953285,-0.16882521,-0.57644546,-0.67059606,-0.136186,-0.027377926,-0.90481603,-0.13445196,0.8457684,-0.42343014,-0.027408818,-0.05288235,0.17226346,0.0035268299,0.6014298,0.01349669,-0.22416307,0.64532727,-0.11247347,0.8967362,0.41387826,0.23334162,0.100813285,-0.80970424,0.14475024,0.24183577,0.23794708,-1.5033873,-0.101424694,0.6249979,-0.2794748,0.8894056,0.010083123,-0.42097372,-0.36892924,0.570249,0.35580373,-0.110828966,0.1703484,0.5340404,0.10585953,-0.22900942,0.076815255,0.3415204,0.7000669,-0.46621022,-0.26539087,0.58119386,-0.58478147,Megapolitan
-0.2583926,-0.23000789,0.6762252,0.38554782,0.38932288,-0.9887971,0.28155005,-0.91943085,-0.1547663,-0.54188615,-0.95127904,0.033456177,-0.020563697,-1.0839008,-0.054081187,0.9636131,-0.43301323,0.14630276,-0.058815934,0.098744996,0.23885949,0.8412158,-0.10167536,-0.19449952,0.7623967,-0.10657284,0.8815624,0.8171591,0.17639083,0.32302564,-0.97173166,0.16699316,0.3426448,0.2145978,-1.9160987,0.02360693,0.8020898,-0.6104191,1.0336069,-0.031727117,-0.4799503,-0.5361861,0.8932478,0.55685395,-0.12428642,0.22659662,0.5455129,0.12576722,-0.24341363,0.057076216,0.43173984,0.615345,-0.5877188,-0.13557357,0.4753389,-0.65787894,Money
-0.106235355,-0.16273654,0.59723866,0.17667194,0.29709178,-0.98002064,0.1307844,-0.7729211,-0.16478753,-0.5213177,-0.6323761,-0.15622474,-0.01321058,-0.91706514,-0.05118708,0.86163634,-0.40725973,-0.03399197,-0.11198888,0.1936929,0.03733415,0.5872327,0.05515094,-0.21992627,0.7348572,-0.12768456,0.9363776,0.5051947,0.34086722,0.05952156,-0.82664585,0.0993568,0.26534384,0.28888372,-1.492764,-0.15091285,0.6267133,-0.306913,0.8725107,-0.06595167,-0.46928722,-0.39015242,0.5692241,0.36052608,-0.15788418,0.21174797,0.52798927,0.16845594,-0.25655088,0.11869218,0.32273865,0.638488,-0.5321901,-0.28131375,0.631434,-0.5667851,Nasional
0.005505698,0.18630077,0.96964085,-0.19931138,0.2813007,-1.3013252,-0.26367828,-0.50018907,0.04914608,-0.8188279,-0.584254,-0.5539329,0.00026575918,-0.8675417,-0.14594673,0.86959887,-0.6379061,-0.6478258,-0.32547292,0.36454067,-0.6427138,0.060394917,0.12351321,-0.30237982,0.36798632,-0.20859225,1.3199854,-0.70947886,0.45845136,-0.27120885,-0.44099802,0.19016059,-0.2507199,0.38009506,-1.1248455,-0.38481104,0.25052947,0.34091222,0.8244216,0.3354464,-0.40464196,-0.07870458,0.29157045,0.0143080475,-0.16670018,-0.0009312271,0.80342513,-0.094236664,-0.42249593,-0.116752736,0.31695154,1.311179,-0.36485302,-0.9477632,0.91961044,-0.34347203,Otomotif
0.0061103995,0.15179493,1.0013617,-0.16315953,0.28496382,-1.394754,-0.19697122,-0.5957193,-0.0012563465,-0.84645927,-0.7833451,-0.5039243,0.0031253537,-0.95138496,-0.091448225,1.0642511,-0.66218334,-0.65126926,-0.38460895,0.40235767,-0.5776147,0.19223344,0.105275646,-0.26451927,0.45571586,-0.23948058,1.3935428,-0.5892913,0.45153564,-0.27303016,-0.5323525,0.18851255,-0.23143889,0.368553,-1.3115603,-0.40145355,0.33119398,0.23668371,0.90150654,0.2986389,-0.47825414,-0.142629,0.3612882,0.088687465,-0.206525,0.07118391,0.8826881,-0.02191947,-0.48424247,-0.1768188,0.3712661,1.3656601,-0.36064723,-0.9274533,0.8997491,-0.3247293,Otomotif
0.03632373,0.19132596,0.97500414,-0.18489462,0.29977262,-1.3802061,-0.2073535,-0.5561857,0.047988176,-0.8003344,-0.6525672,-0.5151215,0.0044330074,-0.91687095,-0.09540444,0.9764708,-0.62109745,-0.6251635,-0.35179192,0.39843887,-0.57573885,0.12937845,0.1232611,-0.28361306,0.44934,-0.24452232,1.402773,-0.5697639,0.4921686,-0.23729576,-0.46802458,0.18945873,-0.19397742,0.4160376,-1.2449894,-0.3840265,0.28196487,0.2523606,0.8689799,0.28348568,-0.45424736,-0.11615337,0.34786075,0.053251635,-0.16967651,0.030887956,0.874661,-0.05045809,-0.4228226,-0.1525966,0.36085066,1.3079945,-0.44449928,-0.9371211,0.913126,-0.35827506,Otomotif
-0.0085852565,0.1448161,0.8748844,-0.12853971,0.25873792,-1.2214097,-0.16991198,-0.5300912,0.009405789,-0.73580474,-0.6435411,-0.445989,-0.016615847,-0.8500584,-0.0743505,0.892791,-0.56212187,-0.526869,-0.30816942,0.34894025,-0.49668327,0.16423629,0.10555477,-0.2590003,0.42642084,-0.20945174,1.2386228,-0.4898125,0.42636576,-0.22547829,-0.46244183,0.17076467,-0.1563032,0.34929332,-1.159227,-0.3369781,0.2894944,0.19243205,0.79535025,0.24377586,-0.40271613,-0.11967727,0.32966968,0.06631914,-0.16599812,0.044193555,0.7747376,-0.044091836,-0.37970397,-0.13147156,0.31521055,1.1672708,-0.37322667,-0.80424863,0.79031324,-0.34528235,Otomotif
-0.013052695,0.075243756,0.8677453,-0.10814844,0.24631858,-1.2647169,-0.090395436,-0.52733666,0.047335844,-0.6703121,-0.73499405,-0.4029437,-0.024650043,-0.86005217,-0.048890647,0.94154364,-0.57019776,-0.5175402,-0.3514493,0.34542143,-0.43631235,0.26563874,0.061860133,-0.16910161,0.45650244,-0.16995412,1.2024344,-0.3861694,0.42992312,-0.22699362,-0.50769126,0.13059793,-0.13373758,0.30669165,-1.2449362,-0.32345584,0.36888048,0.1507792,0.848369,0.18085654,-0.43920946,-0.15253772,0.3504555,0.15628439,-0.2292428,0.095755,0.7323409,-0.022332229,-0.44948074,-0.1734646,0.37017936,1.1688595,-0.36407796,-0.7796469,0.75078225,-0.31237128,Otomotif
0.060732413,0.20391016,1.0621935,-0.22363329,0.2948028,-1.5315728,-0.21875905,-0.5931993,0.06083749,-0.8447682,-0.72536963,-0.5663729,0.009506169,-0.9986454,-0.070226125,1.0914252,-0.681821,-0.6993324,-0.4339243,0.44616583,-0.64350957,0.14216898,0.15170087,-0.28244045,0.5158804,-0.26082972,1.5176351,-0.6351422,0.54552644,-0.2892815,-0.52582115,0.18629183,-0.22214098,0.45187587,-1.3620305,-0.43431148,0.30929524,0.2738857,0.9358296,0.27777934,-0.49982464,-0.1065776,0.36468914,0.04502478,-0.2135728,0.05204847,0.9760122,-0.056212697,-0.49612853,-0.18507178,0.38394088,1.4362193,-0.48311096,-1.041595,0.9736776,-0.3400268,Otomotif
0.06941694,0.27906558,1.2310011,-0.3245528,0.35677284,-1.702525,-0.36551082,-0.55611086,0.12600864,-1.0167515,-0.7070843,-0.7205827,0.03447963,-1.0675963,-0.14807683,1.1181289,-0.8068198,-0.89360124,-0.4609788,0.4885017,-0.849643,-0.0048863376,0.18058845,-0.3275248,0.45237124,-0.28395063,1.6997167,-0.9714624,0.6161831,-0.36174354,-0.45632637,0.22666246,-0.3832239,0.53013754,-1.3451262,-0.5101418,0.23229517,0.460933,1.0046542,0.454464,-0.5259354,-0.05199094,0.33936968,-0.024078825,-0.19548906,-0.01583672,1.0803597,-0.12097052,-0.55351985,-0.20628837,0.39741656,1.6756085,-0.48165554,-1.2703774,1.1694394,-0.352338,Otomotif
0.06721092,0.19896276,1.0679349,-0.22905724,0.3268065,-1.466738,-0.33639708,-0.5928446,0.0064972215,-0.9252222,-0.58214253,-0.6393926,0.07069517,-0.9568478,-0.15402345,1.030236,-0.70970476,-0.74479306,-0.35651216,0.42915317,-0.7145141,0.038247425,0.18191385,-0.3657905,0.4753508,-0.2581489,1.5070952,-0.7271369,0.50949717,-0.30863634,-0.53329265,0.20857134,-0.28695026,0.48179454,-1.2798148,-0.44697094,0.2740149,0.36105898,0.931135,0.37126324,-0.4932187,-0.10216702,0.33308554,-0.0061826515,-0.17909983,0.017735418,0.9333408,-0.04423229,-0.4834252,-0.06691128,0.33561102,1.4446813,-0.4310789,-1.082828,1.0978663,-0.36841205,Otomotif
0.03202827,0.20893103,1.1530385,-0.2813536,0.34287462,-1.5011361,-0.3347634,-0.55313736,0.054714378,-0.97366464,-0.74419916,-0.6763222,0.021910353,-0.967441,-0.18630895,1.066377,-0.75194544,-0.8449824,-0.41703418,0.40820247,-0.78962255,0.038658842,0.11767327,-0.31603205,0.3452272,-0.2942102,1.5356281,-0.9527391,0.48981422,-0.36219114,-0.46117514,0.22368439,-0.3906675,0.4016616,-1.2834601,-0.47059345,0.28098363,0.47633162,0.94603723,0.44408616,-0.48321682,-0.069520146,0.30458522,0.017975079,-0.19891113,-0.006707494,0.955684,-0.10637199,-0.5314387,-0.17942117,0.36516687,1.6038362,-0.30363584,-1.1601802,1.0801423,-0.29327214,Otomotif
0.080160916,0.20182769,0.9784789,-0.24330549,0.27128857,-1.3165635,-0.30609238,-0.5168227,0.015371481,-0.8480072,-0.61380786,-0.5873613,0.052798416,-0.83527625,-0.12704414,0.97919464,-0.6564103,-0.71537596,-0.37528038,0.38467517,-0.67799115,0.008852133,0.13284548,-0.29630175,0.36876735,-0.29379374,1.3892139,-0.7659079,0.44116437,-0.30496055,-0.4522474,0.18643299,-0.3201354,0.38868213,-1.1363343,-0.43797576,0.22276701,0.3815107,0.8212473,0.3556969,-0.4324186,-0.07883691,0.27323514,-0.008330657,-0.16574667,0.0050233463,0.88055617,-0.03669976,-0.4663994,-0.11513821,0.30610877,1.3798584,-0.30720598,-1.0111037,0.9518631,-0.2368534,Otomotif
0.047561113,0.23942582,1.1442194,-0.29104933,0.3370333,-1.5051411,-0.37023017,-0.5249249,0.063526124,-0.98452455,-0.6626617,-0.6797718,0.034484614,-0.9579571,-0.18204021,1.005743,-0.7527815,-0.83586687,-0.39666253,0.4285954,-0.81210244,-0.0062032365,0.14782897,-0.33746898,0.3457982,-0.26359147,1.5231489,-0.9728961,0.49988875,-0.35733825,-0.4290509,0.2231025,-0.38580635,0.44808054,-1.2210183,-0.46851286,0.23485215,0.47710314,0.911996,0.4653243,-0.47744513,-0.047918715,0.29201865,-0.030311422,-0.18298167,-0.030991273,0.9548713,-0.12015576,-0.5089099,-0.15075593,0.34104097,1.5737723,-0.35294205,-1.1634598,1.0916737,-0.32661214,Otomotif
0.05052676,0.20913029,1.0606098,-0.272893,0.28772846,-1.4488988,-0.2658085,-0.4967348,0.10189803,-0.86525667,-0.7178307,-0.60345054,0.0066804513,-0.91281176,-0.13770786,1.006154,-0.6978387,-0.7804181,-0.4282774,0.402031,-0.70723915,0.05472531,0.105792284,-0.24602523,0.35103336,-0.2700251,1.4580706,-0.8379862,0.49936783,-0.3251292,-0.40657637,0.18762313,-0.34142712,0.38996544,-1.2109463,-0.43949336,0.25383705,0.41015115,0.8868968,0.37800205,-0.45311505,-0.06492006,0.2969484,0.02196124,-0.19193912,0.010030364,0.91292816,-0.09224465,-0.5002261,-0.21144107,0.3786755,1.4960421,-0.3445135,-1.0727439,0.9687602,-0.26010367,Otomotif
-0.05188488,0.025495602,0.7623226,0.03310197,0.27663025,-1.0765933,-0.08541914,-0.65756667,-0.15305454,-0.70852786,-0.78579676,-0.2674051,0.010252147,-0.8345367,-0.08771858,0.9393393,-0.5115175,-0.34774065,-0.20380338,0.2992216,-0.23988347,0.41478494,0.022111839,-0.2273457,0.46807238,-0.1897753,1.0672054,-0.07628618,0.26134586,-0.081213444,-0.6209195,0.18827637,-0.035526488,0.275523,-1.2743847,-0.25431132,0.45140147,-0.03968531,0.80072933,0.18040964,-0.44452432,-0.2800119,0.42163616,0.20480362,-0.16970223,0.121597506,0.6727372,0.11911699,-0.35372168,-0.07645234,0.29681402,0.97303057,-0.29758865,-0.5493954,0.68566453,-0.38566184,Nasional
0.014657687,0.048405766,0.80985963,-0.10268186,0.22231998,-1.12269,-0.12889628,-0.5751482,-0.06691717,-0.67209285,-0.6834137,-0.4268635,0.02536537,-0.77055335,-0.080732174,0.9622667,-0.5497857,-0.501239,-0.31053206,0.30806524,-0.4293054,0.21864375,0.074579224,-0.21636623,0.42788473,-0.24664095,1.1763351,-0.37195688,0.34613863,-0.24335557,-0.5686903,0.14078543,-0.14774686,0.26016185,-1.2015169,-0.35194144,0.37818554,0.18479608,0.7999083,0.16067638,-0.42645517,-0.1669557,0.3085562,0.15555097,-0.19987017,0.10453926,0.7119024,0.049464855,-0.43539435,-0.07054451,0.3085239,1.1421674,-0.23787408,-0.74315304,0.7538111,-0.25741842,Otomotif
0.06570334,0.22854312,1.098807,-0.28381816,0.32763407,-1.4858286,-0.32933336,-0.5105491,0.07474541,-0.93177116,-0.66095465,-0.6386372,0.04560707,-0.93175995,-0.1683711,1.0138245,-0.7196707,-0.80911994,-0.39572692,0.43293494,-0.7520431,0.021690696,0.13327904,-0.29027152,0.36070505,-0.27558047,1.50747,-0.86553687,0.499511,-0.32078445,-0.41623995,0.2074838,-0.3624402,0.44071814,-1.2086431,-0.45156217,0.2371229,0.4239055,0.8988353,0.41851586,-0.4763025,-0.076468974,0.30255374,-0.005214581,-0.18302624,-0.019417502,0.93869805,-0.08128898,-0.50194323,-0.16363557,0.35599923,1.4969673,-0.36833578,-1.1213704,1.0533482,-0.29632246,Otomotif
-0.0151097905,0.11253357,0.8657492,-0.1139454,0.26522213,-1.2255732,-0.13855192,-0.52978474,0.010526979,-0.7261204,-0.6946613,-0.3989724,-0.009775162,-0.840306,-0.1012063,0.91075075,-0.5607733,-0.52210104,-0.30065146,0.3382467,-0.4372556,0.24205096,0.06541413,-0.2106293,0.394613,-0.18587387,1.2028039,-0.41140145,0.37994507,-0.1954478,-0.45956078,0.16821967,-0.15169917,0.3224637,-1.1711599,-0.32292092,0.33794406,0.16047248,0.805621,0.24225754,-0.423326,-0.16405393,0.34520316,0.11998485,-0.17876743,0.06059298,0.72982913,-0.004841376,-0.40266517,-0.15765125,0.34733135,1.1473527,-0.34829545,-0.7657549,0.7696921,-0.3429791,Otomotif
-0.041017093,0.023661532,0.77612877,-0.012744949,0.24331237,-1.0605744,-0.12159381,-0.63186693,-0.1436355,-0.66796154,-0.6572417,-0.37333295,0.017161869,-0.7822915,-0.095277384,0.9048288,-0.51890284,-0.3976742,-0.22141963,0.29098803,-0.3450436,0.29015544,0.078452386,-0.26471782,0.44364738,-0.19781438,1.0797014,-0.23112182,0.28488466,-0.18649326,-0.6301335,0.16709173,-0.07084233,0.27092764,-1.210085,-0.30691478,0.41805446,0.103766076,0.7822693,0.16991906,-0.4257066,-0.19908443,0.3413087,0.18009987,-0.18275256,0.1035541,0.6520147,0.08075405,-0.3782543,-0.0028323445,0.2793949,1.0424201,-0.25569203,-0.6434609,0.7273837,-0.3577414,Otomotif
-0.04660664,0.0062495847,0.7040442,0.029391792,0.23099563,-0.9568172,-0.09581713,-0.61314696,-0.15610486,-0.64217573,-0.673196,-0.29078585,0.020446755,-0.7446501,-0.09279468,0.86211264,-0.48519948,-0.34877217,-0.19576,0.26606944,-0.26164928,0.350872,0.038601596,-0.24713324,0.4267838,-0.16928215,0.9717025,-0.13477893,0.23581016,-0.13011089,-0.6211206,0.15647839,-0.051036693,0.22943652,-1.1551783,-0.25821882,0.42726737,0.023135437,0.7527208,0.16095355,-0.4054948,-0.23269434,0.3527113,0.18584636,-0.17877965,0.12664619,0.58186436,0.1111394,-0.36044046,-0.03651599,0.27979606,0.947604,-0.2250796,-0.5353223,0.6608777,-0.33444574,Money
-0.059923805,-0.013566873,0.60760456,0.09788251,0.20012115,-0.91553515,-0.014617242,-0.5636632,-0.13087396,-0.53804404,-0.686738,-0.15097523,-0.004703702,-0.7493097,-0.023251498,0.8017377,-0.42486557,-0.18615542,-0.17979147,0.26606372,-0.09585323,0.45248204,0.01956768,-0.15033804,0.479484,-0.103015214,0.8518272,0.12706158,0.21797705,-0.03638101,-0.59596646,0.124526896,0.021129116,0.24697429,-1.141807,-0.19493231,0.41554853,-0.14675422,0.6949112,0.09226827,-0.3827726,-0.2693405,0.40239188,0.21072918,-0.18069106,0.14670038,0.53843844,0.13561063,-0.314971,-0.07875068,0.28180772,0.7590092,-0.3154873,-0.38192713,0.51443416,-0.35358757,Money
-0.008345383,0.1364903,0.94807225,-0.12925893,0.26940832,-1.2778085,-0.16626585,-0.59630615,-0.020564655,-0.79761845,-0.7341591,-0.4663995,-0.01448505,-0.893629,-0.10301181,0.99165857,-0.61600745,-0.55205226,-0.32460198,0.34403217,-0.51229316,0.21002822,0.08425239,-0.25817862,0.41745573,-0.24570559,1.3224014,-0.498568,0.4155025,-0.2336432,-0.52737826,0.18664698,-0.18151024,0.3303213,-1.2583044,-0.38616747,0.33448997,0.22550917,0.8647106,0.2586887,-0.44802147,-0.14762376,0.3454944,0.11961069,-0.16377874,0.060362563,0.82762337,-0.012022709,-0.42654335,-0.14233868,0.34879568,1.2803888,-0.34028047,-0.83655816,0.83901083,-0.3408025,Otomotif
-0.010445731,0.162092,1.0441141,-0.19148757,0.30310154,-1.4473283,-0.23645288,-0.5516139,0.04986265,-0.86988217,-0.74237055,-0.5564578,-0.010336097,-0.9617587,-0.13062364,0.9952128,-0.6972114,-0.6787974,-0.37041953,0.39291698,-0.6313281,0.15589215,0.10616162,-0.26497194,0.41154554,-0.22513263,1.4150273,-0.6835146,0.4820815,-0.29546013,-0.48827225,0.19119646,-0.26150307,0.38686603,-1.285041,-0.40509215,0.31581703,0.3121632,0.92092466,0.3299912,-0.46617356,-0.11455828,0.34675357,0.07220156,-0.20875105,0.036901705,0.869182,-0.07297162,-0.4862665,-0.16116644,0.36327335,1.4204732,-0.38125584,-0.99404126,0.95017046,-0.3679438,Otomotif
-0.004864412,0.15688644,0.9625985,-0.16256456,0.28464228,-1.3241699,-0.21570162,-0.5363972,0.031602703,-0.8166039,-0.70610005,-0.4886047,-0.0063308193,-0.90751034,-0.11298762,0.93553615,-0.64098203,-0.61937976,-0.34823558,0.36811465,-0.5614098,0.17412707,0.08643609,-0.2591745,0.4074662,-0.20429309,1.3022991,-0.58866894,0.4385641,-0.24602763,-0.48712596,0.17960432,-0.22953852,0.35348672,-1.2149814,-0.36408877,0.30850583,0.25607616,0.8574173,0.30877736,-0.43703198,-0.124655634,0.333926,0.064519584,-0.19323464,0.04215492,0.8067702,-0.05807023,-0.44839415,-0.17103781,0.3477739,1.3009305,-0.36285,-0.88865,0.874621,-0.33722737,Otomotif
-0.009326198,0.11158817,0.8724297,-0.13242695,0.23803219,-1.1818621,-0.12531705,-0.5442436,0.016337639,-0.70734537,-0.6911688,-0.44550994,-0.012003743,-0.80283064,-0.09986672,0.93566644,-0.57067627,-0.5399893,-0.33633995,0.30809373,-0.4763178,0.18300568,0.0767566,-0.2155334,0.40054306,-0.2266859,1.2253078,-0.48486114,0.39384592,-0.22334555,-0.49443343,0.16595706,-0.16695349,0.29104033,-1.1863968,-0.34901598,0.3465419,0.22791746,0.81875336,0.2329948,-0.4008677,-0.13115413,0.31566814,0.12211803,-0.17578977,0.06459081,0.74465495,-0.0218545,-0.4144109,-0.14571832,0.3543835,1.206127,-0.29969144,-0.7863491,0.77506524,-0.28235748,Otomotif
0.019020135,0.11176265,0.7659422,-0.052564297,0.24167725,-1.0593704,-0.17682262,-0.59428823,-0.11220053,-0.70433307,-0.630758,-0.3229808,0.06549395,-0.7524884,-0.09051128,0.9163734,-0.5078996,-0.43005592,-0.26036343,0.32350087,-0.36103755,0.24122177,0.078307785,-0.25567797,0.4441203,-0.23718032,1.1262536,-0.23026451,0.27474165,-0.13562852,-0.5210527,0.18507223,-0.10949884,0.3238126,-1.1504244,-0.28965524,0.3312562,0.059671726,0.75705534,0.23179635,-0.41303402,-0.19022597,0.3580491,0.08959247,-0.13304724,0.0811743,0.7206888,0.09393604,-0.34645748,-0.09582328,0.30392063,1.0279099,-0.30876702,-0.6386613,0.7301837,-0.300101,Otomotif
0.017372923,0.1619085,1.0786939,-0.22177057,0.32185167,-1.472976,-0.27185953,-0.5530841,0.029680273,-0.9143328,-0.8188,-0.5760294,0.009074764,-0.9259605,-0.1458457,1.077019,-0.7077412,-0.783936,-0.39403847,0.40692067,-0.6706218,0.15956055,0.07681085,-0.26621163,0.36232725,-0.25638828,1.4526798,-0.7863137,0.44994068,-0.3279464,-0.46233654,0.20296781,-0.33058205,0.36072698,-1.2777177,-0.4278302,0.34054738,0.37197766,0.92904365,0.371459,-0.5043434,-0.12367881,0.3255921,0.07567159,-0.2323972,0.041266393,0.89097095,-0.040329114,-0.52985406,-0.19470593,0.36863527,1.502363,-0.2841519,-1.05143,0.9746709,-0.30941728,Otomotif
0.042611707,0.23607989,1.1980262,-0.31854707,0.34577316,-1.5885648,-0.35132727,-0.52527714,0.102838956,-1.0019438,-0.7513109,-0.7086925,0.02130385,-0.9942499,-0.18269613,1.0829685,-0.7906738,-0.90120995,-0.44374374,0.4373812,-0.8457133,0.0049670804,0.13162611,-0.30297798,0.3402121,-0.28738812,1.5945224,-1.0446631,0.53479016,-0.38804567,-0.42566195,0.21850584,-0.4299792,0.4288808,-1.2724217,-0.4933724,0.24957186,0.51742566,0.96691936,0.4689758,-0.49487928,-0.046219055,0.29836065,-0.006529807,-0.20535603,-0.018929528,0.99877053,-0.12716448,-0.5567051,-0.21384574,0.377134,1.674958,-0.33118752,-1.2288665,1.1149275,-0.29143196,Otomotif
0.005053442,0.092534855,0.7641127,-0.13469785,0.21439357,-1.0899366,-0.10931818,-0.4457824,0.040500928,-0.5925351,-0.58891416,-0.39413452,-0.009809545,-0.72235364,-0.0625873,0.80929637,-0.4942805,-0.4684908,-0.2998676,0.28440288,-0.4132405,0.15931702,0.07840896,-0.16626641,0.36150205,-0.1965161,1.0694759,-0.39779714,0.381827,-0.20740448,-0.41025618,0.12286014,-0.14253728,0.27601627,-1.0371532,-0.3069616,0.27523735,0.19099048,0.71379936,0.17589705,-0.36657006,-0.10256288,0.27994266,0.105017625,-0.15127988,0.06309139,0.669155,-0.019847222,-0.3735744,-0.12693991,0.29698274,1.0328661,-0.30150777,-0.71404827,0.68321365,-0.24758591,Otomotif
0.03319558,0.193424,1.0968617,-0.19299999,0.3421179,-1.4774356,-0.37629145,-0.6524474,-0.032534428,-0.9868793,-0.6073034,-0.6552136,0.07748086,-1.0085042,-0.18674828,1.057748,-0.74459195,-0.6886605,-0.3211885,0.39522955,-0.7147463,0.03332158,0.19248109,-0.40422973,0.49093297,-0.3072851,1.5260601,-0.71905476,0.4983903,-0.28834072,-0.5801894,0.2569711,-0.2752339,0.50995874,-1.337803,-0.49237955,0.2626483,0.3686318,0.9687378,0.44384095,-0.512906,-0.11859164,0.3804992,0.026502835,-0.110717826,0.0089484835,0.9746143,-0.022022093,-0.4699138,-0.0054277275,0.32291788,1.4731919,-0.3982308,-1.0778706,1.1383533,-0.4089285,Otomotif
0.029210225,0.14776625,0.87774307,-0.19837105,0.23761335,-1.2395551,-0.1856471,-0.46912745,0.06116496,-0.7116496,-0.62885827,-0.48529872,-9.857853e-05,-0.80535704,-0.08805823,0.8876478,-0.5860932,-0.5976334,-0.36088786,0.3373478,-0.5386186,0.09616206,0.10105524,-0.20987369,0.36837405,-0.22311825,1.2245679,-0.58864474,0.42848742,-0.2542179,-0.42671037,0.15120894,-0.22184762,0.33118832,-1.1060354,-0.37002075,0.2604928,0.28401572,0.77797014,0.26338905,-0.40181196,-0.08440041,0.28049192,0.050098397,-0.17006606,0.038363248,0.7749779,-0.049427863,-0.42753065,-0.14993279,0.31942922,1.2194817,-0.32755333,-0.859879,0.8094681,-0.2513341,Otomotif
0.06297946,0.2068557,0.97753155,-0.27908936,0.26310828,-1.3484145,-0.27452102,-0.4324892,0.12210713,-0.7941333,-0.6050019,-0.5788345,0.025048401,-0.8407574,-0.1264089,0.9121278,-0.6603305,-0.7289019,-0.39898038,0.36125824,-0.67748225,-0.011411231,0.12380645,-0.21554297,0.33154267,-0.25726417,1.3533599,-0.79593503,0.48132205,-0.29830173,-0.37363702,0.16162917,-0.33571258,0.38384095,-1.0779457,-0.4249464,0.18663566,0.401304,0.80883783,0.36074874,-0.41058844,-0.038359288,0.26296112,-0.0019615479,-0.16007532,-0.0032959215,0.8678969,-0.091166236,-0.47112384,-0.19127274,0.33047256,1.3690789,-0.3430213,-1.0207512,0.92642426,-0.21373422,Otomotif
0.093903646,0.26977554,1.17159,-0.39797407,0.30830607,-1.5566165,-0.39588815,-0.4776631,0.13815117,-0.99125475,-0.6535371,-0.7771456,0.045269586,-0.9398925,-0.21053684,1.0435562,-0.7991596,-0.962734,-0.47995192,0.40764144,-0.9168355,-0.14311844,0.1600623,-0.29877532,0.2885588,-0.34712324,1.5975642,-1.1800542,0.5448857,-0.41510996,-0.39210385,0.21017508,-0.4953484,0.43505895,-1.1964456,-0.5401173,0.17624234,0.6207959,0.930696,0.51069367,-0.4661402,0.0114188185,0.23720565,-0.07132631,-0.17241533,-0.05077248,1.0154899,-0.1544487,-0.55848515,-0.18398947,0.3597163,1.7182258,-0.30631018,-1.2915127,1.1521658,-0.2076083,Otomotif
0.04721917,0.207691,1.0673709,-0.27404228,0.2811882,-1.4962105,-0.277071,-0.5083046,0.11842942,-0.8806034,-0.7527312,-0.598324,0.013253009,-0.94298065,-0.12806977,1.044691,-0.72461176,-0.7881666,-0.4578527,0.3971736,-0.7045407,0.049980886,0.10951506,-0.23371363,0.377178,-0.28707892,1.4735676,-0.8356143,0.52419966,-0.31469536,-0.42095757,0.192151,-0.34468636,0.4087886,-1.2478595,-0.47061387,0.24823128,0.40513107,0.91661906,0.40097663,-0.47247714,-0.068330616,0.32065883,0.02980221,-0.18671824,0.021113181,0.95312643,-0.0751745,-0.52061605,-0.23036957,0.39298552,1.5201435,-0.3588001,-1.0921271,0.9858931,-0.24731652,Otomotif
-0.034229998,0.07021366,0.6855206,-0.06913184,0.19644162,-0.9728362,-0.05249112,-0.43080384,0.023022994,-0.52517503,-0.5504402,-0.3071675,-0.036900956,-0.69496197,-0.054620516,0.7070202,-0.4349568,-0.35464013,-0.25651923,0.26102233,-0.32127798,0.23148428,0.05814234,-0.15689126,0.37559703,-0.11665771,0.92708486,-0.25543112,0.32840538,-0.14967363,-0.4204333,0.116271615,-0.06398646,0.2503757,-0.99152315,-0.2401684,0.29940832,0.089656144,0.6556284,0.13528197,-0.3266114,-0.12118836,0.28689247,0.12180491,-0.15796481,0.06902833,0.5637972,-0.032644484,-0.31939116,-0.11993606,0.28485364,0.87675256,-0.32157105,-0.5701894,0.5848073,-0.29358625,Otomotif
0.05517272,0.20454131,1.0426329,-0.2568562,0.3208338,-1.4301877,-0.344844,-0.53330773,0.027047012,-0.9029565,-0.53666216,-0.6455392,0.062568486,-0.92673934,-0.16449432,0.952043,-0.6894678,-0.712295,-0.33089393,0.4155676,-0.7243449,-0.009190638,0.18458119,-0.33598572,0.42901665,-0.26013187,1.4498235,-0.7590727,0.4988367,-0.3058767,-0.4800618,0.20490684,-0.28807336,0.47002095,-1.2045244,-0.43702024,0.23298754,0.38297883,0.863394,0.37493712,-0.4571947,-0.07948062,0.30136922,-0.017548174,-0.14559275,-0.0067302384,0.91266793,-0.07521858,-0.45669758,-0.040579915,0.29035258,1.3805753,-0.40391046,-1.0597891,1.0593495,-0.35167965,Otomotif
0.010030282,0.159222,0.87127537,-0.13485037,0.26256242,-1.1501555,-0.2288682,-0.53018004,-0.0006217239,-0.7592014,-0.5287049,-0.49887004,0.0047868234,-0.80830055,-0.12614685,0.8193144,-0.57555276,-0.5443109,-0.2588045,0.31406677,-0.5696162,0.0690285,0.120466724,-0.32649705,0.37540537,-0.22862563,1.2426777,-0.61326206,0.42468,-0.25302714,-0.47193578,0.19001801,-0.16152826,0.34842247,-1.0937885,-0.36689457,0.25793633,0.26768437,0.791584,0.27910367,-0.372558,-0.09947302,0.28248385,0.03284014,-0.1382149,0.0052662217,0.7362271,-0.061848667,-0.35995764,-0.06236714,0.3040172,1.2246252,-0.33362776,-0.83225757,0.8449211,-0.36347303,Otomotif
-0.049455557,0.06872159,0.79194635,-0.048434492,0.2474263,-1.0840338,-0.11869989,-0.5324364,-0.046238918,-0.66579884,-0.6370234,-0.37403095,-0.02429035,-0.79247445,-0.09397406,0.82191086,-0.5180254,-0.42802766,-0.24424775,0.29325333,-0.38547954,0.25265196,0.063190535,-0.23605339,0.38634518,-0.15805756,1.0815912,-0.3456995,0.34252518,-0.19883183,-0.5034129,0.15710895,-0.10078041,0.26569393,-1.1224372,-0.28390136,0.35962677,0.13004243,0.75847423,0.18196341,-0.38615635,-0.16378602,0.3222452,0.13335678,-0.18038501,0.07852397,0.6353697,-0.013114685,-0.36617583,-0.09147027,0.29828495,1.0564479,-0.29523778,-0.66219306,0.69250417,-0.36392358,Otomotif
-0.086194076,0.022399312,0.8421227,0.045960538,0.2698638,-1.1053483,-0.11261754,-0.7152972,-0.18296531,-0.79594517,-0.8546792,-0.33617982,-0.02351442,-0.87648857,-0.11852418,1.0045509,-0.56446207,-0.40640604,-0.19295296,0.3049318,-0.3431762,0.3936697,0.029807024,-0.3157983,0.439608,-0.21993956,1.1879405,-0.2828678,0.2825037,-0.17768742,-0.65017885,0.23112433,-0.04902074,0.22739817,-1.3424554,-0.3033204,0.5039623,0.03985812,0.8862565,0.19889869,-0.4474328,-0.25784844,0.41166803,0.20275714,-0.18725061,0.10828928,0.70606333,0.06843759,-0.376316,-0.075675786,0.32190254,1.1705844,-0.20461264,-0.6310741,0.72400886,-0.4362962,Otomotif
-0.080098726,-0.17438579,0.6935691,0.11285778,0.1483326,-0.8516398,0.0015085319,-0.7737309,-0.27397752,-0.57978475,-0.82072395,-0.34647015,0.022264544,-0.70432633,-0.050151173,1.0604037,-0.51727873,-0.353312,-0.25043535,0.18467519,-0.26196703,0.44352174,0.0013552094,-0.25590777,0.52474797,-0.2092668,0.986926,-0.10490883,0.20831051,-0.28810486,-0.9170942,0.101957515,-0.0298534,0.06562678,-1.385713,-0.33144945,0.6469243,0.07631513,0.8966534,-0.008658623,-0.44497958,-0.26225483,0.3384153,0.34692416,-0.3101655,0.25332507,0.52165765,0.17074345,-0.49501315,0.044991814,0.31788594,1.1151544,-0.0076707834,-0.5157225,0.6314754,-0.24900775,Otomotif
-0.052417893,-0.059290804,0.80691385,0.02107807,0.20969899,-1.0007619,-0.117497146,-0.7220694,-0.20692098,-0.70864797,-0.73154896,-0.43697882,0.028988931,-0.7614787,-0.109213136,1.027001,-0.5753884,-0.48206663,-0.25741127,0.2443278,-0.41402775,0.3165743,0.047836572,-0.32488334,0.47745353,-0.20707348,1.1283352,-0.3373298,0.26677445,-0.29582998,-0.79881275,0.14961986,-0.10969673,0.17313577,-1.3229285,-0.36388567,0.5500318,0.1840705,0.90659183,0.14309464,-0.4509905,-0.21688803,0.3251182,0.23125286,-0.27390867,0.15912382,0.6057586,0.09545395,-0.4812535,0.018364972,0.31900626,1.2275126,-0.10141005,-0.68379945,0.78252935,-0.31598142,Otomotif
-0.012305702,0.09073539,0.8240086,-0.034012817,0.27852678,-1.071309,-0.2261791,-0.63394535,-0.13898133,-0.7788316,-0.5814562,-0.42519176,0.05091181,-0.7967217,-0.13826764,0.8929781,-0.5517516,-0.46365073,-0.19684805,0.30446577,-0.44720462,0.20778802,0.10103113,-0.36003277,0.44511458,-0.22035588,1.1843448,-0.3644024,0.32579988,-0.1989881,-0.60254127,0.2018942,-0.1149252,0.32013297,-1.1603341,-0.33299136,0.37203714,0.14788361,0.82006896,0.24684605,-0.4238378,-0.19606546,0.34261158,0.09011889,-0.14728665,0.069443844,0.6923168,0.061128415,-0.35566533,-0.0042978865,0.27004358,1.1199555,-0.28192788,-0.70214194,0.83478034,-0.39455438,Otomotif
0.032366067,0.2242578,1.1365324,-0.2663854,0.32572165,-1.5172049,-0.31942707,-0.55773526,0.06180298,-0.9679778,-0.7448408,-0.6606144,0.012621984,-0.98114616,-0.16840382,1.0634252,-0.754149,-0.8166473,-0.4103992,0.4187262,-0.77091277,0.04960297,0.12531132,-0.31627214,0.37377492,-0.29072696,1.5553083,-0.9209443,0.51574904,-0.3522378,-0.46288452,0.22735351,-0.36385593,0.41150028,-1.2785175,-0.47453114,0.27229828,0.44295993,0.9500523,0.42425558,-0.47812927,-0.07964862,0.31433395,0.009877307,-0.191871,0.0017645448,0.9631527,-0.092870645,-0.514508,-0.18714683,0.37261105,1.5996004,-0.34148115,-1.1357583,1.0582204,-0.32049823,Otomotif
0.0030107277,0.18460652,1.061369,-0.2191284,0.3017141,-1.3814015,-0.29232255,-0.54711294,0.04030845,-0.9147606,-0.6520717,-0.6223081,0.003082757,-0.9259361,-0.19219479,0.95105743,-0.711466,-0.7304762,-0.34981823,0.3677392,-0.71455157,0.05746594,0.12074651,-0.323068,0.35828942,-0.22943914,1.407268,-0.8362415,0.4637083,-0.3212095,-0.49201038,0.2056288,-0.3137201,0.3815273,-1.2172521,-0.430738,0.28453106,0.40840128,0.90800714,0.39720526,-0.43585044,-0.08192251,0.3017559,0.024392668,-0.18923736,-0.005634867,0.84911835,-0.10491106,-0.47891313,-0.12335851,0.35103473,1.4681659,-0.32379177,-1.0349971,1.0113415,-0.34988895,Otomotif
-0.053918418,0.05717505,0.83452505,-0.026421122,0.25408286,-1.1696742,-0.0898608,-0.63717973,-0.07235632,-0.7156027,-0.7197952,-0.36866498,-0.010369782,-0.8927325,-0.09358275,0.94613445,-0.5524135,-0.40526542,-0.26320332,0.30717522,-0.35246205,0.32533684,0.081813425,-0.23075597,0.4943421,-0.18495165,1.1774564,-0.22820443,0.365164,-0.1647404,-0.60259527,0.17284325,-0.058624234,0.32166272,-1.30404,-0.31881994,0.41160312,0.067604065,0.84999204,0.18064326,-0.44129923,-0.20758119,0.39789042,0.17952333,-0.17235203,0.096936494,0.72563213,0.03650958,-0.38204798,-0.08453497,0.34764147,1.0972257,-0.3705134,-0.6640088,0.7609703,-0.4097028,Otomotif
0.0808659,0.27681136,1.2419424,-0.34193882,0.32874027,-1.6827325,-0.36251256,-0.57241064,0.10556958,-1.0467987,-0.81090295,-0.7335458,0.026212178,-1.0373464,-0.16217071,1.1861484,-0.832857,-0.9403968,-0.49454734,0.47439852,-0.8753642,-0.0061884704,0.14693783,-0.31225598,0.38351032,-0.34716383,1.7479346,-1.0700788,0.5915778,-0.40219635,-0.44719204,0.23920529,-0.43616173,0.4661512,-1.3479639,-0.54783374,0.24649252,0.5214152,1.021736,0.47386894,-0.518864,-0.057023507,0.32473126,-0.021016425,-0.20198198,-0.0074358974,1.1007917,-0.103319936,-0.57765156,-0.24321406,0.4177687,1.7817532,-0.37565973,-1.2865474,1.153116,-0.28225252,Otomotif
-0.010526038,0.081718005,0.6869986,-0.06977888,0.21753323,-0.92793477,-0.14665103,-0.46708098,-0.041443292,-0.60295683,-0.47968996,-0.34402466,0.008751813,-0.6731888,-0.10863246,0.7010521,-0.4536236,-0.40520203,-0.21843192,0.24455546,-0.3666721,0.17197996,0.07258491,-0.23870529,0.34297165,-0.139415,0.93479156,-0.32608074,0.27735087,-0.15558454,-0.43944255,0.14156607,-0.107306495,0.2734326,-0.9524754,-0.26809055,0.28250274,0.14291722,0.6529805,0.22068857,-0.33926818,-0.12869671,0.27203545,0.07480705,-0.13650113,0.03870639,0.56483203,-0.004138772,-0.30523238,-0.05538511,0.2566384,0.9153279,-0.28126964,-0.60596114,0.663272,-0.30512464,Otomotif
0.08506215,0.2791143,1.2129077,-0.36469406,0.33073068,-1.6274374,-0.38721228,-0.54621077,0.12830421,-1.0331521,-0.673932,-0.7729254,0.042610347,-1.0141909,-0.21643554,1.0883129,-0.82211787,-0.94439864,-0.4680376,0.43358564,-0.9009967,-0.08681984,0.16790998,-0.3348196,0.36552012,-0.33646086,1.6776313,-1.0993766,0.57908565,-0.37212297,-0.45357713,0.22945358,-0.44856718,0.49263763,-1.2924732,-0.5457498,0.21623509,0.5603536,0.9964437,0.5087003,-0.49512264,-0.031911872,0.2998306,-0.048687108,-0.17086765,-0.04749086,1.0510606,-0.13455595,-0.5524647,-0.17083472,0.3935898,1.7324096,-0.4004952,-1.2990417,1.2071646,-0.28363103,Otomotif
0.07717254,0.24250007,1.1286224,-0.3127631,0.3165471,-1.5182096,-0.36834747,-0.53889257,0.07175427,-0.9604691,-0.61617255,-0.71334624,0.053517636,-0.9459008,-0.18343818,1.0439347,-0.75414234,-0.8353178,-0.40574473,0.4169812,-0.8191929,-0.070283815,0.18618408,-0.32682234,0.36546922,-0.3242097,1.5727147,-0.9537935,0.53424394,-0.36054954,-0.43811762,0.21522622,-0.3809311,0.46160975,-1.2274077,-0.5032115,0.20603265,0.49722433,0.9248451,0.43732494,-0.4777282,-0.03981725,0.291022,-0.02399004,-0.13875915,-0.026324186,1.0001795,-0.101995684,-0.50614214,-0.10794557,0.33804893,1.5713233,-0.36570582,-1.1909255,1.1160657,-0.29255563,Otomotif
0.059235565,0.2105973,1.0402483,-0.25332117,0.2751397,-1.4024997,-0.31101263,-0.5079592,0.076895945,-0.8820389,-0.6325147,-0.6065144,0.034908887,-0.88706577,-0.16307855,0.9699702,-0.6983017,-0.76135784,-0.3886698,0.39166245,-0.71843976,0.022667825,0.13141334,-0.28485152,0.3449881,-0.26129198,1.4312168,-0.82069236,0.47073135,-0.31257156,-0.4214602,0.19010246,-0.33815047,0.40483323,-1.1572008,-0.43697667,0.23596664,0.4169359,0.8808554,0.40723154,-0.44850063,-0.067001276,0.29121882,0.008750387,-0.16622525,-0.0058065928,0.88056225,-0.08298922,-0.48919198,-0.14415415,0.36061192,1.4518728,-0.33867356,-1.0574654,0.99766463,-0.27636042,Otomotif
0.017046103,0.1431479,0.856907,-0.16692443,0.2422059,-1.250666,-0.12537801,-0.44915318,0.09099261,-0.66297865,-0.6382399,-0.4172597,-0.033541076,-0.82193196,-0.066594124,0.85915875,-0.54905915,-0.54635364,-0.35558504,0.33881333,-0.47312286,0.18005033,0.09147763,-0.167123,0.38719812,-0.17704628,1.1726931,-0.47299594,0.440205,-0.2199417,-0.39718667,0.13557407,-0.1656962,0.34058818,-1.1079602,-0.33062798,0.27453834,0.20289558,0.76998055,0.22744106,-0.39830908,-0.093490206,0.30485052,0.077177204,-0.176054,0.0518514,0.752018,-0.052968618,-0.40211982,-0.19201894,0.33657348,1.1478803,-0.387467,-0.8060875,0.7481919,-0.2908015,Otomotif
0.03562963,0.17538509,0.9638409,-0.22092427,0.24717833,-1.312592,-0.25086018,-0.47318834,0.08025716,-0.7945872,-0.6129728,-0.55092466,0.009759265,-0.8419455,-0.14013393,0.89528954,-0.6446399,-0.669364,-0.3547784,0.36066473,-0.64027035,0.06323153,0.11516437,-0.23904157,0.32856655,-0.22914639,1.3122982,-0.71669555,0.4435807,-0.29312626,-0.40650895,0.16218895,-0.28453797,0.35808516,-1.1012274,-0.3942197,0.24233308,0.36431965,0.82529163,0.3398221,-0.4129361,-0.070713535,0.27866602,0.044032164,-0.16316785,0.008882412,0.7986078,-0.08479228,-0.46103704,-0.13043581,0.33925918,1.3258305,-0.31945398,-0.95640785,0.8961137,-0.27111617,Otomotif
0.07561525,0.2278738,1.0222715,-0.2835282,0.28848475,-1.40696,-0.3345504,-0.47334784,0.083087064,-0.86916226,-0.5404499,-0.6293623,0.04782156,-0.87579733,-0.15762734,0.9264857,-0.6817979,-0.74066657,-0.36895448,0.39911646,-0.7236801,-0.043640938,0.17263418,-0.2846623,0.37400258,-0.25831258,1.4251195,-0.81514645,0.496148,-0.31014043,-0.40301037,0.19753185,-0.3327307,0.44967213,-1.1213553,-0.43999282,0.18526998,0.4133025,0.8386289,0.4020696,-0.4337927,-0.045386445,0.2757516,-0.03517609,-0.14159985,-0.02030499,0.8982024,-0.08696438,-0.45921227,-0.1061257,0.3243828,1.390308,-0.38988602,-1.0614923,1.0174373,-0.28744408,Otomotif
0.043815553,0.17558809,0.97583294,-0.22579707,0.26986367,-1.3527215,-0.2375017,-0.52721643,0.04646644,-0.7859398,-0.5805224,-0.5808696,0.025998456,-0.8768163,-0.11629818,0.95661235,-0.6404341,-0.64720887,-0.36217713,0.38212752,-0.63695896,0.051019154,0.16153355,-0.26413494,0.44284958,-0.24209248,1.3806037,-0.64327043,0.48892632,-0.30113566,-0.4901546,0.16951504,-0.23495431,0.40431195,-1.199188,-0.40581644,0.26841235,0.32190508,0.84952533,0.27142394,-0.42993554,-0.08120999,0.2978747,0.037570477,-0.16091754,0.03427717,0.85449475,-0.068847425,-0.45958355,-0.089839935,0.32990837,1.3134986,-0.38355884,-0.96533155,0.9444424,-0.3042316,Otomotif
0.077884614,0.24563593,1.0930212,-0.32020143,0.3013504,-1.52477,-0.2909572,-0.4795086,0.14413603,-0.87877375,-0.7075404,-0.62667716,0.023157708,-0.933784,-0.123668686,1.0372195,-0.713706,-0.80783474,-0.45692044,0.42679843,-0.7446724,0.00059070886,0.13050944,-0.22486416,0.36598524,-0.30306673,1.529441,-0.87405527,0.54848194,-0.32380044,-0.37110782,0.19035925,-0.36479318,0.4308388,-1.2073547,-0.4624698,0.20278658,0.42641476,0.88619864,0.390107,-0.46131045,-0.04495231,0.29955712,-0.0041929977,-0.16996253,-0.0015307394,0.9933158,-0.09535668,-0.51254404,-0.24158888,0.37251532,1.5153615,-0.39337865,-1.1358566,1.0043973,-0.23074533,Otomotif
-0.034159146,0.050161894,0.7115873,-0.035163004,0.20173648,-1.0488062,-0.02551078,-0.52292556,-0.0123954415,-0.5561694,-0.63534665,-0.29434392,-0.03651245,-0.7519871,-0.039143614,0.8161693,-0.45714876,-0.33162788,-0.26214227,0.2855889,-0.274887,0.30355114,0.059218515,-0.16303454,0.45196003,-0.14219287,1.0230861,-0.15093766,0.3415491,-0.14563008,-0.50355935,0.12467004,-0.025542159,0.26998115,-1.1427147,-0.2534524,0.3677082,0.033994023,0.7372939,0.09402213,-0.36734435,-0.17622006,0.33831656,0.16962317,-0.17764188,0.10105816,0.6058192,0.0148916375,-0.34448704,-0.10425904,0.32061055,0.9162637,-0.3559681,-0.57754964,0.61520725,-0.33580306,Otomotif
0.032605983,0.18074767,0.9716512,-0.2227981,0.25370598,-1.3221191,-0.26069772,-0.48306787,0.07694415,-0.8108212,-0.613757,-0.55626005,0.014825431,-0.85288846,-0.14309202,0.9046192,-0.6518985,-0.67648625,-0.35448146,0.36327186,-0.648969,0.05359951,0.11935849,-0.25136054,0.33691573,-0.23697565,1.3299334,-0.7287995,0.45075577,-0.29206833,-0.40715328,0.17105521,-0.28334448,0.36774817,-1.1124823,-0.40370888,0.23995832,0.3660611,0.8313813,0.3475611,-0.4149334,-0.07051039,0.28285939,0.039324738,-0.15610918,0.0021979774,0.8158561,-0.08587782,-0.45532218,-0.1284098,0.33923617,1.3375449,-0.3270538,-0.96703887,0.9101074,-0.27957538,Otomotif
0.025669033,0.16720127,0.9750611,-0.21268524,0.25193587,-1.3166324,-0.25158143,-0.5006273,0.062411346,-0.81182677,-0.6225517,-0.56510776,0.009902134,-0.8592383,-0.14794575,0.91556907,-0.6546436,-0.6760382,-0.35313398,0.35870424,-0.65200454,0.06701954,0.11742241,-0.26348737,0.34359193,-0.23306015,1.3278598,-0.72954625,0.44598934,-0.30431983,-0.44058833,0.16900662,-0.27529255,0.35645077,-1.1385039,-0.40628627,0.26342818,0.36932927,0.84507555,0.33494297,-0.41846582,-0.07831092,0.28337315,0.053946998,-0.16785973,0.011393153,0.802924,-0.08710925,-0.46644387,-0.11206703,0.34283757,1.3517145,-0.30852312,-0.96740735,0.914287,-0.28753904,Otomotif
0.0036461703,0.1460645,0.9989154,-0.21274592,0.2803765,-1.3430693,-0.2094043,-0.51328576,0.0450057,-0.8233846,-0.7532041,-0.53476095,-0.0011968232,-0.87752575,-0.13488947,0.9940602,-0.65953046,-0.68346566,-0.37688175,0.36140937,-0.61774266,0.13265952,0.08427318,-0.21937141,0.34200212,-0.23428945,1.3379679,-0.7179077,0.4251875,-0.30018508,-0.44303703,0.18079472,-0.29053926,0.31765825,-1.2054237,-0.39656794,0.30565566,0.3362341,0.8608974,0.32880592,-0.44221446,-0.10034039,0.30339223,0.08081391,-0.1930933,0.04133361,0.8341959,-0.06379531,-0.48931226,-0.19117087,0.3570133,1.3833355,-0.26872554,-0.95244604,0.8786128,-0.26382312,Otomotif
0.003995776,0.12891981,0.91412807,-0.20174621,0.23931704,-1.2016652,-0.19255553,-0.47869673,0.06846752,-0.7492169,-0.6449649,-0.53661036,-0.0073687835,-0.79353434,-0.1637183,0.8871344,-0.62451494,-0.6562179,-0.3624748,0.27975923,-0.59954405,0.07361148,0.07529767,-0.2163783,0.29073942,-0.23930892,1.2181284,-0.72804123,0.3914224,-0.28626436,-0.4480297,0.15287016,-0.29852304,0.2771585,-1.1045105,-0.39519542,0.28449646,0.3846494,0.81986207,0.33098593,-0.39095014,-0.07031211,0.25963813,0.07610308,-0.17780925,0.021213666,0.73598635,-0.085661404,-0.45900816,-0.14986174,0.34254438,1.332167,-0.23087475,-0.9028142,0.8480921,-0.2223317,Otomotif
0.11229457,0.28149575,1.1886715,-0.38291723,0.3131581,-1.607562,-0.3968002,-0.5307458,0.12117929,-1.0079836,-0.6839963,-0.774448,0.060217187,-0.9725236,-0.1869448,1.1251478,-0.816496,-0.9458009,-0.49020463,0.4345883,-0.89805573,-0.12399749,0.1748344,-0.30866134,0.3606089,-0.38000742,1.6815886,-1.1031957,0.5750473,-0.39598864,-0.43777993,0.21873103,-0.4700861,0.46735203,-1.2621888,-0.5580119,0.19010897,0.5733319,0.9673221,0.4850268,-0.49069944,-0.02103997,0.2800137,-0.054620355,-0.15871727,-0.029983886,1.0802816,-0.1072845,-0.5642254,-0.17327607,0.37000465,1.7268093,-0.3515425,-1.2988558,1.1718789,-0.21159127,Otomotif
0.05678351,0.2142326,1.0700167,-0.27531108,0.29725996,-1.4564214,-0.32542336,-0.52335644,0.07332731,-0.9084837,-0.6274399,-0.65473,0.040444233,-0.92038506,-0.1637018,0.9980608,-0.7214262,-0.7686303,-0.38636738,0.40244904,-0.746965,-0.010505146,0.15652701,-0.29612613,0.36828396,-0.29218572,1.4840744,-0.8501803,0.50890875,-0.32739043,-0.44307563,0.19683643,-0.34442165,0.4322286,-1.2044194,-0.46292987,0.2242462,0.4344795,0.8985192,0.39600673,-0.46041068,-0.06029638,0.2975296,0.0037353477,-0.15461066,-0.009170537,0.93236005,-0.086031474,-0.49371287,-0.1167003,0.33844775,1.4845475,-0.3600929,-1.1075695,1.040808,-0.29099786,Otomotif
0.0052292054,0.15309529,0.9456317,-0.1677592,0.262216,-1.3313442,-0.1746529,-0.5170561,0.05456445,-0.7655324,-0.68071556,-0.49065444,-0.013167419,-0.9123122,-0.0869135,0.93956125,-0.6220227,-0.6081982,-0.3723063,0.38150373,-0.5507001,0.16991343,0.100349955,-0.2359733,0.44874838,-0.1822711,1.2914735,-0.5592257,0.4603706,-0.25306305,-0.49482226,0.15128262,-0.21297488,0.36925435,-1.2209482,-0.36204225,0.30528456,0.23435767,0.8493262,0.27285615,-0.43410143,-0.111536585,0.33540297,0.072321616,-0.20807335,0.054578792,0.80829465,-0.06432725,-0.45630452,-0.1728344,0.36175168,1.2707868,-0.3977084,-0.87891954,0.8601384,-0.3245774,Otomotif
0.04252837,0.18117645,1.0098269,-0.20198315,0.28512037,-1.401843,-0.26750815,-0.5658383,0.014447112,-0.8555743,-0.6245244,-0.56876796,0.031531353,-0.9422501,-0.11812927,0.993624,-0.66596407,-0.6643137,-0.35902992,0.41957238,-0.6369014,0.0998619,0.15627764,-0.31397408,0.48052678,-0.22415857,1.4019969,-0.6409425,0.47980905,-0.2908565,-0.534974,0.18291745,-0.23834574,0.43432403,-1.2509055,-0.4125247,0.2852606,0.29713675,0.87822,0.31499824,-0.46483368,-0.10624033,0.32770365,0.023358086,-0.18952532,0.03136692,0.8833659,-0.050297003,-0.47045714,-0.10071287,0.3302769,1.3434169,-0.40924513,-0.97718054,0.97628546,-0.3521292,Otomotif
-0.00971078,0.13127859,0.88902056,-0.14733578,0.27001122,-1.2947379,-0.12316318,-0.5028227,0.07349738,-0.7034288,-0.69175905,-0.41488042,-0.022274802,-0.884563,-0.064912334,0.9094642,-0.5589312,-0.53083575,-0.35274404,0.36116764,-0.45573545,0.22380544,0.083027124,-0.1831566,0.45808324,-0.1823207,1.2294041,-0.412102,0.45080292,-0.19303733,-0.4519801,0.14665382,-0.14537561,0.35675424,-1.2115252,-0.31492206,0.31499815,0.15551263,0.81222725,0.2264215,-0.42128357,-0.13175283,0.35792208,0.10255035,-0.19032344,0.062275477,0.78216004,-0.04550538,-0.40840086,-0.19384862,0.3572713,1.1446242,-0.4364985,-0.7967328,0.7824364,-0.32976735,Otomotif
-0.01389048,0.018602967,0.6392603,-0.04420033,0.17657745,-0.91663116,-0.06929401,-0.47760424,-0.06128323,-0.52839077,-0.6133744,-0.29799077,0.0062419693,-0.6373717,-0.042087846,0.7907335,-0.43456233,-0.36528322,-0.24454711,0.2554325,-0.28658432,0.24304898,0.038811773,-0.15247461,0.36212552,-0.17842042,0.9276837,-0.21861914,0.27161756,-0.17463873,-0.46796536,0.1090584,-0.08405244,0.20316233,-1.0054773,-0.2677613,0.34286675,0.088407315,0.6556333,0.096475996,-0.35357484,-0.16244537,0.27594906,0.15818588,-0.17581728,0.10289129,0.5598067,0.058831066,-0.34627613,-0.0756769,0.25708562,0.8878476,-0.19871144,-0.5536077,0.56113017,-0.2312277,Otomotif
0.020808633,0.15246348,1.0060581,-0.21768212,0.28801847,-1.3199209,-0.26759464,-0.5229729,0.035088293,-0.83962494,-0.5776966,-0.614334,0.01449139,-0.86859316,-0.16565299,0.91664046,-0.6713532,-0.68800765,-0.33466104,0.34857288,-0.68628424,0.03891254,0.1316048,-0.30376616,0.3707334,-0.22640736,1.3541472,-0.7732249,0.45593464,-0.3195448,-0.4934171,0.17566194,-0.2833349,0.3653741,-1.1723945,-0.4145688,0.27805138,0.4004216,0.8652762,0.3401544,-0.43340936,-0.06957616,0.27733114,0.037717316,-0.18025349,0.0041693035,0.8171132,-0.09720866,-0.46874017,-0.07853396,0.3168588,1.3889114,-0.3186456,-0.99938005,0.97419584,-0.31927955,Otomotif
-0.03115306,0.10017529,0.9872824,-0.1056742,0.2953672,-1.3452314,-0.16890028,-0.6479419,-0.06334147,-0.85625434,-0.86192065,-0.45808977,0.002084267,-0.9574733,-0.11838618,1.0888264,-0.65879565,-0.5895625,-0.35166675,0.37536466,-0.49038878,0.29832533,0.06656472,-0.25550848,0.4652148,-0.23129147,1.3337393,-0.46351284,0.38519296,-0.22525735,-0.611927,0.20056851,-0.19098757,0.3192802,-1.3794717,-0.3694822,0.42384073,0.17388223,0.9194306,0.27697387,-0.49205044,-0.19318236,0.39000466,0.14858668,-0.21484196,0.10604668,0.8445253,0.025778228,-0.49360415,-0.1659719,0.3582196,1.3272128,-0.3011006,-0.8392892,0.8687724,-0.34237984,Otomotif
0.046473853,0.19851641,1.1096462,-0.25847185,0.317043,-1.502804,-0.29653552,-0.5682178,0.038284544,-0.93585813,-0.78179264,-0.61389124,0.035141475,-0.9759254,-0.14285119,1.1001669,-0.73735845,-0.79225767,-0.4452493,0.43197513,-0.71782845,0.10017182,0.11448977,-0.27522644,0.42267013,-0.29031414,1.5111736,-0.7967549,0.48643455,-0.327074,-0.5124867,0.20140901,-0.34185612,0.4029416,-1.326369,-0.4481657,0.3063736,0.37170145,0.93948185,0.38639367,-0.49722394,-0.101473495,0.33514446,0.034276865,-0.21504508,0.04461856,0.96387124,-0.04836586,-0.5488536,-0.19822933,0.37329838,1.5389934,-0.33800244,-1.085797,1.025865,-0.26871324,Otomotif
0.05455469,0.18706378,1.050925,-0.22317415,0.2961498,-1.4697378,-0.27473995,-0.58553964,0.025620058,-0.89648914,-0.7426505,-0.56557846,0.048351,-0.95215136,-0.11089441,1.0979307,-0.69940305,-0.73113817,-0.41394094,0.43064666,-0.6599703,0.10957218,0.12787953,-0.27988717,0.46594334,-0.28323287,1.4971527,-0.685202,0.4859314,-0.2909751,-0.50797147,0.2032184,-0.2875125,0.4259971,-1.3153331,-0.43951407,0.29636765,0.30897447,0.92351264,0.345856,-0.49422204,-0.12562148,0.34821662,0.04300429,-0.20010877,0.044983882,0.94873434,-0.019623782,-0.5041721,-0.17051364,0.3757555,1.4465253,-0.38204908,-1.0335826,0.99341273,-0.29551017,Otomotif
0.09214044,0.20821723,1.0019143,-0.24568102,0.29022372,-1.3888531,-0.32220155,-0.55952483,-0.003173468,-0.884387,-0.63784105,-0.5812896,0.083742365,-0.88532984,-0.12391414,1.0415906,-0.6707477,-0.71679515,-0.38048708,0.42021713,-0.6761287,0.030946907,0.14717321,-0.30496866,0.43825254,-0.31210095,1.4581041,-0.70102364,0.4520004,-0.2875982,-0.48772955,0.20120297,-0.3054494,0.4300895,-1.2172571,-0.44208926,0.23966907,0.33603007,0.84913015,0.35292673,-0.45765686,-0.116832,0.31063634,-0.0063781524,-0.16635548,0.019815935,0.9381508,-0.006506612,-0.4745176,-0.10744937,0.31579128,1.376482,-0.35825735,-1.024855,0.9918366,-0.25836122,Otomotif
0.0875314,0.2519579,1.1925628,-0.27408722,0.35267738,-1.6242232,-0.38346517,-0.63704437,0.021559428,-1.0364014,-0.69357264,-0.69183713,0.074964255,-1.0402495,-0.15697755,1.1582012,-0.78459275,-0.81911176,-0.41459402,0.46916434,-0.8041474,0.014562099,0.18329102,-0.37984166,0.48134938,-0.34110698,1.6923583,-0.8498806,0.55015606,-0.3301668,-0.5356339,0.24209613,-0.34751242,0.5142273,-1.3800037,-0.51425076,0.25121462,0.4238196,0.99956846,0.44070724,-0.53964835,-0.1050458,0.3577763,-0.007940964,-0.16196902,0.0008918073,1.0847446,-0.04735848,-0.5318761,-0.11898211,0.36453152,1.6208625,-0.44240376,-1.2102143,1.1716247,-0.35938174,Otomotif
-0.010620372,0.11596922,0.8556685,-0.12304116,0.2818714,-1.1020728,-0.20560306,-0.4765535,8.820598e-05,-0.73083335,-0.570158,-0.46643165,-0.0067814067,-0.7638933,-0.14448562,0.79689974,-0.5496412,-0.5542264,-0.2654281,0.28009665,-0.5178822,0.12906334,0.077179484,-0.27440006,0.30096015,-0.1766381,1.111837,-0.58087504,0.34791774,-0.2351253,-0.42401692,0.16995336,-0.22344978,0.290418,-1.0329639,-0.32527116,0.27132216,0.29288706,0.748889,0.31426144,-0.3858322,-0.09560522,0.2713786,0.06462367,-0.15553571,0.021428615,0.6703581,-0.05950119,-0.37369058,-0.0989021,0.28948528,1.1629659,-0.25936058,-0.79691064,0.80050147,-0.31923935,Otomotif
-0.026678879,0.08745224,0.8757337,-0.098671675,0.26924086,-1.2998614,-0.090310216,-0.5430755,0.032419138,-0.684588,-0.72836006,-0.38894248,-0.020533267,-0.92268467,-0.04256778,0.9372626,-0.563005,-0.4883589,-0.3502584,0.36333504,-0.3998926,0.3117429,0.080662094,-0.18666881,0.52118474,-0.15103902,1.1934493,-0.2879543,0.4392868,-0.18977696,-0.54445344,0.13185462,-0.10419264,0.34290266,-1.2825112,-0.30433962,0.3797339,0.08432852,0.8347769,0.17297477,-0.4490233,-0.17116639,0.38341895,0.14348175,-0.22598621,0.106588595,0.7562199,-0.0076571247,-0.43184987,-0.16447403,0.35099062,1.1054426,-0.44543958,-0.74863744,0.7660192,-0.35641697,Otomotif
0.037902065,0.1930904,0.97210413,-0.1436616,0.3316043,-1.3040866,-0.33103177,-0.60311884,-0.059393547,-0.8838151,-0.5267195,-0.5430861,0.088181734,-0.89642256,-0.14962448,0.9440343,-0.63258475,-0.5906454,-0.25625584,0.3867492,-0.58943933,0.08474733,0.16313837,-0.38214698,0.47002017,-0.2597303,1.3683211,-0.52468604,0.423475,-0.2131132,-0.5416181,0.22067145,-0.21238191,0.46024942,-1.1859907,-0.39725104,0.25636443,0.25154766,0.8490349,0.3548734,-0.46500045,-0.15131964,0.35193875,0.018117843,-0.110097975,0.013669805,0.8621539,0.027588028,-0.39543194,-0.006483632,0.27175885,1.2392819,-0.41260278,-0.91709495,1.0021411,-0.39900967,Otomotif
0.057020396,0.17134266,0.97836745,-0.21232145,0.27525792,-1.3800182,-0.23435426,-0.57050216,0.021942846,-0.81931144,-0.6685814,-0.5480765,0.037856933,-0.9087936,-0.09542171,1.0281173,-0.6492713,-0.6489328,-0.39145565,0.38937095,-0.6111128,0.1014834,0.14348896,-0.2660294,0.46905684,-0.27703154,1.4082652,-0.60178417,0.48192328,-0.27435684,-0.52446145,0.1782022,-0.23219964,0.40106565,-1.2668909,-0.41588694,0.28832078,0.28302675,0.8744058,0.2781478,-0.4575704,-0.11415092,0.32711172,0.04443207,-0.17908494,0.050202224,0.89733934,-0.024959508,-0.47030947,-0.12490841,0.3373833,1.3395594,-0.392469,-0.95959014,0.93741,-0.28971475,Otomotif
0.08033081,0.24268578,1.0723091,-0.26989385,0.32670557,-1.4464867,-0.41114944,-0.55296314,-0.0042014653,-0.9651517,-0.55405056,-0.6684537,0.08964741,-0.9221208,-0.17779861,0.9944805,-0.716779,-0.7859734,-0.34821063,0.44557568,-0.7742166,-0.038731705,0.18762124,-0.38591295,0.41681406,-0.2765374,1.4987675,-0.8477525,0.48048097,-0.32357523,-0.4729772,0.23559356,-0.33977064,0.49219832,-1.1904343,-0.46503505,0.21383159,0.4132666,0.8684704,0.42806175,-0.4731297,-0.08032488,0.2938037,-0.059310876,-0.15200318,-0.020594444,0.9446108,-0.05825911,-0.46821725,-0.050211236,0.29447857,1.4459828,-0.37756568,-1.1129271,1.1034914,-0.33919573,Otomotif
-0.05276156,0.035720285,0.69000244,0.030374238,0.24129893,-0.9498514,-0.08737028,-0.57249695,-0.10737885,-0.637632,-0.6102653,-0.26101872,0.003479921,-0.75533783,-0.09338075,0.7867752,-0.45505682,-0.30940107,-0.1674279,0.26862836,-0.24832374,0.33295864,0.04511061,-0.24318692,0.4285919,-0.12664081,0.97042197,-0.1047165,0.26524514,-0.08153232,-0.5330325,0.16580196,-0.025127435,0.27335462,-1.1035489,-0.22595888,0.3782532,-0.013992014,0.7278721,0.17461406,-0.3823091,-0.22674851,0.37150827,0.1543559,-0.14660984,0.08469232,0.57275397,0.062079683,-0.2898409,-0.060093522,0.29134405,0.87171173,-0.32158896,-0.5020757,0.64551395,-0.4011558,Otomotif
-0.05562432,-0.124390244,0.6068607,0.057219762,0.123725966,-0.7576315,0.010851286,-0.6506456,-0.21958359,-0.50749606,-0.70562845,-0.30935043,-0.0021824806,-0.60478973,-0.04924771,0.90429544,-0.44548783,-0.31420335,-0.22442788,0.16373464,-0.2353161,0.35256466,0.010852202,-0.20629837,0.41020525,-0.19539832,0.8648061,-0.13862605,0.17374234,-0.2443302,-0.7342881,0.09466432,-0.033605117,0.06763647,-1.1803092,-0.29287362,0.53188556,0.08997845,0.7505404,0.020380655,-0.38196728,-0.19785063,0.28284758,0.28422785,-0.23873882,0.18536945,0.47904658,0.11435343,-0.39904457,0.030077348,0.27203506,0.96951914,-0.021477558,-0.46354645,0.53478605,-0.22212465,Otomotif
0.0026038378,0.08122555,0.7229983,-0.050110243,0.22242545,-1.0048712,-0.1362172,-0.53783184,-0.07346182,-0.6367723,-0.575732,-0.32931453,0.02893506,-0.73154396,-0.085398875,0.82690907,-0.47948492,-0.3951612,-0.23135382,0.2928705,-0.34230462,0.22782952,0.073271014,-0.23215549,0.4191371,-0.18470916,1.0382116,-0.23979016,0.29456672,-0.1406597,-0.4995589,0.16108947,-0.09185219,0.2937894,-1.0771433,-0.27891055,0.31529808,0.083957,0.7120303,0.1885341,-0.37292427,-0.18057175,0.32239446,0.10620559,-0.14517905,0.07173032,0.639001,0.0523597,-0.33077982,-0.06300476,0.2822071,0.9474828,-0.30156544,-0.61501324,0.6839013,-0.3083897,Otomotif
0.054472886,0.23378178,1.1135765,-0.2921082,0.32431164,-1.4738841,-0.36301747,-0.5143611,0.07352765,-0.95044464,-0.6106675,-0.6779765,0.04464206,-0.9376686,-0.1904164,0.98686683,-0.7339273,-0.8256423,-0.3952608,0.4136639,-0.8057881,-0.027327497,0.15473619,-0.3372802,0.362238,-0.2576075,1.4907948,-0.939542,0.50236404,-0.3444365,-0.4390033,0.21088521,-0.3764333,0.44708538,-1.1993717,-0.46511096,0.22187336,0.47273022,0.9033467,0.44951233,-0.4585747,-0.04888457,0.28862163,-0.03206811,-0.17565198,-0.026817674,0.9321213,-0.11457876,-0.5005774,-0.1299856,0.3430933,1.523559,-0.36016744,-1.1505691,1.0925504,-0.30635267,Otomotif
0.048141718,0.19439916,0.9927816,-0.22376429,0.29934373,-1.3848835,-0.26526338,-0.5015385,0.0671079,-0.83066356,-0.6272948,-0.5558871,0.029102186,-0.8874492,-0.120717496,0.95006526,-0.6489491,-0.69476724,-0.35878277,0.3998536,-0.64389455,0.07537941,0.12209357,-0.2695401,0.3936934,-0.23882776,1.3852417,-0.69176435,0.48231536,-0.2725024,-0.42333654,0.18228438,-0.27285513,0.41572446,-1.1686268,-0.40219867,0.24564692,0.32480502,0.84929097,0.34003302,-0.45249632,-0.092605986,0.3105807,0.02229404,-0.17562926,0.013116577,0.86216736,-0.05755461,-0.45563674,-0.15262912,0.34286568,1.3488582,-0.38884687,-0.9973267,0.9473723,-0.31022978,Otomotif
0.071197495,0.17598942,1.002302,-0.20351751,0.28522393,-1.4214576,-0.24253401,-0.60945153,-0.008935802,-0.8530959,-0.7209459,-0.5495711,0.055541523,-0.9384141,-0.08670761,1.1114452,-0.67502826,-0.6658578,-0.40108377,0.41317186,-0.6136783,0.12888092,0.13913316,-0.2770762,0.51460385,-0.31187278,1.47498,-0.5745253,0.4909603,-0.27018538,-0.5658242,0.18896419,-0.2360753,0.41194916,-1.3300422,-0.42936638,0.3106824,0.25118107,0.91582745,0.2796151,-0.48534808,-0.14461386,0.358846,0.056748662,-0.18467869,0.07460211,0.9522828,0.023985676,-0.49445727,-0.13198319,0.34922293,1.3804427,-0.3881524,-0.98242456,0.96348155,-0.28341535,Otomotif
-0.018004676,0.21646146,1.1415575,-0.22258453,0.34898233,-1.5451976,-0.29915375,-0.5979818,0.06681112,-0.9724215,-0.66234905,-0.6443192,-0.0139894625,-1.0459057,-0.16098756,1.0040612,-0.72554976,-0.7028683,-0.3335002,0.41661733,-0.73125565,0.07557688,0.16903876,-0.36146164,0.44014722,-0.2540993,1.5639542,-0.7919491,0.57114476,-0.30995604,-0.46894425,0.24199393,-0.24677597,0.4784525,-1.3174549,-0.45030704,0.26838738,0.3765373,0.9648304,0.3919353,-0.48174873,-0.08713823,0.35785693,0.040488932,-0.13800722,-0.016014023,0.9504059,-0.13490008,-0.45056954,-0.11000192,0.3687118,1.5012807,-0.4696535,-1.092012,1.0742571,-0.47694954,Otomotif
-0.024887435,0.14256404,0.85583186,-0.14104712,0.27335715,-1.1567465,-0.18078154,-0.47108755,0.028957015,-0.69887334,-0.5481992,-0.44812953,-0.023217725,-0.8092124,-0.11207537,0.7681134,-0.53947335,-0.4956995,-0.2698484,0.31662738,-0.48606482,0.15111756,0.093459494,-0.2544366,0.3650403,-0.17129306,1.1501552,-0.48288026,0.4041738,-0.22074334,-0.41658202,0.1652971,-0.1534167,0.326423,-1.0579553,-0.30948135,0.26787907,0.22005065,0.738348,0.24921644,-0.36816508,-0.10173181,0.29388604,0.06888076,-0.1386416,0.02589749,0.684948,-0.0786497,-0.3457705,-0.097399324,0.2887307,1.0961709,-0.36562467,-0.7653032,0.7779368,-0.3617402,Otomotif
-0.025398737,-0.014613077,0.7469232,-0.04182491,0.20743008,-1.0337511,-0.079413384,-0.6228751,-0.1329273,-0.6428945,-0.74696064,-0.3633235,0.009807174,-0.74011916,-0.09125381,0.9683836,-0.5229077,-0.4430501,-0.27351114,0.27093765,-0.3382225,0.3203736,0.037773583,-0.22236362,0.4196119,-0.2190532,1.0812763,-0.25890157,0.27211198,-0.22155967,-0.63337374,0.13856639,-0.089699924,0.19655123,-1.2301828,-0.3191879,0.470306,0.118947946,0.8021872,0.12792052,-0.42596954,-0.21896693,0.3205319,0.20645447,-0.22947644,0.13669379,0.6169743,0.09201863,-0.43305445,-0.04800223,0.30362532,1.0759019,-0.16862743,-0.6362979,0.7027362,-0.28199926,Otomotif
0.015409131,0.06983413,0.9064282,-0.072265655,0.2700621,-1.2184942,-0.17589189,-0.70483375,-0.1470838,-0.8038096,-0.8046594,-0.4379368,0.05134281,-0.8739326,-0.099781126,1.1287689,-0.61893266,-0.56903845,-0.33912122,0.35378334,-0.4602353,0.29334885,0.07263436,-0.3091925,0.5080514,-0.26553705,1.2900751,-0.3696466,0.34648034,-0.227549,-0.69408023,0.19913475,-0.1588824,0.28446716,-1.3729539,-0.36322135,0.45906138,0.14297156,0.905966,0.22150134,-0.4850462,-0.2191863,0.37767076,0.15126558,-0.22760102,0.14747028,0.8026842,0.1018556,-0.48742625,-0.096756734,0.34509856,1.2688676,-0.23823836,-0.7954563,0.85998416,-0.28611273,Otomotif
0.056157902,0.23126724,1.0902404,-0.27998975,0.32598758,-1.4646794,-0.3436125,-0.50547725,0.0812466,-0.9234311,-0.53617543,-0.6727624,0.043630563,-0.9465594,-0.1906028,0.9351268,-0.7179146,-0.7747456,-0.35471928,0.4152887,-0.77506584,-0.020478021,0.16733836,-0.33418298,0.38491073,-0.23980235,1.4803134,-0.85890746,0.52137107,-0.3157294,-0.4502186,0.19312358,-0.3360527,0.47292855,-1.1833926,-0.44922626,0.21452011,0.4356336,0.89083284,0.41957653,-0.45247507,-0.06104455,0.29665855,-0.029818991,-0.16209324,-0.03573793,0.9089176,-0.11156672,-0.4805943,-0.09176881,0.3376685,1.4591119,-0.4226754,-1.1225843,1.096739,-0.34665692,Otomotif
0.042190965,0.18722573,0.99477196,-0.20974645,0.30296618,-1.4520197,-0.21302731,-0.544021,0.07173218,-0.805021,-0.6519697,-0.5331836,0.01660555,-0.94927114,-0.07862963,0.99276143,-0.63609606,-0.6370251,-0.3790339,0.42324132,-0.5906872,0.12595947,0.14806263,-0.26023993,0.4919642,-0.24448343,1.427862,-0.55606633,0.5369983,-0.24752745,-0.47331274,0.17449562,-0.19356851,0.44635418,-1.2695926,-0.39297053,0.2794428,0.24192427,0.8805134,0.2703386,-0.4711365,-0.11043651,0.3559471,0.043702483,-0.17431058,0.039491605,0.90858316,-0.047509737,-0.44600436,-0.15437292,0.35415673,1.3029119,-0.49264872,-0.9701819,0.9416072,-0.3529072,Otomotif
-0.051258128,0.035047773,0.670118,0.03593203,0.24849209,-0.9147669,-0.08137395,-0.58041507,-0.11877478,-0.61790186,-0.60140574,-0.2466004,0.0042443736,-0.72924894,-0.09015496,0.7857929,-0.4348027,-0.2907296,-0.16853276,0.24167958,-0.22429202,0.34561944,0.04028312,-0.24301387,0.42347315,-0.14678551,0.93704563,-0.06622993,0.24301247,-0.06694907,-0.54457283,0.16675185,-0.0067521897,0.26094583,-1.0964223,-0.22457612,0.38339046,-0.022603812,0.71611786,0.16382335,-0.37981117,-0.2271274,0.37156552,0.16412784,-0.1305249,0.09633454,0.57107687,0.085462734,-0.2847661,-0.055559784,0.27241096,0.8437884,-0.3107701,-0.47913522,0.6259055,-0.3821123,Otomotif
0.078102596,0.2483255,1.0967697,-0.21415043,0.35246497,-1.4874594,-0.40403372,-0.6582917,-0.051878713,-1.0039222,-0.5672837,-0.6568549,0.10322837,-0.9945257,-0.17207153,1.0687543,-0.72461957,-0.7116235,-0.31478167,0.4361674,-0.7306276,0.0062538045,0.2057221,-0.4332225,0.4969937,-0.32968727,1.5873057,-0.71130437,0.5007978,-0.27403325,-0.5679273,0.2648965,-0.275604,0.54114425,-1.309827,-0.48771736,0.23215923,0.34574902,0.94625765,0.42927474,-0.51399606,-0.12818983,0.36840752,-0.023928013,-0.10415577,-0.00022152977,1.0109519,0.0031781169,-0.4547696,-0.013976625,0.31171745,1.471716,-0.44024044,-1.0972407,1.1539046,-0.41200924,Nasional
-0.0035509125,0.14127636,0.9487268,-0.17844434,0.2942453,-1.4141833,-0.14220726,-0.51200604,0.09872723,-0.7545267,-0.7155955,-0.47819042,-0.03165073,-0.93836766,-0.06485223,0.94470274,-0.60204947,-0.58353835,-0.36101755,0.38732007,-0.5130464,0.20093003,0.09953195,-0.19621132,0.44908717,-0.2068832,1.3353621,-0.5049919,0.5103995,-0.23934337,-0.4378731,0.15954301,-0.16751853,0.38719293,-1.2576616,-0.3620687,0.31373438,0.22236706,0.8594134,0.24924304,-0.45836,-0.12548055,0.35442913,0.10864353,-0.19293366,0.053300723,0.83374286,-0.058649804,-0.43219325,-0.18568878,0.37096786,1.2542548,-0.4552471,-0.89776844,0.84270555,-0.37282708,Otomotif
0.081558615,0.21655856,1.0039647,-0.29864517,0.2545721,-1.3981192,-0.2600074,-0.45185778,0.12938529,-0.8096379,-0.7034884,-0.5736983,0.027939772,-0.8471843,-0.114389576,1.005342,-0.6811191,-0.77878726,-0.46154574,0.3849185,-0.6856578,0.012857961,0.10625126,-0.1881954,0.33217493,-0.30212936,1.4165558,-0.81158084,0.48727706,-0.3151074,-0.36770454,0.16557577,-0.36281222,0.3640223,-1.1361774,-0.43913996,0.21015088,0.40189064,0.84450793,0.36262998,-0.43136445,-0.048996944,0.276801,0.010483951,-0.17733115,0.021681253,0.91784096,-0.0636069,-0.5058588,-0.25205505,0.3768206,1.4484307,-0.31808758,-1.0501106,0.9153888,-0.15877591,Otomotif
0.033082105,0.22361147,1.0859762,-0.28062367,0.3143027,-1.4806143,-0.30014756,-0.5300562,0.100811504,-0.88640654,-0.61578226,-0.66970235,0.0073456964,-0.94218373,-0.14629577,0.98329407,-0.70071286,-0.74923265,-0.37145704,0.39408845,-0.74852943,-0.016364114,0.16184403,-0.31850842,0.39429876,-0.29582343,1.5284365,-0.8584569,0.56855446,-0.33506802,-0.43440527,0.21036163,-0.28397048,0.4437258,-1.2265954,-0.4738167,0.24112597,0.43707922,0.91363657,0.3542475,-0.45803574,-0.047932267,0.28655156,0.015208978,-0.13669668,-0.008538568,0.9413622,-0.11621747,-0.462759,-0.11203659,0.33556342,1.4887646,-0.4026891,-1.117799,1.0348531,-0.35095102,Otomotif
0.02759641,0.21418388,1.0583214,-0.2564867,0.3040381,-1.4608225,-0.26785105,-0.5133279,0.09608308,-0.8735728,-0.62615716,-0.61218804,0.007499421,-0.9499828,-0.14593594,0.96380585,-0.6890507,-0.72075117,-0.37583473,0.40707457,-0.7060805,0.036807306,0.14896257,-0.2842282,0.39868206,-0.23877165,1.4578888,-0.7902005,0.5234696,-0.30802006,-0.4296921,0.19341801,-0.2755705,0.44049543,-1.2244657,-0.43513995,0.2441046,0.37794605,0.8926445,0.3649444,-0.44805253,-0.06667661,0.30916014,0.017204955,-0.15742697,-0.004083919,0.90608263,-0.116395354,-0.46748498,-0.14776452,0.36567998,1.4318041,-0.41865146,-1.0530035,0.9975919,-0.3506343,Otomotif
0.005522973,0.1673038,0.9710634,-0.20138161,0.2857727,-1.3603151,-0.2253358,-0.49139377,0.09843502,-0.7850566,-0.65829325,-0.5278455,0.011093949,-0.9040353,-0.10850803,0.9274933,-0.6272979,-0.62511146,-0.35309577,0.37316608,-0.5948281,0.108287685,0.111151494,-0.22782876,0.40545288,-0.23796031,1.3370686,-0.6115504,0.4903085,-0.265271,-0.4201533,0.17066923,-0.23910636,0.39307526,-1.1762204,-0.3914135,0.24454509,0.28772682,0.8415786,0.29913056,-0.4275628,-0.098957635,0.32156938,0.07050852,-0.15481183,0.033079673,0.8329551,-0.06354446,-0.44216684,-0.16316347,0.34727824,1.2958292,-0.37914506,-0.9396611,0.8939375,-0.30430573,Otomotif
0.0045813387,0.12814113,0.96573025,-0.18366064,0.25627148,-1.3563529,-0.16511849,-0.56909204,0.037455756,-0.7600406,-0.7241387,-0.5314455,-0.012732344,-0.89884293,-0.06690454,1.0142343,-0.625388,-0.61787903,-0.37971133,0.36976582,-0.5761954,0.15893893,0.110404395,-0.2500832,0.4568917,-0.25096205,1.3774993,-0.5829379,0.50399643,-0.30667165,-0.51755446,0.16671012,-0.18840972,0.3429644,-1.2838596,-0.40411177,0.33319712,0.27491266,0.88506097,0.2097421,-0.45012143,-0.104201026,0.32187495,0.114745386,-0.20032464,0.08302276,0.84428746,-0.05390173,-0.4715314,-0.14181031,0.35963663,1.336176,-0.35329047,-0.92858636,0.86579466,-0.3172695,Otomotif
0.011247142,0.17458157,1.0017588,-0.18454556,0.29239735,-1.4581201,-0.16378255,-0.5439901,0.08148718,-0.7909677,-0.7612559,-0.4902542,-0.017972201,-0.9709358,-0.06328559,1.0152373,-0.6367465,-0.6269874,-0.3924801,0.42861816,-0.55450827,0.2027162,0.09632866,-0.22395517,0.47327116,-0.21874629,1.4094815,-0.54448867,0.5130301,-0.24483088,-0.47257724,0.169797,-0.19223128,0.4012569,-1.3060416,-0.3769907,0.3109773,0.21457873,0.89163905,0.2526621,-0.46440637,-0.13629912,0.36869976,0.09326041,-0.21283086,0.055751532,0.88537383,-0.056332447,-0.4658785,-0.22010283,0.3862983,1.3237988,-0.455921,-0.9398092,0.879703,-0.34506825,Otomotif
0.057906263,0.18494888,1.0276711,-0.24578264,0.29302803,-1.4383972,-0.26150298,-0.5367129,0.059885465,-0.8506655,-0.6473356,-0.59770703,0.026087794,-0.924424,-0.127529,0.99826974,-0.67892575,-0.7162751,-0.38799044,0.4094524,-0.66462433,0.06844199,0.13749881,-0.2751674,0.42654034,-0.258237,1.4443022,-0.7147064,0.5051854,-0.30048743,-0.47731638,0.18108855,-0.27977172,0.42356172,-1.2452524,-0.43052128,0.27340516,0.3477217,0.8870807,0.33385566,-0.46496552,-0.091909155,0.31710857,0.029914077,-0.18303668,0.023556279,0.9019514,-0.060162056,-0.48146388,-0.12797667,0.35490942,1.4042262,-0.40089628,-1.036356,0.99186385,-0.3104532,Otomotif
0.046175368,0.20851378,1.0636399,-0.26403695,0.3057597,-1.4659241,-0.2782652,-0.51173717,0.11025421,-0.86281997,-0.616882,-0.639421,0.009468325,-0.93806833,-0.14098269,0.97743195,-0.7050035,-0.7384116,-0.392594,0.3923345,-0.72066826,0.0058381734,0.15102056,-0.27663806,0.40518114,-0.26431572,1.4761064,-0.8105711,0.54803437,-0.31134072,-0.4478235,0.18763313,-0.3005656,0.43308607,-1.2286253,-0.44602817,0.2385227,0.40645465,0.90651405,0.36202952,-0.4482326,-0.0560085,0.30856737,0.016284648,-0.16063607,-0.0002197369,0.92620254,-0.108052105,-0.48263824,-0.1391295,0.35418737,1.457862,-0.4152632,-1.0877436,1.0177206,-0.30995694,Otomotif
0.07040714,0.24471697,1.1499199,-0.34067318,0.31018764,-1.5591625,-0.35449088,-0.49031967,0.1271159,-0.9496627,-0.6596182,-0.71995735,0.023785178,-0.9626384,-0.16522984,1.0283166,-0.7694846,-0.8786926,-0.45324937,0.42694333,-0.84781516,-0.060512938,0.15486744,-0.2941803,0.34928048,-0.2957194,1.557762,-1.0392059,0.55756605,-0.38414013,-0.41356084,0.20040582,-0.41215247,0.44668105,-1.2248033,-0.4981626,0.20421162,0.5220676,0.9266741,0.4476866,-0.47500718,-0.015012411,0.27155343,-0.03840364,-0.18056576,-0.020996658,0.9954042,-0.13913877,-0.5436775,-0.17453595,0.36426508,1.62693,-0.35914302,-1.2249293,1.0993727,-0.26224482,Otomotif
0.04036548,0.15541936,0.9668403,-0.18829961,0.28162107,-1.355822,-0.26604736,-0.5879213,0.00052715855,-0.8305199,-0.6998127,-0.5474956,0.07050963,-0.9118121,-0.105364285,1.0370121,-0.6609694,-0.6612739,-0.39783308,0.3769782,-0.62023956,0.101188675,0.13005997,-0.28194648,0.46497864,-0.301244,1.3682435,-0.6080985,0.45753646,-0.28826192,-0.54575473,0.1908775,-0.25074902,0.37999952,-1.2740009,-0.42600396,0.29785046,0.28961572,0.87411225,0.30922103,-0.47134966,-0.12278604,0.32763785,0.07080047,-0.16995166,0.07566886,0.8877991,0.0036823533,-0.4861946,-0.10569558,0.33152395,1.3727735,-0.31720132,-0.96633047,0.9462155,-0.25526834,Otomotif
-0.008868226,0.012151938,0.633543,0.25957173,0.23931497,-0.90162855,-0.25775608,-0.9619489,-0.4171604,-0.8518185,-0.7410004,-0.20127635,0.12133486,-0.86797595,-0.08599184,1.078096,-0.5406193,-0.13824914,-0.14105543,0.1820901,-0.14692868,0.37449816,0.06023098,-0.5242075,0.6611175,-0.38663572,1.0625547,0.13292933,0.1794579,0.040713076,-0.8866029,0.34837693,0.05170359,0.37671664,-1.4006207,-0.40331435,0.37200475,-0.09587921,0.88138807,0.38547844,-0.5012126,-0.37044352,0.56417346,0.22047544,-0.0062777614,0.14967102,0.75892377,0.33836058,-0.28361133,0.15502316,0.29981002,0.9596952,-0.1977145,-0.44780678,0.7877861,-0.4264853,Nasional
-0.2112862,-0.04821246,0.6133381,0.2509245,0.10812028,-0.8779642,0.37161902,-0.9964583,-0.2537678,-0.49925306,-0.8982077,0.012255102,-0.17866367,-0.9387057,-0.0056154737,1.121496,-0.31989804,0.17112014,-0.13516593,0.18461822,0.101495035,0.623631,0.09523928,-0.22993696,0.65231717,-0.20117632,1.1560215,0.48586407,0.268512,0.03479607,-0.7056269,0.26802662,0.48819956,0.22362518,-1.6511676,-0.27297637,0.57481384,-0.3511091,0.9057853,-0.13419773,-0.36353528,-0.33308575,0.5716748,0.48122898,0.044919178,0.18804671,0.7094359,0.027356453,-0.11654554,-0.09572424,0.57054883,0.739231,-0.4889413,-0.14623724,0.3946592,-0.65112096,Nasional
-0.20216013,-0.035168074,0.61885035,0.26439625,0.15210724,-0.9404349,0.36627576,-0.99600047,-0.22296083,-0.47112808,-0.9365826,0.019381737,-0.17927358,-0.9859523,0.041195933,1.1040438,-0.32391676,0.17577453,-0.1758529,0.20815685,0.14272247,0.6854364,0.05751151,-0.24710904,0.7377565,-0.20301655,1.162308,0.5864699,0.32498777,0.07455008,-0.76647156,0.24978507,0.4992639,0.2447369,-1.7311653,-0.23939824,0.6153352,-0.399906,0.93773746,-0.17623286,-0.39186227,-0.362536,0.6095148,0.4787752,-0.013327565,0.22221534,0.7099779,0.05615845,-0.12671359,-0.116061464,0.5514356,0.7245828,-0.57867575,-0.16061345,0.41050005,-0.66396415,Nasional
-0.19598494,-0.051442053,0.6072016,0.24935831,0.15908381,-0.88290083,0.29341987,-0.9258436,-0.22778125,-0.49698296,-0.88218033,-0.011329075,-0.14746492,-0.9209216,0.0035005298,1.0307493,-0.3406687,0.11510199,-0.14304522,0.19571228,0.09568686,0.6427417,0.0481388,-0.23749405,0.65714484,-0.1741498,1.0762709,0.4823501,0.27517653,0.05476124,-0.7323229,0.23513888,0.41025916,0.2254921,-1.5972897,-0.23084562,0.5894273,-0.3403008,0.89211667,-0.1119121,-0.3852384,-0.34727207,0.5623796,0.43958372,-0.032482162,0.19675872,0.64732915,0.06809565,-0.14622797,-0.091728956,0.49578306,0.72559017,-0.48191994,-0.17964521,0.42139855,-0.6229925,Nasional
-0.20812723,-0.06275609,0.6331155,0.2804462,0.20751344,-0.92214346,0.27992508,-0.9594148,-0.23789416,-0.52360255,-0.85358554,-0.041437387,-0.16338928,-0.96621627,0.0020309198,1.0054722,-0.34824207,0.15278949,-0.11476687,0.19184263,0.1225347,0.6752777,0.043281004,-0.29465315,0.7300561,-0.17338109,1.0955034,0.550659,0.32405114,0.08487903,-0.8006003,0.23893513,0.4385801,0.25810435,-1.672897,-0.20566767,0.62201375,-0.34923238,0.9371007,-0.11968615,-0.40529054,-0.36953017,0.5971846,0.44756383,-0.04545997,0.20105095,0.64000934,0.07969599,-0.13598473,-0.031101298,0.47053567,0.7001039,-0.55250347,-0.18818605,0.4874722,-0.71032435,Nasional
-0.20356505,-0.06076861,0.6348999,0.27517435,0.19301558,-0.9689737,0.30513448,-0.9616444,-0.2326692,-0.5087759,-0.92310476,-0.015527842,-0.160889,-0.999149,0.025631763,1.0551296,-0.35704824,0.15131824,-0.1510782,0.21705692,0.13972093,0.7092075,0.04247009,-0.24749833,0.74475473,-0.17679758,1.1125476,0.58928627,0.32058144,0.08339278,-0.8084646,0.23251116,0.44325414,0.2596693,-1.7116146,-0.21639915,0.63064086,-0.39129233,0.9410187,-0.13668028,-0.418765,-0.38251507,0.6133966,0.46509826,-0.059736278,0.2208577,0.6729579,0.0951353,-0.1606823,-0.07400323,0.49304742,0.71796435,-0.56462324,-0.18344545,0.4592499,-0.6768141,Nasional
-0.13083261,-0.1463667,0.66621405,0.19412592,0.22422431,-0.9426566,0.08974221,-0.8327528,-0.2812807,-0.57889915,-0.8391835,-0.1781022,-0.0344056,-0.8350571,-0.042079832,1.0375011,-0.45437953,-0.09973027,-0.16356057,0.1937679,-0.030704707,0.6055097,0.010464913,-0.23239522,0.6465928,-0.18231948,0.98960143,0.30652323,0.21595952,-0.049390312,-0.90539074,0.14952657,0.16646367,0.15018693,-1.5163268,-0.23132694,0.6580333,-0.17032398,0.90110874,-0.009302885,-0.4583605,-0.3757208,0.48655823,0.3950261,-0.19944072,0.23516385,0.57121056,0.2028129,-0.35686624,0.023567013,0.3324499,0.8531843,-0.27046964,-0.3383138,0.58394617,-0.45089453,Nasional
-0.12072328,-0.043790005,0.6035393,0.14842387,0.20883802,-0.84687024,0.081732266,-0.7100057,-0.17305806,-0.5100462,-0.6662467,-0.16330305,-0.061904345,-0.7929838,-0.03528939,0.82307005,-0.3732288,-0.045682643,-0.13135076,0.17780344,-0.037959136,0.48185867,0.049797345,-0.21792643,0.55279225,-0.157097,0.90279055,0.26376453,0.24830553,0.005677835,-0.6988345,0.16802166,0.19686893,0.22462384,-1.3105285,-0.18912116,0.50406736,-0.17432468,0.7728299,0.012229009,-0.37642133,-0.28329632,0.4454375,0.2966806,-0.091403514,0.15809684,0.54827935,0.107227646,-0.22312766,0.014159494,0.3011778,0.70859146,-0.37601027,-0.30235195,0.5238471,-0.47799382,Nasional
-0.15757097,-0.054635864,0.6141608,0.17655332,0.21245316,-0.87248254,0.12828334,-0.75694615,-0.18113291,-0.52996784,-0.7885592,-0.10941636,-0.08811371,-0.84363943,-0.031288985,0.8754624,-0.37282813,-0.027046876,-0.1350604,0.18341441,0.0058196727,0.5552683,0.015570518,-0.2097812,0.5504688,-0.15894546,0.92543316,0.30303365,0.23491526,0.029271927,-0.6959781,0.18806641,0.23696375,0.20789987,-1.3916302,-0.18363023,0.5420235,-0.22348033,0.8007897,0.0033880654,-0.39141953,-0.31548852,0.4866807,0.3391261,-0.09034874,0.16815637,0.56946003,0.10226198,-0.21295875,-0.04036194,0.34135723,0.7213881,-0.36964032,-0.27055994,0.48933786,-0.5111533,Megapolitan
-0.109855294,-0.041560683,0.6143377,0.17507823,0.21144073,-0.89161515,0.070367716,-0.7210793,-0.20410743,-0.5671919,-0.87505835,-0.08609154,-0.049870238,-0.81635576,-0.013053691,0.9189924,-0.41390514,-0.11126905,-0.17051715,0.2250427,-0.0069379723,0.5770179,-0.028098308,-0.18871115,0.5157866,-0.15985644,0.9041972,0.24901125,0.1966711,0.013841077,-0.69029176,0.18372293,0.13057214,0.18009654,-1.3335657,-0.19257863,0.5236354,-0.22712256,0.7809527,0.05388567,-0.41338706,-0.33272785,0.4782177,0.31289148,-0.1502199,0.19147746,0.57902664,0.15422665,-0.2758986,-0.10212614,0.32574356,0.78895116,-0.29392818,-0.29537612,0.47475767,-0.4143072,Nasional
0.043432508,0.2213081,1.1682532,-0.2763061,0.34099537,-1.5645117,-0.32226416,-0.563056,0.071646184,-0.9799156,-0.75304097,-0.67068774,0.025192097,-1.006465,-0.17772304,1.0880439,-0.7693107,-0.84180737,-0.43141043,0.43437833,-0.7773926,0.06309503,0.12856287,-0.30358377,0.3895757,-0.2751611,1.5681581,-0.9065917,0.519784,-0.3442051,-0.47770166,0.22051604,-0.38279578,0.43954352,-1.3226218,-0.47018948,0.28272128,0.4409082,0.97646505,0.43916196,-0.50378615,-0.08123752,0.3344096,0.013057763,-0.20640539,-0.0005359338,0.98190176,-0.099171735,-0.5392514,-0.1963175,0.38677192,1.6106391,-0.3747495,-1.1642907,1.1006062,-0.31719175,Otomotif
0.008873029,0.16132823,1.0441344,-0.20216952,0.3050622,-1.4007566,-0.26898497,-0.5671624,0.027972266,-0.9058659,-0.7147265,-0.5676869,0.010551268,-0.93166536,-0.17404364,1.0035625,-0.7047677,-0.7159203,-0.36307687,0.37482414,-0.65391964,0.11904148,0.10356858,-0.288582,0.38281682,-0.2381939,1.3983518,-0.73049414,0.45078364,-0.28486267,-0.50396407,0.19655174,-0.30142924,0.37990883,-1.2613785,-0.41398227,0.3096869,0.35836628,0.92328775,0.3881936,-0.46793628,-0.109843545,0.3322992,0.05313641,-0.19041674,0.027039107,0.8652088,-0.056410123,-0.48924205,-0.14981253,0.3645701,1.4413484,-0.3294775,-1.0005442,0.9895695,-0.3316249,Otomotif
-0.024555298,0.18140121,1.0611304,-0.19019547,0.33749205,-1.4388511,-0.25851682,-0.52981055,0.054773353,-0.90330064,-0.7742626,-0.53448707,-0.008552574,-0.9772383,-0.13881081,0.9726616,-0.6916009,-0.68835604,-0.35394555,0.4017842,-0.62149704,0.1850971,0.07801545,-0.2634109,0.37859985,-0.20993657,1.3935205,-0.6866281,0.45931232,-0.26346353,-0.44203267,0.21044236,-0.2851206,0.3818365,-1.2386976,-0.38448498,0.299661,0.29405144,0.8921126,0.3775217,-0.46856958,-0.13009411,0.3574243,0.06944278,-0.19213581,0.020065222,0.85932857,-0.07507948,-0.466826,-0.20270227,0.35025606,1.3954304,-0.37611064,-0.9683575,0.9396293,-0.37352294,Otomotif
-0.0010078563,0.14192322,1.0076438,-0.1420747,0.29941866,-1.3475394,-0.2472212,-0.6305905,-0.04316648,-0.8883477,-0.76100016,-0.5153997,0.03180426,-0.9262965,-0.1444423,1.055649,-0.6748144,-0.6333283,-0.33492574,0.3795795,-0.56576747,0.19876918,0.09701015,-0.30005965,0.43410394,-0.25513965,1.3857161,-0.570875,0.40495014,-0.25048274,-0.5601446,0.21551493,-0.23851873,0.36976182,-1.3107558,-0.3994143,0.3586954,0.2596142,0.92403233,0.33213976,-0.4831165,-0.16108048,0.36180368,0.09347819,-0.1753205,0.05734458,0.86109924,0.009081651,-0.4696869,-0.12913752,0.35148752,1.373412,-0.31098998,-0.91304404,0.93857664,-0.3465229,Otomotif
-0.07920633,-0.03396292,0.7012451,0.055610057,0.2231234,-0.96557117,-0.038672112,-0.6296938,-0.1369799,-0.60594136,-0.7087713,-0.26964656,-0.006566648,-0.75794446,-0.07312942,0.88314945,-0.47419983,-0.28955418,-0.19701965,0.24376492,-0.21497627,0.40426642,0.030466456,-0.21290778,0.46256432,-0.15219522,0.9704796,-0.057197224,0.24995078,-0.13249175,-0.63522166,0.14562875,-0.005848039,0.2087194,-1.2211972,-0.2501325,0.46954474,0.0018438613,0.78610396,0.104968384,-0.41542014,-0.24366143,0.3710334,0.24966556,-0.18132555,0.14294644,0.567005,0.09959559,-0.3531979,-0.037569057,0.30147794,0.9264805,-0.2395246,-0.49823266,0.6192369,-0.3694631,Otomotif
0.066983856,0.23156428,1.1830889,-0.2944913,0.3444626,-1.6261306,-0.33053622,-0.6017621,0.049386967,-1.0085256,-0.8019624,-0.67151374,0.044892404,-1.0347149,-0.15058245,1.1775202,-0.7874561,-0.8500704,-0.4529626,0.46860632,-0.77345914,0.07120151,0.13757364,-0.30076092,0.44312674,-0.329314,1.6439791,-0.8720605,0.5385153,-0.339966,-0.5128431,0.22496249,-0.3775785,0.44977593,-1.3908465,-0.48844057,0.29134732,0.4173587,0.99166006,0.4220402,-0.53031826,-0.10376684,0.34804037,0.018107427,-0.20063953,0.02447417,1.0585048,-0.051561777,-0.5616395,-0.1958662,0.38593587,1.6334491,-0.38076192,-1.1848023,1.1133363,-0.2953663,Otomotif
0.04360245,0.16508095,0.9396615,-0.202536,0.23698619,-1.296864,-0.23892035,-0.4975402,0.058831114,-0.78296095,-0.6265578,-0.53010833,0.01686913,-0.8338824,-0.124621786,0.92413,-0.63078976,-0.6469993,-0.35104612,0.3587337,-0.60772216,0.08058854,0.11271668,-0.2383193,0.35644144,-0.24543814,1.3168632,-0.6576745,0.4351624,-0.2824471,-0.4292835,0.16168799,-0.26598,0.35667354,-1.1227906,-0.3963752,0.25212458,0.33200365,0.82515556,0.31399673,-0.41686696,-0.090086006,0.2877081,0.056763675,-0.1633998,0.020666303,0.8069975,-0.056311715,-0.45543095,-0.124623,0.34263375,1.303873,-0.32109022,-0.9319659,0.879182,-0.26536277,Otomotif
0.069797985,0.17781381,0.9927853,-0.21293472,0.27884233,-1.3879436,-0.27265224,-0.5812027,-0.0024904439,-0.8464822,-0.65881294,-0.56348026,0.06489235,-0.90182734,-0.10774479,1.0560434,-0.6641115,-0.6625947,-0.37679377,0.39456388,-0.62084496,0.08356751,0.14651,-0.27964282,0.46913603,-0.30091324,1.4427614,-0.6007582,0.46981445,-0.27942005,-0.5260805,0.19112438,-0.26288652,0.41739786,-1.258071,-0.44051275,0.2744328,0.29530692,0.8789856,0.30302012,-0.47121203,-0.12904505,0.3326986,0.04439004,-0.16194324,0.049683403,0.9269612,0.0073727174,-0.47590622,-0.09834344,0.32465112,1.3541645,-0.37626588,-0.9812575,0.96975976,-0.28202444,Otomotif
0.07847627,0.25184754,1.1182059,-0.30063507,0.3025498,-1.5160848,-0.34083587,-0.5239344,0.06893471,-0.9326518,-0.7029224,-0.64809805,0.046710614,-0.93913823,-0.14176722,1.061941,-0.7314764,-0.81408554,-0.43495724,0.44083074,-0.7653488,0.011209774,0.1394661,-0.28691527,0.38774407,-0.30707243,1.552028,-0.87600493,0.5088652,-0.33827382,-0.4234194,0.2156036,-0.3775905,0.44093764,-1.2267497,-0.4694322,0.21807168,0.42907798,0.8930166,0.41349822,-0.47288844,-0.07081234,0.3046171,-0.011438748,-0.16924512,0.0025717823,0.99000365,-0.07288789,-0.5143689,-0.17908278,0.35666594,1.5339284,-0.36433798,-1.1333995,1.0411347,-0.25748882,Otomotif
-0.04727062,0.02753716,0.71661407,-0.028493311,0.20920968,-0.9701839,-0.07847635,-0.5141971,-0.057977922,-0.5914003,-0.66851133,-0.30403996,-0.018471733,-0.6904209,-0.08034135,0.81156856,-0.46440738,-0.39063343,-0.23299177,0.2508392,-0.30689836,0.29672742,0.021255963,-0.18758781,0.34633344,-0.1619694,0.96342003,-0.26115924,0.26471144,-0.17427267,-0.4808147,0.13756596,-0.09278032,0.20237234,-1.0584787,-0.2606116,0.3716559,0.11064095,0.70995796,0.15361203,-0.37347397,-0.17157695,0.30498877,0.17444639,-0.17572577,0.09965461,0.5694322,0.032851465,-0.35701764,-0.100305006,0.28888437,0.96517944,-0.2017694,-0.5759831,0.60174245,-0.29289415,Otomotif
-0.002312631,0.17349395,0.9907907,-0.1899312,0.27260044,-1.3548117,-0.17617396,-0.548897,0.05997745,-0.79678875,-0.7097026,-0.5340434,-0.029671622,-0.90302217,-0.11085479,0.9761265,-0.6355361,-0.61790663,-0.35775372,0.36446658,-0.59328693,0.13101017,0.11258276,-0.2483088,0.4041826,-0.2454077,1.3869616,-0.6507562,0.48691955,-0.26809028,-0.45629022,0.19475463,-0.20834339,0.37086508,-1.2543212,-0.39566907,0.3035374,0.2993533,0.8869647,0.2772598,-0.43281353,-0.09180442,0.32276228,0.08342289,-0.16456494,0.03039133,0.8607515,-0.08712865,-0.43449757,-0.16746356,0.3681244,1.3651987,-0.37442878,-0.9247369,0.8734481,-0.3464191,Otomotif
-0.0009855549,0.1378423,0.9002093,-0.16235377,0.25810018,-1.2279216,-0.1808481,-0.51891774,0.037318822,-0.72645366,-0.5967658,-0.5085114,-0.011065466,-0.83901745,-0.11628518,0.8791879,-0.59319615,-0.55537623,-0.31134075,0.32306147,-0.5416233,0.11397722,0.11708251,-0.25393695,0.40295196,-0.21341552,1.2551304,-0.55863166,0.44408298,-0.25376704,-0.48554155,0.16660573,-0.1798787,0.3477745,-1.1563407,-0.36485267,0.29743347,0.2674282,0.8205601,0.2446976,-0.4013412,-0.09824577,0.29832375,0.07670897,-0.15783185,0.038403083,0.76202834,-0.06550713,-0.40430203,-0.09117397,0.32118973,1.2282057,-0.34863913,-0.8469455,0.8395315,-0.3274092,Otomotif
0.0013050518,0.125792,0.8767303,-0.12008818,0.2597408,-1.2004368,-0.20624128,-0.5676662,-0.059345007,-0.76562095,-0.6803414,-0.4475615,0.027006978,-0.80872935,-0.10793325,0.94861645,-0.5764083,-0.5472085,-0.28378594,0.363281,-0.4836394,0.18053412,0.08775422,-0.26967385,0.3921794,-0.23792526,1.2518575,-0.48278657,0.35912436,-0.23512514,-0.48090217,0.19662476,-0.18423064,0.3250598,-1.1636971,-0.35142487,0.31885594,0.20606765,0.7930022,0.2460844,-0.42064762,-0.15816493,0.31630862,0.091730975,-0.16599451,0.054703973,0.7620516,0.016614858,-0.40512845,-0.09302627,0.29986623,1.1802719,-0.27498183,-0.8045716,0.80164874,-0.32169876,Otomotif
-0.05236828,0.062007654,0.89929914,-0.06824486,0.25759593,-1.2617222,-0.08884072,-0.5894117,-0.03001092,-0.7437723,-0.8646428,-0.37339038,-0.04106214,-0.88890105,-0.089729555,0.98674875,-0.5921495,-0.5006068,-0.3210861,0.3440736,-0.39279306,0.35755107,0.02362335,-0.18708698,0.41708398,-0.18221052,1.2111521,-0.3726426,0.35574445,-0.21199976,-0.5415302,0.16767715,-0.14008991,0.2676712,-1.3026781,-0.31383824,0.43078223,0.1318987,0.8682422,0.20560698,-0.44912124,-0.20501423,0.37173042,0.1927971,-0.23069482,0.10711839,0.7276652,0.010037666,-0.4515503,-0.18073298,0.36804515,1.2096839,-0.28675368,-0.7354794,0.7362542,-0.35738996,Otomotif
-0.009020071,0.1194096,0.9752038,-0.14743663,0.2774393,-1.3083837,-0.2161903,-0.5840689,-0.031113017,-0.8309243,-0.77580106,-0.5031026,0.014438751,-0.88186145,-0.13297825,1.0158966,-0.639726,-0.62331307,-0.33527914,0.36595875,-0.5574379,0.1984782,0.07695595,-0.26966867,0.38404754,-0.2557392,1.319956,-0.5868372,0.3878109,-0.2849362,-0.5057523,0.20019947,-0.23645432,0.31266728,-1.2499665,-0.3857157,0.3453208,0.27724203,0.86076134,0.29648632,-0.45838565,-0.15599684,0.33083996,0.12337734,-0.1862269,0.06657998,0.8075204,-0.011551875,-0.4705001,-0.12185748,0.3380263,1.3346318,-0.24929169,-0.8896904,0.86841506,-0.31339052,Otomotif
0.01969738,0.22153284,1.1932807,-0.2823067,0.35195494,-1.6049939,-0.30758113,-0.5818937,0.070894286,-0.99049217,-0.7634663,-0.67354697,0.0022351665,-1.0289699,-0.18573542,1.0966358,-0.7615059,-0.8122868,-0.40295887,0.43898505,-0.7699701,0.07894522,0.1343204,-0.31345788,0.40880978,-0.2892359,1.6139735,-0.88598263,0.5451719,-0.34301457,-0.47930852,0.23259826,-0.33000055,0.44441006,-1.3603312,-0.4622986,0.30699435,0.4353294,0.985382,0.40494862,-0.5077189,-0.09319366,0.3402196,0.044722885,-0.18242955,0.0036988638,0.99734175,-0.103040665,-0.52431893,-0.15860088,0.38627103,1.6045538,-0.38439685,-1.1552843,1.0967462,-0.37305108,Otomotif
-0.026916264,0.07314986,0.78493434,-0.093157984,0.22212318,-1.0828973,-0.12358714,-0.50274605,-0.03286559,-0.642038,-0.66540855,-0.36989373,-0.00682746,-0.72304773,-0.08755803,0.85410744,-0.5035986,-0.4626711,-0.26272506,0.2999989,-0.38999704,0.23394923,0.053791672,-0.19636023,0.34716442,-0.19175026,1.0754678,-0.37432185,0.31648055,-0.21574686,-0.44038534,0.15107329,-0.13470916,0.25099283,-1.0706414,-0.29917952,0.3343334,0.17074727,0.7262648,0.17507331,-0.3871578,-0.14734596,0.29392615,0.13932209,-0.16818593,0.07734383,0.64715916,0.0070248176,-0.3800914,-0.104787186,0.29006806,1.048664,-0.227982,-0.68147767,0.6703343,-0.29174808,Otomotif
-0.016461154,0.037506673,0.8166655,-0.07065148,0.25578615,-1.1212468,-0.10823742,-0.57444245,-0.040978555,-0.6682513,-0.5994661,-0.4310469,-0.00018114512,-0.8140032,-0.11783634,0.8708904,-0.5414787,-0.45288038,-0.24953179,0.2695094,-0.40394038,0.24383579,0.08201425,-0.24338607,0.44923258,-0.19154474,1.1421059,-0.3020681,0.3791308,-0.19488585,-0.58470625,0.13120618,-0.10659032,0.2965169,-1.198875,-0.3175988,0.38764906,0.15398423,0.8196292,0.1716386,-0.4254771,-0.17977358,0.34949815,0.16421624,-0.17026535,0.09167621,0.6643409,0.010924747,-0.39381325,-0.022109902,0.31227088,1.0886024,-0.32737935,-0.70544666,0.794529,-0.35772213,Otomotif
-0.0010163374,0.07548236,0.78713906,-0.079012305,0.21117328,-1.1339228,-0.07798575,-0.55049145,-0.028179606,-0.634425,-0.7369678,-0.34473142,-0.009240325,-0.7700887,-0.051595885,0.93762374,-0.50382197,-0.4408888,-0.3090918,0.31097335,-0.35488522,0.28838235,0.043247987,-0.17748095,0.41742653,-0.22356778,1.1439941,-0.27767316,0.34624133,-0.19025427,-0.49735117,0.14699237,-0.101025686,0.26307192,-1.1775723,-0.31330425,0.36347136,0.11099162,0.7700328,0.14178075,-0.4095124,-0.18549094,0.3368887,0.16929623,-0.18020263,0.11052753,0.6971332,0.043866817,-0.3987502,-0.1379724,0.3360705,1.0651746,-0.28542447,-0.67512816,0.6706125,-0.28094953,Otomotif
-0.13712448,-0.20387028,0.5894056,0.21235284,0.1528161,-0.7966496,0.09966435,-0.7829804,-0.3124586,-0.54442865,-1.1033071,-0.1032268,-0.004516927,-0.707666,-0.019287266,1.113463,-0.45952868,-0.2383278,-0.25054646,0.17919141,-0.015478204,0.6808765,-0.11586137,-0.13585538,0.46709794,-0.21736303,0.8349817,0.17356442,0.07903164,-0.11431774,-0.84612334,0.12340837,0.034565415,-0.026242575,-1.4197174,-0.22275627,0.71106076,-0.15291934,0.83892936,-0.025181774,-0.45363897,-0.37586713,0.41886866,0.4308148,-0.30420706,0.3089103,0.49278468,0.27907506,-0.4600989,-0.117268614,0.3401945,0.95239264,0.052094363,-0.30132118,0.417023,-0.20378236,Money
-0.14874075,-0.1098109,0.5464066,0.25565472,0.255854,-0.7945367,0.0780592,-0.7473597,-0.28803608,-0.55730397,-0.7766655,-0.037272952,-0.03687787,-0.8044429,-0.051946655,0.844634,-0.37029558,0.03221991,-0.032069717,0.1661936,0.10961243,0.6322198,-0.013855158,-0.20707472,0.53542006,-0.14002481,0.78297794,0.46883222,0.12998019,0.10901034,-0.75198096,0.17748733,0.21054965,0.18768194,-1.3130156,-0.1343579,0.5703111,-0.33540574,0.76729566,0.047561917,-0.43453094,-0.39377856,0.5354143,0.3424348,-0.075035885,0.19586512,0.5174572,0.22620845,-0.19945101,0.024547635,0.24755587,0.6031455,-0.29168928,-0.14960499,0.4567898,-0.5117078,Money
-0.104700804,-0.0838249,0.52557856,0.103341796,0.14531922,-0.7882171,0.09480404,-0.5461313,-0.1320605,-0.39883298,-0.7157913,-0.1227904,-0.035825036,-0.6491891,-0.012702142,0.7691689,-0.3662209,-0.15447345,-0.20189391,0.20307195,-0.03529718,0.4938079,-0.021065308,-0.09730761,0.4265409,-0.103714325,0.7307736,0.16862677,0.16796044,-0.064764835,-0.59205353,0.07105961,0.08214592,0.115018316,-1.107329,-0.1607955,0.48511776,-0.13691278,0.6661267,-0.026151313,-0.33291727,-0.2673719,0.35503447,0.27633947,-0.21328469,0.17894068,0.42123517,0.12746888,-0.32220632,-0.09762966,0.28626427,0.6888299,-0.20275557,-0.29306847,0.4115052,-0.2768755,Nasional
-0.13880481,-0.09449047,0.61863583,0.15428084,0.2325573,-0.8980373,0.07252072,-0.72391266,-0.21270399,-0.53427875,-0.78493214,-0.13886268,-0.029346094,-0.7848758,-0.052364733,0.8973055,-0.4116493,-0.11072283,-0.15711169,0.210628,-0.010961947,0.57324463,-3.831094e-06,-0.19743724,0.53538746,-0.14860387,0.8864704,0.2718027,0.19245268,-0.023841055,-0.74714494,0.12817898,0.151638,0.17656334,-1.3374351,-0.1842571,0.5792095,-0.18102089,0.8013709,0.0027400889,-0.42307645,-0.33826813,0.45661733,0.32078826,-0.17330833,0.19614387,0.51707774,0.1806193,-0.30860224,-0.021644928,0.2915786,0.76204896,-0.28012243,-0.30196643,0.53712964,-0.41931218,Money
-0.122945316,-0.1584833,0.5936754,0.20771265,0.16963394,-0.89057,0.10413678,-0.7099467,-0.23971584,-0.43390542,-0.68362355,-0.18270764,-0.014805506,-0.80986685,0.02112212,0.8939077,-0.4387978,-0.04832975,-0.1645035,0.23300718,-0.018065222,0.59784794,0.06400542,-0.14770487,0.65794384,-0.046288095,0.8438775,0.40721747,0.24469812,-0.12698457,-0.9079804,0.062215805,0.1502212,0.19927551,-1.34224,-0.23168059,0.5989982,-0.22210087,0.82427245,-0.116886154,-0.42812252,-0.3237721,0.4408769,0.3794286,-0.26123908,0.27634707,0.4642338,0.20493323,-0.39116377,0.05824551,0.28749588,0.75138843,-0.32305208,-0.2859243,0.52019244,-0.41887456,Megapolitan
-0.13657816,-0.14413202,0.5435983,0.21777701,0.15314734,-0.7877683,0.07641725,-0.67324364,-0.2556434,-0.50657564,-0.97077674,-0.052282743,-0.026478305,-0.71239173,-0.0038729673,0.93270344,-0.42209578,-0.15073524,-0.1932804,0.20204237,0.02719704,0.6536394,-0.08903202,-0.09688469,0.43766114,-0.12505263,0.731003,0.23660034,0.08010257,-0.06253841,-0.7239378,0.12683715,0.051160812,0.05720861,-1.2550845,-0.19575681,0.59009445,-0.20718475,0.74360234,0.017635697,-0.40820327,-0.34755075,0.4094185,0.37766913,-0.2614228,0.2502915,0.4463965,0.23114131,-0.38107896,-0.12537792,0.3087057,0.8059184,-0.07872318,-0.24593396,0.36820525,-0.2834511,Money
-0.14718534,-0.22302231,0.55331147,0.22829446,0.16291927,-0.7512596,0.1543484,-0.78755736,-0.3218231,-0.4901425,-1.0168991,-0.08433644,-0.024913099,-0.6850184,-0.01314704,1.06553,-0.40624046,-0.14066362,-0.18454477,0.15012342,0.039754122,0.68724316,-0.09231469,-0.12270696,0.48764637,-0.19859996,0.8079525,0.29759794,0.07212062,-0.08536222,-0.8502549,0.109957926,0.110195205,-0.021831036,-1.3988996,-0.2059135,0.7177072,-0.19332343,0.82193255,-0.0719822,-0.44979438,-0.38257146,0.43447518,0.46261624,-0.26159066,0.29457217,0.46630397,0.27437493,-0.40126035,-0.06774676,0.31445,0.8374734,0.0039137206,-0.23558836,0.39053047,-0.26996487,Money
-0.11998373,-0.09392557,0.5676845,0.1886466,0.21398619,-0.79330975,0.03141673,-0.72713184,-0.23245578,-0.5390569,-0.6874041,-0.15081069,0.004924688,-0.740992,-0.04938394,0.86390257,-0.38708135,-0.06578748,-0.11503768,0.14944437,-0.042159073,0.49354726,0.02998392,-0.24494074,0.5412242,-0.17286019,0.8286785,0.26709044,0.19595274,-0.025508514,-0.7237089,0.1697527,0.15405795,0.20083104,-1.2660725,-0.2242332,0.507879,-0.16623011,0.77810913,0.05628475,-0.41250437,-0.30862877,0.460237,0.32983288,-0.09685747,0.18397759,0.50748444,0.17920351,-0.25572422,0.060729418,0.27607393,0.7154937,-0.24174273,-0.2875753,0.5325243,-0.42536086,Otomotif
-0.10268252,-0.08293876,0.53522366,0.13218856,0.15062942,-0.87484795,0.25548276,-0.6977272,-0.123923965,-0.3222803,-0.65018535,-0.12783106,-0.11665112,-0.78518707,0.0536664,0.8425595,-0.31993392,0.019703751,-0.22204787,0.1842057,0.045621995,0.54398596,0.057497714,-0.14175595,0.6418637,-0.13889852,0.89794767,0.4222692,0.33927482,-0.033360988,-0.73281,0.07700881,0.30635276,0.19072118,-1.3615752,-0.20984511,0.54826516,-0.23917066,0.7765358,-0.1982442,-0.338387,-0.27226833,0.439139,0.3544046,-0.14005546,0.21312629,0.52957416,0.0662195,-0.20994636,-0.032659028,0.3463566,0.6427023,-0.49331358,-0.2368082,0.4190094,-0.45026305,Megapolitan
-0.12549992,-0.119205266,0.51849073,0.34252173,0.06962852,-1.0930789,0.21902813,-0.6232966,-0.2075898,-0.32756183,-0.8781763,0.037221927,-0.10536804,-1.028501,0.20654297,0.8709652,-0.48255095,0.100201346,-0.28100112,0.4059436,0.21380128,0.88412917,0.06748077,0.027855095,0.81289595,0.18045416,0.7044906,0.7869827,0.25963476,-0.0408044,-0.96232677,0.014964158,0.18090077,0.34427118,-1.4126322,-0.1866202,0.5527647,-0.5668921,0.7871192,-0.15543598,-0.45069784,-0.37410623,0.53555185,0.35995454,-0.42579737,0.36545116,0.48655558,0.23925911,-0.45371133,-0.15950973,0.40092564,0.67284185,-0.5903203,-0.1573359,0.36616802,-0.47559446,Nasional
-0.105212584,-0.09613805,0.6882735,0.10950807,0.26505628,-0.8139417,0.0073730815,-0.689243,-0.18022901,-0.62534696,-0.56251305,-0.30199215,-0.016989285,-0.7447162,-0.166017,0.7714386,-0.48199913,-0.21415575,-0.11762668,0.121902354,-0.2366039,0.39098388,0.0681835,-0.25261346,0.48381072,-0.031188074,0.7941697,-0.031242616,0.19356628,-0.07773687,-0.81656444,0.13200578,0.031815093,0.18257156,-1.2754372,-0.19112156,0.5461448,0.0034562056,0.85063255,0.16255975,-0.38883615,-0.2368934,0.41048253,0.26708212,-0.15152699,0.1345288,0.43644693,0.03825164,-0.34602273,0.11261767,0.2907222,0.8579241,-0.22719611,-0.3978468,0.68552434,-0.42819908,Money
-0.1069508,-0.08200626,0.5502021,0.16209754,0.24871428,-0.8553978,0.11303707,-0.68910074,-0.1405817,-0.4312231,-0.5988179,-0.112763576,-0.009150467,-0.80597186,-0.010472455,0.7815057,-0.33705723,0.010416387,-0.11757004,0.18653622,0.05583586,0.5257091,0.039596714,-0.19038521,0.6548129,-0.13529296,0.8389374,0.49200812,0.2829349,0.06365895,-0.7406287,0.11486409,0.2586964,0.2269499,-1.3184565,-0.12053203,0.5177174,-0.3019681,0.7565588,-0.08172152,-0.3904508,-0.32778823,0.50070053,0.30662808,-0.093928546,0.20449358,0.51877797,0.14636065,-0.21251464,0.03472417,0.27606004,0.5374892,-0.48136437,-0.22834902,0.49039444,-0.46658632,Megapolitan
-0.17034362,-0.15561974,0.59580696,0.43387008,0.12342593,-1.1663241,0.20067863,-0.7526656,-0.2933639,-0.45443332,-1.0526115,0.058247257,-0.09951034,-1.1444719,0.19129646,0.99853665,-0.55439687,0.101661354,-0.25911847,0.41152832,0.2519972,1.0260301,0.027888944,-0.009644403,0.8591016,0.18091789,0.77545935,0.86195797,0.22642711,-0.015552306,-1.0845939,0.0645601,0.18233359,0.3532003,-1.6060466,-0.1936824,0.65794206,-0.6375724,0.9099442,-0.106631264,-0.527668,-0.45463923,0.63333714,0.4367786,-0.4535646,0.40328154,0.53142685,0.29337594,-0.49443936,-0.15324947,0.42927265,0.77216643,-0.5775895,-0.14511828,0.41374373,-0.57403773,Nasional
-0.22504187,-0.16819221,0.612775,0.49870664,0.15341885,-1.1587163,0.1412813,-0.8004189,-0.3634794,-0.5700982,-1.2008145,0.14012517,-0.09708182,-1.1555443,0.15966414,1.0263197,-0.577677,0.1264156,-0.19860132,0.40879753,0.3058138,1.1088424,-0.014273719,-0.017489666,0.7843093,0.17311054,0.7502385,0.8571591,0.14189236,0.03411025,-1.028538,0.14948644,0.17079687,0.35295433,-1.6082699,-0.19546272,0.66911906,-0.671979,0.9189282,0.008904291,-0.5516815,-0.4940013,0.6725267,0.4766389,-0.4156278,0.36927316,0.5350731,0.34205663,-0.4578666,-0.18980336,0.41634864,0.77881473,-0.48524615,-0.089927234,0.3812979,-0.6311267,Nasional
-0.11191453,-0.08977692,0.55717325,0.2033809,0.18825136,-0.82942945,0.055842053,-0.73795944,-0.2442885,-0.5086935,-0.6865411,-0.12817174,-0.020436302,-0.77764285,-0.041745856,0.85220504,-0.39624065,-0.0422889,-0.12682703,0.1724613,0.009173562,0.53559804,0.028762493,-0.24240178,0.57592285,-0.16001667,0.82906693,0.34020323,0.18568242,0.018685682,-0.7708013,0.14372353,0.18725571,0.2228748,-1.3081546,-0.202495,0.51938075,-0.21804674,0.77256817,0.028092567,-0.40049377,-0.33459744,0.47965068,0.30585897,-0.13065681,0.18656603,0.5103407,0.19060217,-0.26676652,0.0449339,0.29650405,0.70020473,-0.30282843,-0.26308432,0.5304499,-0.4418973,Nasional
-0.14453584,-0.17147832,0.6079902,0.17366749,0.13159363,-0.82875144,0.16198528,-0.74731094,-0.23869096,-0.5022426,-1.0250257,-0.11452102,-0.059857357,-0.7422567,-0.016077098,1.040376,-0.44289154,-0.17714553,-0.23306596,0.19555381,-0.01562378,0.6607598,-0.08897304,-0.11331449,0.47019392,-0.15273859,0.856884,0.16611108,0.13122483,-0.13842721,-0.78876805,0.11499045,0.07779388,0.015360661,-1.3914703,-0.23868084,0.6755184,-0.1328539,0.82450926,-0.043050345,-0.41567752,-0.33214757,0.400424,0.42527902,-0.2850924,0.2578938,0.4776666,0.18457976,-0.41317022,-0.11842068,0.36031276,0.9085716,-0.05498707,-0.29419047,0.40434182,-0.29140708,Money
-0.08674111,-0.08976605,0.6417861,0.08899765,0.15998106,-0.878216,0.08038616,-0.6508358,-0.16250055,-0.5332702,-0.9030244,-0.1696116,-0.03521111,-0.7250938,-0.032720458,0.9583603,-0.4519759,-0.26463565,-0.25927404,0.22339767,-0.12085972,0.5281144,-0.05287742,-0.12740028,0.43784,-0.15014116,0.89198303,0.018546402,0.18081927,-0.14356746,-0.675857,0.11778753,-0.0017863512,0.08655341,-1.2778615,-0.23775747,0.5571451,-0.060422502,0.7780398,0.03678466,-0.39658168,-0.26819286,0.36300114,0.31332403,-0.25752312,0.20823504,0.5246412,0.12919988,-0.3971389,-0.1401803,0.34566304,0.919547,-0.12840675,-0.39460215,0.47670543,-0.25591832,Money
-0.12375992,-0.13650222,0.6361438,0.14559774,0.14825381,-0.8747899,0.13078065,-0.7079079,-0.21812613,-0.53988665,-1.0162959,-0.11915079,-0.054058146,-0.75802547,-0.03068564,1.0273182,-0.46008545,-0.21856624,-0.24580854,0.22463617,-0.047372572,0.64210695,-0.07730855,-0.10410864,0.45446646,-0.13371748,0.8750083,0.1160557,0.14295782,-0.1302852,-0.74318445,0.121670015,0.033642504,0.042779516,-1.3614081,-0.2270692,0.640941,-0.130031,0.8183927,0.0029764804,-0.4197175,-0.32242215,0.39576393,0.37897032,-0.2860122,0.24377626,0.50112724,0.17490588,-0.4203822,-0.1507837,0.36629775,0.91839874,-0.07935293,-0.32940093,0.4323878,-0.28684306,Money
-0.056018267,0.008290059,0.5538189,0.039912898,0.17390598,-0.7571795,-0.021267047,-0.49259138,-0.09002982,-0.49626723,-0.5591679,-0.18357846,-0.021592999,-0.61833304,-0.070091344,0.6694578,-0.37152982,-0.21734396,-0.15659532,0.19583702,-0.16525088,0.318179,0.018509509,-0.17636777,0.35417262,-0.10362559,0.7679955,-0.06051867,0.192433,-0.07735597,-0.4797481,0.12358378,0.0023345225,0.17957366,-0.9544673,-0.1946136,0.35304877,-0.01569436,0.61084646,0.12019521,-0.3052962,-0.18297847,0.29852143,0.16103776,-0.13120683,0.08983767,0.46322525,0.047759764,-0.252919,-0.06938155,0.25397888,0.7188841,-0.22985609,-0.37318385,0.48030514,-0.30615222,Nasional
-0.120668985,-0.11399586,0.5864888,0.15307991,0.15152448,-0.8371006,0.12401068,-0.66356695,-0.19649027,-0.5014955,-0.89033824,-0.09088538,-0.056800976,-0.73557895,-0.021592986,0.9243175,-0.4166942,-0.14859603,-0.19891936,0.21565254,-0.009393552,0.613761,-0.046099294,-0.110974245,0.47048822,-0.09637319,0.81494397,0.19974531,0.1636948,-0.08570598,-0.69589114,0.120100416,0.077705935,0.09679457,-1.2687865,-0.20314775,0.5768537,-0.16177869,0.76040554,-0.0020434128,-0.3917829,-0.30205172,0.38932568,0.34322524,-0.23644714,0.21810421,0.47779775,0.16115649,-0.35636505,-0.1198073,0.33385673,0.78985745,-0.16242619,-0.27898112,0.4214511,-0.33111945,Money
-0.09553624,-0.07987262,0.59674126,0.111430004,0.16228679,-0.85846245,0.081456244,-0.6165528,-0.15446216,-0.51702845,-0.8747853,-0.10109619,-0.03006924,-0.7267467,-0.028184365,0.8912797,-0.41928262,-0.19627586,-0.21875767,0.23231934,-0.045276925,0.5593797,-0.05461898,-0.10658161,0.4413304,-0.113991834,0.8268639,0.12854008,0.16561425,-0.0773867,-0.62993276,0.120103456,0.034095645,0.11185334,-1.2322197,-0.18964158,0.53102183,-0.14086579,0.7360514,0.03270619,-0.37706462,-0.28856513,0.37763795,0.30035216,-0.23062293,0.19674224,0.49164402,0.14139466,-0.3561667,-0.14271551,0.3303372,0.7958286,-0.17678188,-0.32455945,0.43158162,-0.290986,Money
-0.09570206,-0.057834215,0.57284904,0.095661156,0.14790092,-0.83075875,0.100888304,-0.5780851,-0.1291609,-0.47888651,-0.8203134,-0.10559777,-0.061956555,-0.6888456,-0.015472041,0.83670235,-0.38824,-0.1815858,-0.21318066,0.22413391,-0.054701015,0.5160708,-0.039261602,-0.101096,0.4148538,-0.10392817,0.8102942,0.09882747,0.19116473,-0.083715454,-0.57175577,0.11815826,0.05309016,0.11114983,-1.1542583,-0.19082119,0.4908201,-0.11359178,0.69003975,0.016696947,-0.3457379,-0.25232372,0.34701785,0.28190902,-0.20835817,0.17493823,0.47539213,0.10275964,-0.3230812,-0.15153278,0.32257953,0.7590278,-0.19467814,-0.3173151,0.4069339,-0.297304,Money
-0.08297611,-0.19770567,0.51563346,0.15991502,0.09440772,-0.6733856,0.103516854,-0.7247637,-0.26193365,-0.45043793,-0.93903667,-0.15923654,0.015442114,-0.60411894,-0.0049095703,1.0078655,-0.4111241,-0.23512238,-0.26412454,0.13674043,-0.06795152,0.52043736,-0.08773273,-0.14850907,0.45205703,-0.23287268,0.7731359,0.08689622,0.11042394,-0.16626722,-0.8073817,0.09614503,0.009117471,-0.047987312,-1.2832896,-0.2503361,0.6185824,-0.052005306,0.7533951,-0.06136708,-0.39166194,-0.29095107,0.33180344,0.3925323,-0.26487893,0.28471377,0.4485169,0.21746103,-0.42261857,-0.04686837,0.31385905,0.8983366,0.07895064,-0.31603515,0.38901705,-0.11948409,Tekno
-0.18647923,-0.25717452,0.6357405,0.41175616,0.1144835,-1.084858,0.22632301,-0.87974507,-0.3985462,-0.517615,-1.2444243,0.0049385554,-0.086629994,-1.0402755,0.1325087,1.2065415,-0.5731692,0.002267904,-0.27015778,0.33990103,0.20437407,1.042495,-0.036180705,-0.03291434,0.7887654,0.029642668,0.8607819,0.70811695,0.13841906,-0.10224007,-1.1744212,0.08167714,0.1555877,0.15917298,-1.7322435,-0.24215475,0.82125664,-0.4987989,0.99088454,-0.12828301,-0.5665846,-0.4860067,0.58982414,0.53714895,-0.46854207,0.43835366,0.5451311,0.3590615,-0.559593,-0.12839743,0.4275422,0.94216114,-0.27272102,-0.18435475,0.40895024,-0.46318287,Money
-0.10555348,-0.082509704,0.5182598,0.12775323,0.13751766,-0.6995873,0.050390556,-0.54159653,-0.1651647,-0.45939216,-0.7776995,-0.09591609,-0.048414547,-0.6014874,-0.020368537,0.75606155,-0.36784104,-0.19163598,-0.17339432,0.18079796,-0.05754611,0.49329907,-0.06358283,-0.11420836,0.340973,-0.088264875,0.6840551,0.04440046,0.11801629,-0.08986412,-0.5469977,0.1167447,0.016319437,0.06207041,-1.0193281,-0.17814814,0.47293815,-0.08687498,0.63650936,0.047790065,-0.33066738,-0.2430826,0.30935597,0.27061066,-0.21591385,0.16112715,0.39683455,0.12179542,-0.3049573,-0.12713163,0.26990142,0.73923814,-0.08264474,-0.27936158,0.35595927,-0.26635066,Tekno
-0.07178871,-0.051567078,0.6152589,0.08846937,0.2746258,-0.8769209,0.023704614,-0.6017432,-0.08876413,-0.44292152,-0.25555733,-0.311945,0.0038690509,-0.78982323,-0.071367,0.652977,-0.37202698,-0.055351336,-0.06958684,0.1911152,-0.14616434,0.32699805,0.16906887,-0.24907193,0.6889489,-0.04459866,0.87780493,0.29873428,0.39234442,-0.041726314,-0.7531427,0.075326756,0.18811418,0.33265707,-1.1900979,-0.15488926,0.4215395,-0.13040198,0.75136983,-0.05327719,-0.35417464,-0.23736757,0.42006513,0.22310008,-0.09610316,0.15497887,0.47858554,0.051614206,-0.24400565,0.18741661,0.23857957,0.5734481,-0.5639574,-0.36830366,0.70368195,-0.52070576,Megapolitan
-0.07439163,-0.0873999,0.5603778,0.13202623,0.22950265,-0.8194097,0.030219981,-0.6140921,-0.18476607,-0.5322946,-0.6828725,-0.13817984,-0.0043525137,-0.72448075,-0.070071876,0.80439544,-0.40184295,-0.18357943,-0.14563583,0.19717917,-0.04959492,0.5008741,-0.009322358,-0.17710565,0.4753162,-0.10523332,0.7898937,0.20064504,0.17777479,-0.009032627,-0.6589455,0.105289124,0.06669117,0.16192165,-1.1698883,-0.15783373,0.5069133,-0.16952115,0.73529565,0.062011614,-0.40757486,-0.31618157,0.4152217,0.2554494,-0.18124919,0.18295048,0.46447304,0.16900723,-0.29805115,-0.04624395,0.2747704,0.7119816,-0.25802073,-0.3067683,0.51830214,-0.3675092,Nasional
-0.11766357,-0.09871777,0.5734501,0.17249684,0.25437734,-0.8664207,0.07404493,-0.6891537,-0.19135824,-0.4730943,-0.5839033,-0.16457295,-0.0011180612,-0.8122932,-0.035980277,0.8050792,-0.37214422,-0.014727463,-0.07769376,0.21316212,0.024160996,0.5260314,0.058119923,-0.19301355,0.6370965,-0.108333156,0.8548574,0.45650354,0.26868483,0.012686674,-0.78217983,0.09863235,0.20228812,0.24311158,-1.2855703,-0.16372386,0.5219532,-0.26923412,0.78396606,-0.0710184,-0.41395253,-0.34959868,0.47839046,0.315155,-0.121944025,0.20969893,0.4978732,0.18783516,-0.25389385,0.07004166,0.25446358,0.58214587,-0.41632646,-0.25220037,0.5541291,-0.47655535,Megapolitan
-0.09624037,-0.052006125,0.6984917,0.106276184,0.3358621,-0.96619844,-0.03243437,-0.68489504,-0.13239183,-0.53276056,-0.22546282,-0.37570882,0.035108164,-0.89032996,-0.11103078,0.7066542,-0.41956317,-0.04930481,-0.0260417,0.21054398,-0.1768054,0.33803985,0.2086778,-0.32365334,0.76711595,-0.055670567,0.98307234,0.33963186,0.43483892,-0.05185026,-0.8645484,0.09068607,0.19672808,0.4020982,-1.2957664,-0.18905878,0.4562464,-0.13181344,0.84709936,-0.034762178,-0.4050539,-0.27721933,0.4702588,0.23823406,-0.07467773,0.16583887,0.52663106,0.08444374,-0.25725433,0.27144426,0.21764658,0.6169254,-0.6201021,-0.4160603,0.8380311,-0.61087334,Megapolitan
-0.072660364,-0.05841603,0.5391443,0.065257385,0.20014083,-0.8461788,0.07596939,-0.5414584,-0.07520161,-0.4201938,-0.574724,-0.1689532,-0.03657839,-0.7121149,-0.027809564,0.7030038,-0.3615861,-0.14350739,-0.18219261,0.20033246,-0.06726539,0.41621822,0.030264562,-0.13841261,0.4962969,-0.09139329,0.7797962,0.18042903,0.25861418,-0.036867276,-0.6045847,0.07195622,0.112501904,0.18884048,-1.1308532,-0.15080772,0.44276103,-0.1352828,0.67931616,-0.009372918,-0.34778404,-0.24894996,0.38123325,0.23356433,-0.169196,0.1501091,0.45851445,0.07459289,-0.26834935,-0.035841223,0.27436656,0.640956,-0.37416232,-0.32788098,0.4754546,-0.3532473,Megapolitan
-0.08338568,-0.08061911,0.58241814,0.0936193,0.22810873,-0.90869164,0.09331571,-0.6286026,-0.11041421,-0.46361047,-0.5797266,-0.19125114,-0.033933923,-0.8041752,-0.05068579,0.76231825,-0.3908691,-0.11369132,-0.15765636,0.21080175,-0.051029276,0.47076878,0.051818527,-0.17564534,0.58574265,-0.09299388,0.8633805,0.27955619,0.29494205,-0.015590775,-0.70427674,0.07907045,0.16200721,0.23067364,-1.2670108,-0.16318712,0.49971464,-0.18551196,0.7641469,-0.034930628,-0.38328713,-0.2950276,0.44126812,0.27093804,-0.1645195,0.16776761,0.49152112,0.09359354,-0.27385393,0.011841637,0.2983136,0.6601344,-0.44355547,-0.33373398,0.558578,-0.43588877,Megapolitan
-0.119438455,-0.07715672,0.5363538,0.17225766,0.25943747,-0.7083041,0.022913916,-0.6812787,-0.21371183,-0.51967466,-0.39521766,-0.2288659,-0.036932856,-0.74727446,-0.11434877,0.630705,-0.34371305,0.014868732,0.018953258,0.09888799,-0.059312053,0.37890965,0.10715602,-0.30601034,0.53772247,-0.10217711,0.7496842,0.26912063,0.22172019,0.029609816,-0.7592657,0.15374732,0.20417897,0.24427474,-1.1804274,-0.15291992,0.46023697,-0.15547113,0.71389467,0.059487265,-0.3394193,-0.27491707,0.43935502,0.24340189,-0.04525404,0.11879963,0.44015124,0.07535644,-0.16060896,0.21029238,0.21400106,0.5799346,-0.38196582,-0.24926977,0.5992946,-0.5496128,Nasional
-0.06649099,-0.014797449,0.5189972,0.07904172,0.18831882,-0.77117175,0.021924132,-0.4912321,-0.059440542,-0.39998168,-0.4474948,-0.17488076,-0.013518812,-0.6641712,-0.021114029,0.6096594,-0.33951503,-0.113072254,-0.15406354,0.17418398,-0.10519913,0.3279976,0.035873596,-0.16737431,0.4854933,-0.080136925,0.7366492,0.16049062,0.25084728,-0.018870888,-0.5369232,0.0826299,0.097093575,0.22521497,-1.0295874,-0.1478115,0.35221636,-0.11956693,0.6296264,0.02672697,-0.29159105,-0.20868663,0.36516407,0.20133854,-0.12989587,0.10786891,0.43278727,0.036364153,-0.2316375,0.00300685,0.26239973,0.58676183,-0.3912589,-0.33203182,0.47439748,-0.35611475,Nasional
-0.069647975,-0.0005576826,0.60640013,0.09345859,0.228608,-0.9045311,0.0034367724,-0.574629,-0.07244542,-0.49357513,-0.5294774,-0.20198373,-0.014290239,-0.77817345,-0.028583711,0.70363015,-0.40422973,-0.14857301,-0.18601802,0.1957747,-0.13234875,0.3721794,0.03262843,-0.21319488,0.5512358,-0.0958969,0.8570491,0.15193185,0.28193963,-0.009896822,-0.61344737,0.11130333,0.09366756,0.27495518,-1.1941805,-0.18206482,0.3989395,-0.12956864,0.7312738,0.076763116,-0.34437832,-0.24564703,0.43268117,0.22044037,-0.15008524,0.107724294,0.51504123,0.03927898,-0.26387358,0.001281773,0.3015886,0.70278186,-0.46349937,-0.39983517,0.55696285,-0.42350352,Nasional
-0.09243311,-0.02896531,0.5758514,0.11127859,0.2196653,-0.862902,0.035074193,-0.6136914,-0.11985045,-0.4753772,-0.56452066,-0.18623234,-0.029197788,-0.7642583,-0.021205818,0.71916413,-0.3666647,-0.09013715,-0.14258471,0.18806739,-0.06519652,0.42747626,0.043627523,-0.21501893,0.5641203,-0.11036023,0.8434627,0.24292922,0.28511453,-0.02317611,-0.65270644,0.11928079,0.1601528,0.24156441,-1.194871,-0.18423732,0.44548827,-0.15926886,0.7155575,0.0056390795,-0.36200926,-0.26508814,0.40988445,0.2555101,-0.122483656,0.14945433,0.5065007,0.08722347,-0.2321303,0.020498067,0.26064742,0.6435157,-0.4191304,-0.3313454,0.5243552,-0.443827,Megapolitan
-0.114184104,0.0015842967,0.65865874,0.11219578,0.2643177,-0.96468544,0.07703304,-0.65636677,-0.0860065,-0.50372624,-0.75300974,-0.1481859,-0.07594186,-0.8148502,0.002276983,0.8432087,-0.38151616,-0.15506244,-0.21358444,0.23327242,-0.07146407,0.48592514,0.00012726753,-0.20304573,0.53682035,-0.16733842,0.9419063,0.17559455,0.2953052,0.008355444,-0.5857462,0.16618133,0.14321575,0.20662571,-1.2907073,-0.16116619,0.459052,-0.16966797,0.75098056,0.03253158,-0.3770105,-0.25180003,0.46693626,0.26477012,-0.14450292,0.15355042,0.60068834,0.06206963,-0.24190147,-0.1445343,0.34047946,0.765304,-0.42553094,-0.3868286,0.49319747,-0.40941688,Money
-0.10724546,-0.02042294,0.65532947,0.095911786,0.25570357,-0.96294487,0.0794226,-0.63085014,-0.06919664,-0.487894,-0.7091063,-0.16810016,-0.067749746,-0.80292445,-0.0046071284,0.8268117,-0.38233787,-0.16196486,-0.21378788,0.23413266,-0.08443717,0.4746732,0.01119253,-0.18364038,0.5486453,-0.14232843,0.92845,0.17243895,0.3044753,-0.015454133,-0.5953734,0.1398608,0.13220175,0.20792246,-1.2768356,-0.15852682,0.46772787,-0.14960237,0.75362647,0.014065926,-0.3714951,-0.24571213,0.45014143,0.26386234,-0.16462564,0.1558051,0.5731555,0.05499147,-0.26603788,-0.12364907,0.33826864,0.7566481,-0.42779982,-0.39307714,0.5096963,-0.40401658,Money
-0.11404541,-0.089888535,0.562625,0.1682078,0.25541216,-0.8000886,0.061358772,-0.6537594,-0.18408586,-0.47452003,-0.5095355,-0.17460999,-0.006442732,-0.7559434,-0.058012307,0.74045503,-0.35551327,-0.012565386,-0.05168309,0.17816491,-0.0028622632,0.4707316,0.06736551,-0.21393095,0.5894581,-0.09445507,0.8094967,0.38887614,0.25338593,0.02038946,-0.73580915,0.10867511,0.19165121,0.23110278,-1.2064146,-0.14669554,0.49372962,-0.2243635,0.74903965,-0.03716997,-0.3858436,-0.3104781,0.4509141,0.28885195,-0.08792935,0.17863743,0.47212273,0.14831135,-0.22151195,0.09529726,0.22957604,0.5622049,-0.39167428,-0.24447449,0.5408145,-0.4859409,Megapolitan
-0.07745201,-0.096381016,0.58824164,0.13294648,0.27742013,-0.9331651,0.073819205,-0.6805704,-0.13954403,-0.47706243,-0.39557907,-0.221512,-0.009074533,-0.8637489,-0.07436649,0.71537685,-0.38723403,-0.011542381,-0.08404401,0.20672467,-0.018090112,0.46878976,0.12958059,-0.24100137,0.7213222,-0.07563735,0.8866868,0.463454,0.35603273,0.025370723,-0.8124646,0.06802995,0.2515138,0.31803167,-1.3127167,-0.14921094,0.5139255,-0.25318477,0.80306304,-0.08270021,-0.3955061,-0.32434195,0.48984036,0.26505786,-0.11658726,0.17442414,0.4957612,0.11488204,-0.22123335,0.15144323,0.25396174,0.5515089,-0.5987755,-0.29700172,0.65625083,-0.5569676,Megapolitan
-0.2142944,-0.7796953,0.63880295,0.41207942,-0.063469075,-0.5977989,0.49245498,-1.5237676,-0.8182907,-0.41407257,-1.6002431,-0.32725105,-0.0498707,-0.6954453,0.06096552,1.9567857,-0.61768824,-0.21554744,-0.35009435,-0.09192668,0.009322351,1.0167094,-0.15289815,-0.22191569,0.827379,-0.46284774,1.1386367,0.3782316,-0.10944561,-0.576855,-1.9510204,-0.015043233,0.21459371,-0.5444727,-2.401599,-0.5442143,1.5092417,0.03922438,1.4292078,-0.50399435,-0.65376407,-0.5820003,0.4438654,1.0566489,-0.6670155,0.62454516,0.39795086,0.52290714,-0.90370053,0.23679581,0.48549703,1.6231645,0.69008213,-0.2884275,0.50858474,-0.083963044,Money
-0.25135192,-1.1273273,0.7532723,0.48139638,-0.16006064,-0.6150749,0.5788709,-1.8859209,-1.0873878,-0.40878925,-1.8957204,-0.5534855,-0.020887163,-0.70022804,0.09591574,2.4455395,-0.82285786,-0.3939612,-0.47266048,-0.18834457,-0.1178812,1.1922338,-0.20371087,-0.27668384,1.0421616,-0.54871017,1.3525214,0.27131417,-0.22487912,-0.9476678,-2.6530974,-0.1474954,0.15642183,-0.85049707,-2.9449437,-0.7645506,2.0065794,0.28610972,1.8166367,-0.70456415,-0.7958213,-0.711063,0.4039908,1.3719896,-1.0415252,0.7941144,0.3011117,0.66010344,-1.3065609,0.4136267,0.53719807,2.1984932,1.1068394,-0.45365924,0.6691984,0.0446097,Money
-0.101487674,-0.30024067,0.54990685,0.2127852,0.119442485,-0.7170265,0.103823274,-0.9205801,-0.43754247,-0.5258898,-1.1478938,-0.17464529,0.049558535,-0.66175777,-0.010816224,1.2824675,-0.48469707,-0.27083787,-0.27588087,0.10712453,-0.06279521,0.6405161,-0.100961894,-0.17650679,0.5368415,-0.3452926,0.8852902,0.17268795,0.020272505,-0.22389005,-1.0535818,0.114509374,0.01923119,-0.15024126,-1.5431991,-0.31090674,0.80447006,-0.059160654,0.90800494,-0.06876055,-0.49220857,-0.42469308,0.3803304,0.5238582,-0.34264812,0.35960567,0.4806583,0.36291108,-0.55673105,0.0039510764,0.32817566,1.0834048,0.24822475,-0.3464353,0.4824489,-0.09819434,Money
-0.09306918,-0.31543243,0.5423756,0.20072296,0.09783581,-0.70279896,0.12629895,-0.9285718,-0.45030743,-0.49873385,-1.1619309,-0.18634829,0.05016637,-0.6357764,0.0035912127,1.3205544,-0.48792577,-0.28366256,-0.30051675,0.099184915,-0.06775491,0.6427107,-0.1047808,-0.16159162,0.5390036,-0.35715234,0.8946022,0.16616945,0.008940069,-0.25541735,-1.0839663,0.0970116,0.0142215425,-0.18044291,-1.5601972,-0.32937026,0.83079845,-0.038243618,0.9162733,-0.098749556,-0.49357674,-0.42531893,0.3629046,0.5429208,-0.37051013,0.37397298,0.47046238,0.37474096,-0.5873646,0.004756435,0.3348282,1.1120977,0.28457138,-0.35344183,0.47179872,-0.06262797,Money
-0.09628919,-0.2976485,0.5744072,0.18952996,0.11716526,-0.7424599,0.09612388,-0.9232934,-0.444646,-0.52037406,-1.1068424,-0.2037934,0.049378037,-0.661747,-0.00320829,1.3040334,-0.49744204,-0.2767173,-0.26723835,0.11511661,-0.08853109,0.6257253,-0.08284955,-0.18046153,0.5631588,-0.34129226,0.94778895,0.17002307,0.022897804,-0.2560376,-1.086357,0.09838216,0.016305115,-0.13712083,-1.5578303,-0.33220854,0.8124931,-0.033675805,0.932601,-0.08504669,-0.49209934,-0.43280143,0.37341577,0.5234171,-0.36274877,0.33905968,0.48220253,0.35779116,-0.5804088,0.015552523,0.31906065,1.1115155,0.22354957,-0.371226,0.5244262,-0.11265674,Money
-0.07581335,-0.36582762,0.5443341,0.22497717,0.07929347,-0.70785594,0.14114963,-1.0208615,-0.51807964,-0.5144855,-1.2276877,-0.20577341,0.06839735,-0.64849347,0.01450913,1.4434602,-0.5143576,-0.29457837,-0.31701604,0.09236238,-0.06082444,0.6754906,-0.10247597,-0.18706737,0.6018813,-0.4055932,0.9597559,0.20323463,-0.0028972966,-0.28780454,-1.2131802,0.092232026,0.02285997,-0.21295603,-1.6741337,-0.37320465,0.9016166,-0.0355742,0.97700316,-0.13838778,-0.53106886,-0.4682929,0.37648183,0.5887349,-0.4078624,0.41008145,0.49577475,0.43548742,-0.63690215,0.049207497,0.3443274,1.1788342,0.33394134,-0.36637223,0.5021619,-0.038056493,Money
-0.16955258,-0.57166654,0.6731192,0.26204282,0.041993245,-0.7491863,0.28921014,-1.2229043,-0.5856687,-0.464875,-1.1712925,-0.38397735,-0.038162228,-0.72367275,-0.011144264,1.5598525,-0.6029723,-0.27468726,-0.28779763,-0.0018822731,-0.119391665,0.7685814,-0.053419262,-0.23768127,0.7708849,-0.30755147,1.0888889,0.1879079,0.016591739,-0.47395614,-1.6161706,0.00047018917,0.13390988,-0.29818463,-2.0300102,-0.45401844,1.2080832,0.11382477,1.2505388,-0.29546794,-0.5579293,-0.47891322,0.3745418,0.77703583,-0.5773594,0.43198672,0.37949687,0.34319142,-0.77378553,0.22568396,0.40394825,1.4180558,0.34012023,-0.41382062,0.64903426,-0.21773998,Money
-0.1678789,-0.55408674,0.68292654,0.25388348,0.03340034,-0.7727935,0.2987833,-1.2135017,-0.57158345,-0.46570295,-1.2429014,-0.3656467,-0.041466754,-0.72808194,0.0051500616,1.5889655,-0.6037816,-0.29903072,-0.32403058,0.018762967,-0.11706153,0.7901779,-0.076952875,-0.21528812,0.74945265,-0.32196513,1.104983,0.16889174,0.019471705,-0.47799516,-1.5819044,0.0035826159,0.12019532,-0.30760938,-2.0350804,-0.45758256,1.2076429,0.103434436,1.247538,-0.3003821,-0.5626319,-0.47849348,0.3788669,0.7806149,-0.5884551,0.4397425,0.40163863,0.3460133,-0.78140104,0.1677413,0.42193952,1.446254,0.35295963,-0.422053,0.6147113,-0.18972117,Money
-0.21684691,-0.6910075,0.62392056,0.3790113,-0.022019368,-0.6197252,0.45319197,-1.4190055,-0.7517947,-0.4231117,-1.5037259,-0.27974984,-0.055836342,-0.6935927,0.040399354,1.8325881,-0.5721763,-0.18586075,-0.3033583,-0.063951164,0.026208045,0.97066045,-0.13520658,-0.2032372,0.7704802,-0.42797354,1.1039921,0.39026058,-0.091054335,-0.49105927,-1.7704114,0.01543464,0.22307111,-0.46671563,-2.2518363,-0.49186,1.397513,-0.0014982417,1.3348558,-0.4439371,-0.6142109,-0.56530213,0.44349322,0.97684747,-0.59123933,0.5580349,0.40384284,0.4846087,-0.81612337,0.19267866,0.45981598,1.4811189,0.58025295,-0.267856,0.49496907,-0.13809699,Money
-0.16416115,-0.54434425,0.6930504,0.25517276,0.027237007,-0.79245543,0.28246155,-1.2171423,-0.59051234,-0.48886648,-1.2789017,-0.3619986,-0.030719476,-0.7300652,0.011432881,1.6261914,-0.62287456,-0.31805125,-0.34009555,0.036030762,-0.12636858,0.7991646,-0.086775824,-0.21480475,0.74352854,-0.33151892,1.133566,0.15226094,0.0076195216,-0.4855442,-1.5885454,0.0063421046,0.098331615,-0.3044695,-2.0348654,-0.4870335,1.2099199,0.105450206,1.2550882,-0.29180917,-0.57045054,-0.4953431,0.3765949,0.775108,-0.6058538,0.44467136,0.41898203,0.3671131,-0.80300534,0.15242727,0.42281142,1.4775015,0.3785539,-0.4391922,0.61053485,-0.17362589,Money
-0.2154505,-0.6733097,0.62168175,0.37106198,-0.020108687,-0.61925197,0.44544008,-1.3988274,-0.73654085,-0.4214505,-1.4766775,-0.27850097,-0.056914333,-0.690975,0.036320787,1.8052089,-0.56439,-0.18358895,-0.29857376,-0.059232164,0.021045828,0.9520182,-0.12846118,-0.20577015,0.75962615,-0.42205647,1.0980054,0.3794916,-0.08269185,-0.48192698,-1.7367057,0.019505102,0.22277899,-0.4514952,-2.2179234,-0.48734313,1.3709006,-0.00043726643,1.3158394,-0.4345697,-0.60439765,-0.55528116,0.43811288,0.96020573,-0.57540476,0.5461384,0.40465495,0.47261456,-0.79909396,0.18922423,0.4557775,1.4595066,0.56164306,-0.27039215,0.49299496,-0.14491558,Money
-0.19114679,-0.6927824,0.66091996,0.31403556,-0.024966944,-0.69234085,0.36866924,-1.3276669,-0.69325626,-0.42699936,-1.4061749,-0.37508282,-0.038590908,-0.6807421,0.038220294,1.762589,-0.63417244,-0.3195238,-0.35811543,-0.043207288,-0.09644106,0.8885315,-0.124912046,-0.20444965,0.775563,-0.36157522,1.0999943,0.19168949,-0.063909985,-0.5832022,-1.7878085,-0.039502036,0.111313485,-0.46461344,-2.1731997,-0.5140388,1.3786273,0.1325359,1.3366758,-0.39873728,-0.6046522,-0.53121805,0.3662734,0.9111976,-0.6992263,0.5272885,0.34669545,0.42743948,-0.9026175,0.19999401,0.43745735,1.583246,0.569332,-0.39716625,0.5720884,-0.099097386,Money
-0.17149353,-0.5780217,0.6210702,0.29070142,0.003998061,-0.67081344,0.3257891,-1.2067233,-0.60175043,-0.42845377,-1.2481999,-0.32823774,-0.045890264,-0.672448,0.023672441,1.5552799,-0.5691975,-0.24887565,-0.30339205,-0.013284814,-0.070959985,0.80193937,-0.094036736,-0.21021247,0.71194434,-0.3206041,1.0218017,0.21006799,-0.02276607,-0.47468466,-1.5747318,-0.0053915107,0.13412532,-0.34295094,-1.9864287,-0.44261977,1.2047236,0.07400849,1.2074738,-0.32577768,-0.5540431,-0.4660457,0.3699695,0.7914263,-0.5751611,0.45767447,0.3636147,0.36039972,-0.75671345,0.18516082,0.4022148,1.3977326,0.41625276,-0.35466754,0.5384299,-0.16487288,Money
-0.18196212,-0.64907765,0.62190795,0.355495,-0.025133885,-0.6254427,0.4170529,-1.3824908,-0.7187513,-0.4365255,-1.4763689,-0.29181144,-0.03436729,-0.6869652,0.045591,1.7994143,-0.575325,-0.21679208,-0.33412185,-0.04342411,-0.004353412,0.9192764,-0.13220349,-0.2125308,0.7588154,-0.44106147,1.1013458,0.33498526,-0.062107995,-0.4835728,-1.7258947,0.01872818,0.18331726,-0.43376884,-2.1998928,-0.49468943,1.3335127,0.009622996,1.2991292,-0.41387567,-0.60875976,-0.5343583,0.43363076,0.9230802,-0.5721052,0.5558364,0.43805477,0.4758238,-0.80266124,0.17851916,0.45438215,1.480205,0.55637234,-0.29732323,0.49832895,-0.098072544,Money
-0.22299498,-0.7055994,0.6233689,0.38653004,-0.029310325,-0.6108351,0.46428028,-1.4344096,-0.76317644,-0.41823238,-1.5177981,-0.28187507,-0.058922764,-0.6912366,0.04242749,1.8488,-0.5734082,-0.18349236,-0.303804,-0.07051962,0.029066144,0.98175734,-0.13842933,-0.20418821,0.77490836,-0.4308759,1.1058505,0.39469725,-0.096996546,-0.5018327,-1.791757,0.0118727,0.22902164,-0.48110643,-2.2692368,-0.4984776,1.4166244,0.0020430498,1.3461938,-0.4574856,-0.61667866,-0.5699906,0.44311917,0.9933956,-0.5999377,0.56557643,0.3971202,0.48908204,-0.82447445,0.1981077,0.46322438,1.4933685,0.59854645,-0.2639901,0.49123102,-0.13600917,Money
-0.20108415,-0.6871014,0.6196562,0.37441397,-0.028322779,-0.6132656,0.44102216,-1.4265047,-0.75433123,-0.4260851,-1.4897721,-0.29573226,-0.041762043,-0.68981814,0.04173086,1.840031,-0.5771296,-0.19802609,-0.31651297,-0.06312634,0.009975409,0.94579977,-0.12857783,-0.21761633,0.78064543,-0.443692,1.1122203,0.37364057,-0.082714766,-0.4979016,-1.785939,0.014912687,0.2115077,-0.46193755,-2.2524252,-0.50490725,1.3859491,0.012121722,1.3335663,-0.44098744,-0.61707455,-0.55960596,0.43749598,0.96671325,-0.58771724,0.56343144,0.41648299,0.49022096,-0.81964487,0.20768775,0.4583425,1.4935298,0.5842452,-0.2834955,0.5071684,-0.118120044,Money
-0.25128707,-1.0895789,0.7780702,0.474278,-0.13161005,-0.6464503,0.5533167,-1.8656715,-1.0598291,-0.44282258,-1.823901,-0.56907976,-0.025834467,-0.7337772,0.075661495,2.3774595,-0.8275312,-0.38277188,-0.45080388,-0.176522,-0.13460098,1.1664292,-0.18020552,-0.30107936,1.0459919,-0.51943564,1.356342,0.2579009,-0.18515751,-0.9209189,-2.6182685,-0.13531645,0.16421492,-0.7894776,-2.9240324,-0.7466711,1.9680324,0.27449614,1.8147477,-0.665443,-0.7970587,-0.6893284,0.41995844,1.331489,-1.0047019,0.770435,0.31689364,0.6270715,-1.2664665,0.42911473,0.5322411,2.1675935,1.0253904,-0.46713415,0.70552284,-0.020707127,Money
-0.24572259,-1.1229867,0.75296736,0.4672794,-0.15932785,-0.6182091,0.5699403,-1.8755943,-1.0847229,-0.4100279,-1.8899006,-0.5585644,-0.0141823655,-0.69212574,0.092633456,2.450269,-0.823719,-0.41009504,-0.4779735,-0.18759763,-0.12898593,1.1788973,-0.20125572,-0.27243027,1.0349369,-0.5536639,1.3555208,0.25477052,-0.22803071,-0.950118,-2.64265,-0.14784871,0.14475036,-0.85216427,-2.9308221,-0.76779157,2.0003207,0.29740453,1.8098962,-0.6978426,-0.79469955,-0.71157753,0.3955212,1.3661201,-1.0426117,0.7900298,0.3003632,0.66211826,-1.314118,0.4093306,0.5344908,2.1990967,1.1145695,-0.46529278,0.67732996,0.05802414,Money
-0.24832794,-1.0690833,0.7766422,0.46501014,-0.12810846,-0.65292674,0.5491112,-1.8313057,-1.037432,-0.44158152,-1.8149161,-0.5592212,-0.027606798,-0.7286388,0.075668275,2.3503656,-0.8207493,-0.38678053,-0.45350498,-0.16628481,-0.13702966,1.1567972,-0.18143617,-0.29020742,1.025141,-0.50867087,1.343817,0.24346639,-0.17857787,-0.9092724,-2.5688846,-0.13430177,0.15429413,-0.7786204,-2.881998,-0.73481363,1.9392176,0.2665683,1.7921128,-0.6533477,-0.79002887,-0.6777091,0.41722852,1.3125333,-0.993407,0.7616459,0.31769577,0.6161611,-1.2539216,0.4070654,0.5316054,2.146044,1.0104101,-0.46815944,0.6926236,-0.017740801,Money
-0.23055613,-1.0347528,0.78253454,0.46558717,-0.11064418,-0.680781,0.51789016,-1.8372335,-1.0373529,-0.47960255,-1.8306459,-0.5441367,-0.005567229,-0.7550228,0.0750443,2.3651514,-0.82441586,-0.38726476,-0.45534956,-0.14206098,-0.13144726,1.1490959,-0.18230763,-0.3033219,1.038146,-0.53564507,1.368095,0.26425833,-0.16753604,-0.8686349,-2.5483198,-0.11159548,0.14399101,-0.7419403,-2.8836598,-0.73480237,1.903602,0.23575844,1.7837828,-0.62096447,-0.80009025,-0.6911646,0.44199598,1.2867049,-0.9600647,0.75891507,0.37029147,0.63791347,-1.233193,0.39625558,0.52705026,2.1304862,0.9805823,-0.47365373,0.7047754,-0.014701037,Money
-0.13821498,-0.13368785,0.67895144,0.20378274,0.3155478,-0.9627351,0.12904197,-0.79695976,-0.16386707,-0.57575285,-0.6255054,-0.1560325,-0.01745605,-0.92721415,-0.13804507,0.8534033,-0.425532,-0.020772219,-0.055905662,0.18259385,-0.0021987506,0.5806432,0.038232666,-0.2438276,0.6845281,-0.12163877,0.9397332,0.44098136,0.26411504,0.10475933,-0.8309204,0.13891722,0.259501,0.2624362,-1.5272809,-0.10929479,0.61706823,-0.284431,0.90794,-0.0004499602,-0.43000892,-0.37130103,0.58613575,0.35083988,-0.09725612,0.17142534,0.5550741,0.1077807,-0.22316955,0.102791145,0.3417162,0.69078803,-0.5186981,-0.28310198,0.61876214,-0.6078439,Megapolitan
-0.14363582,-0.30446407,0.60028154,0.35633883,0.28544638,-0.91584337,0.260022,-0.93782765,-0.36198914,-0.589067,-0.990833,-0.0007160186,-0.0049766786,-0.9676002,-0.074207224,1.1253704,-0.45562866,0.040182013,-0.065971464,0.17415945,0.22913337,0.9052192,-0.057340775,-0.16982321,0.76399356,-0.11721149,0.8659202,0.7846943,0.14677235,0.16399406,-1.0482862,0.11465066,0.27889103,0.12074499,-1.7564496,-0.06631656,0.85709673,-0.5290699,1.0215633,-0.080918804,-0.56526965,-0.54498744,0.70732063,0.5165631,-0.1973883,0.34008443,0.5419737,0.33096984,-0.32153347,0.0652582,0.37455228,0.6552342,-0.32829863,-0.09522703,0.5051349,-0.56708544,Megapolitan
-0.15485886,-0.20244475,0.60818005,0.28685513,0.2047289,-0.9315604,0.2754241,-0.87394357,-0.25052288,-0.48143333,-0.94026583,-0.055088412,-0.08306796,-0.9453261,0.007163973,1.0235176,-0.4149989,0.049297106,-0.14437878,0.20331894,0.16893928,0.81350255,-0.023997683,-0.15351726,0.74039656,-0.111476354,0.91159713,0.6488873,0.24886672,0.06603759,-0.9641233,0.10999289,0.3131677,0.16199008,-1.6645234,-0.14520393,0.760676,-0.4188628,0.9433798,-0.15899199,-0.4668128,-0.42170674,0.5932967,0.46940148,-0.21046463,0.3001666,0.55526894,0.20876065,-0.30452245,-0.016016288,0.3851807,0.7156357,-0.41567242,-0.16088264,0.4583244,-0.531668,Megapolitan
-0.1377074,-0.22355448,0.5776155,0.2846081,0.17645249,-0.8754415,0.235928,-0.8306214,-0.27229163,-0.48353073,-0.927195,-0.058620777,-0.061979078,-0.8791481,0.0030032925,0.9932782,-0.4231874,0.012190536,-0.14707552,0.20370685,0.14502771,0.78634834,-0.040238917,-0.14238013,0.6842175,-0.09326961,0.84375226,0.5767502,0.1942513,0.014790687,-0.9584759,0.085052714,0.24581005,0.12644763,-1.5768658,-0.1518151,0.74041015,-0.36982363,0.9068096,-0.13012908,-0.4576029,-0.41057733,0.54912233,0.45751333,-0.25040436,0.30227962,0.4971505,0.22244638,-0.34047848,-0.0051931394,0.36266404,0.7330441,-0.3158757,-0.17017654,0.4485517,-0.4705324,Megapolitan
-0.09391142,-0.14926285,0.6356186,0.16911487,0.28729403,-0.92883795,0.09412956,-0.7193858,-0.14768878,-0.5547083,-0.5940608,-0.15504338,0.012662038,-0.8655717,-0.14230478,0.80323404,-0.42672685,-0.081920795,-0.074829675,0.18585216,-0.027607083,0.5424541,0.022478487,-0.21022898,0.6364494,-0.103527896,0.85941744,0.38058543,0.22857043,0.08082219,-0.791255,0.101747714,0.18905038,0.23588793,-1.4236658,-0.09042553,0.58693725,-0.24997273,0.8495566,0.023723409,-0.4170277,-0.35136485,0.5385878,0.31054276,-0.13491079,0.17394768,0.51451707,0.11128258,-0.2555245,0.09717194,0.31819785,0.6670066,-0.4637355,-0.3000469,0.60957813,-0.5202095,Megapolitan
-0.1670159,-0.26109585,0.56615466,0.35837892,0.23872975,-0.83513296,0.27544257,-0.9431152,-0.3622511,-0.51867926,-0.9286698,-0.02694832,-0.05280295,-0.9367042,-0.026543353,1.0386947,-0.3984011,0.13348027,-0.045956604,0.15573084,0.2398582,0.85439533,-0.024988513,-0.20651624,0.747928,-0.119392715,0.8564604,0.7811322,0.17010635,0.1177819,-1.0521358,0.12121904,0.3363101,0.13125345,-1.6840706,-0.11769041,0.8064939,-0.4957447,0.9629726,-0.14132188,-0.5110881,-0.48454297,0.65509236,0.50757194,-0.14778256,0.32056668,0.53543335,0.2774106,-0.25928724,0.087909654,0.33867344,0.62723327,-0.34429714,-0.06203296,0.46606466,-0.5830837,Money
-0.10511049,-0.1134789,0.5603924,0.2088641,0.23850827,-0.79067343,0.05359039,-0.7225868,-0.24089518,-0.5563809,-0.7193972,-0.10912538,-0.026184317,-0.752374,-0.07020865,0.8377691,-0.3915311,-0.099062614,-0.10128598,0.16075456,0.012536622,0.55758125,-0.010574362,-0.23057535,0.51494455,-0.1264146,0.8006299,0.29995498,0.15515722,0.035107564,-0.7423842,0.1452354,0.14527307,0.16771717,-1.2781706,-0.15791838,0.5662977,-0.2165144,0.7794343,0.06286948,-0.42254037,-0.33864394,0.4731563,0.3068749,-0.15703878,0.18805341,0.4784218,0.17758812,-0.26914692,0.008476361,0.29585907,0.71294415,-0.27135268,-0.25658798,0.52425957,-0.44107527,Money
-0.12133058,-0.059432738,0.4860674,0.30211574,0.23027368,-0.642207,-0.13137336,-0.7930301,-0.36214942,-0.62172604,-0.45438513,-0.12257232,0.032032523,-0.72449356,-0.104075834,0.70831925,-0.3716035,0.09983802,0.058372855,0.07211694,0.0019529163,0.39641333,0.07518548,-0.4322391,0.55969876,-0.19524074,0.72248846,0.33331826,0.129126,0.09636295,-0.7558077,0.27089018,0.21605389,0.32423517,-1.1461129,-0.24160296,0.36654752,-0.18947685,0.72017515,0.24514055,-0.3809818,-0.30492663,0.50827354,0.25045252,0.056056574,0.11387368,0.48681983,0.2284782,-0.12637764,0.24778944,0.20574504,0.5795969,-0.25141838,-0.19728221,0.6050876,-0.55515194,Nasional
-0.107491836,-0.06361855,0.59719586,0.18131305,0.26378983,-0.8558544,0.052399777,-0.7325035,-0.19640824,-0.49554932,-0.4839822,-0.19875361,0.0017333785,-0.8352109,-0.04286296,0.7825872,-0.36342472,0.035011195,-0.05351819,0.18168986,-0.01709835,0.47790462,0.11427682,-0.26900104,0.696467,-0.120921716,0.8876591,0.4652818,0.31972846,0.030916125,-0.82116985,0.14008632,0.25398877,0.30199224,-1.3104928,-0.17352651,0.48838338,-0.25888214,0.7892143,-0.047303814,-0.40120873,-0.30816695,0.49727148,0.2875429,-0.04968665,0.1945054,0.55333954,0.14817087,-0.20762461,0.1400696,0.23646669,0.5756452,-0.48479283,-0.26158664,0.61257946,-0.5392849,Megapolitan
-0.08278138,-0.07249083,0.57174927,0.11994091,0.2203387,-0.8375636,0.08349361,-0.6972213,-0.13226418,-0.44658914,-0.5527614,-0.20763823,-0.017413622,-0.7800327,-0.018549128,0.78365105,-0.3560542,-0.059582993,-0.15258195,0.16100948,-0.04327139,0.4397124,0.07889032,-0.24103856,0.63931185,-0.14890887,0.8646145,0.32298222,0.31896853,-0.016639508,-0.7765187,0.11197606,0.22382507,0.21598439,-1.2946134,-0.18015693,0.5045681,-0.18052436,0.7626856,-0.06934318,-0.38059583,-0.26275888,0.43255004,0.2725323,-0.1031565,0.20301604,0.53127307,0.10495623,-0.24575733,0.06577794,0.26297426,0.6374362,-0.4205192,-0.3097827,0.5485808,-0.42338184,Megapolitan
-0.17090882,-0.25344023,0.5747121,0.20427923,0.20825854,-0.924489,0.21413764,-0.76926976,-0.22783117,-0.4876823,-0.9284928,-0.10097119,-0.04201674,-0.82511616,0.021512246,1.0395628,-0.38922545,-0.08011934,-0.18803367,0.19278592,0.07843012,0.75006896,-0.0003514258,-0.068739675,0.68301266,-0.10258489,0.8400487,0.50126815,0.25779867,-0.047128532,-0.8638744,0.089328796,0.21403535,0.12755336,-1.5197554,-0.16362144,0.7473047,-0.29127422,0.8466608,-0.1382793,-0.49286443,-0.3894004,0.4942584,0.4731831,-0.2688946,0.3008376,0.49435997,0.23537636,-0.3899695,-0.0076047126,0.33770016,0.6868854,-0.25426775,-0.2281802,0.48184982,-0.41727036,Money
-0.103233255,-0.17208079,0.5765095,0.17231467,0.20381789,-0.84188366,0.09599363,-0.7383899,-0.25373158,-0.5026719,-0.78286844,-0.17233847,0.009674592,-0.75041085,-0.013941367,0.98439175,-0.41024742,-0.124101095,-0.17727463,0.18357569,-0.018026048,0.5853578,0.017909253,-0.15859053,0.6086474,-0.17141984,0.8644134,0.34274924,0.23415715,-0.08800024,-0.83514214,0.09640969,0.13564071,0.12651359,-1.3700289,-0.19890268,0.6349262,-0.20566863,0.8201586,-0.07953821,-0.44695267,-0.3518965,0.4374609,0.38730016,-0.21557023,0.27690983,0.49121872,0.24898006,-0.38044822,0.030899309,0.29537287,0.746799,-0.19642897,-0.29528308,0.5337173,-0.34629628,Otomotif
-0.10526712,-0.0931434,0.54969764,0.1194865,0.15720233,-0.76694983,0.07888196,-0.60900545,-0.15952678,-0.45470905,-0.70174164,-0.15849143,-0.048079558,-0.6711628,-0.0238014,0.7889413,-0.3703421,-0.13795055,-0.16619612,0.1749038,-0.062107172,0.46752414,-0.004852296,-0.14803553,0.45505792,-0.1225604,0.7801049,0.14023593,0.19309549,-0.08517419,-0.65054667,0.10612084,0.09152839,0.12646256,-1.1575733,-0.19702582,0.4993274,-0.09872046,0.7008606,-0.0035208873,-0.35024625,-0.25270203,0.3516066,0.29089838,-0.18156694,0.16753453,0.446214,0.107043445,-0.29900464,-0.031694565,0.2879893,0.73507875,-0.20456088,-0.3055594,0.44308215,-0.3348272,Megapolitan
-0.07350621,-0.13202862,0.5060275,0.120069295,0.1435703,-0.74188393,0.14739193,-0.6654285,-0.19139512,-0.37927258,-0.7336551,-0.14653231,-0.025802746,-0.6694951,0.022147803,0.8909131,-0.34393886,-0.10665247,-0.21952932,0.16268876,-0.004203528,0.50696266,0.0075086043,-0.13116324,0.5504794,-0.17117208,0.7884988,0.29882526,0.23691402,-0.08085661,-0.75562555,0.08475729,0.15466186,0.07954542,-1.2577698,-0.17487423,0.56177986,-0.17289302,0.723712,-0.13048588,-0.37022105,-0.28325397,0.3737281,0.3412464,-0.19427639,0.27398103,0.4576536,0.17326562,-0.33511126,-0.019326283,0.29587048,0.676174,-0.1913652,-0.25621784,0.4274269,-0.25457722,Money
-0.14680468,-0.13424106,0.6184724,0.21699132,0.24113043,-0.92235494,0.110493526,-0.7262585,-0.22027497,-0.5389625,-0.87598187,-0.087896265,-0.03402857,-0.83563215,-0.019315341,0.9201663,-0.42190567,-0.080851294,-0.12973924,0.2390432,0.04778257,0.67272896,-0.038782746,-0.13650452,0.57064736,-0.11553361,0.8607846,0.38807932,0.20152615,0.009221478,-0.75243694,0.13131051,0.15545665,0.17259875,-1.3812901,-0.15626794,0.60445786,-0.2890638,0.8160879,-0.023970712,-0.4386075,-0.37911844,0.50784856,0.3881139,-0.1997231,0.22812574,0.51399857,0.2025862,-0.31531742,-0.05468894,0.314475,0.71917355,-0.2980414,-0.25900927,0.4779994,-0.44765332,Money
-0.12277365,-0.19564362,0.5678627,0.18136212,0.17216462,-0.8387127,0.15314199,-0.729996,-0.2801399,-0.50495595,-1.0434319,-0.10939613,-0.024634656,-0.7210337,-0.009970919,1.0831258,-0.4326026,-0.1992915,-0.2455179,0.18651348,0.0241414,0.6869506,-0.07550285,-0.08381362,0.4840633,-0.19471957,0.80266076,0.26335093,0.12262777,-0.09947208,-0.8078071,0.1066114,0.06933965,-0.009923507,-1.3876053,-0.19467185,0.7004181,-0.20301439,0.8186492,-0.05013931,-0.4606778,-0.3796458,0.423293,0.44180676,-0.28651628,0.32143334,0.47072542,0.29173368,-0.44879723,-0.09959526,0.3261818,0.8367663,-0.013395139,-0.28412342,0.41347423,-0.23768508,Otomotif
-0.112872146,-0.19599578,0.5773442,0.18702316,0.17643887,-0.8617671,0.13655141,-0.7452635,-0.28535977,-0.50195557,-0.97768515,-0.14313214,-0.004623973,-0.72866094,-0.017216116,1.0888157,-0.44082114,-0.20608002,-0.24439833,0.19825277,1.235818e-05,0.65992916,-0.04172421,-0.11076627,0.5214719,-0.1955117,0.82935286,0.26944226,0.13742054,-0.12320481,-0.84192044,0.09873479,0.07516221,0.015357138,-1.3958367,-0.21073438,0.68681747,-0.17916678,0.8386668,-0.059046157,-0.4630261,-0.38061184,0.41771182,0.44396576,-0.29077086,0.3239113,0.46807206,0.2971555,-0.46101916,-0.055460338,0.3333303,0.848254,-0.04763051,-0.3181269,0.46122542,-0.2561148,Money
-0.14386083,-0.15742673,0.597908,0.24548465,0.24547786,-1.0071592,0.22494291,-0.8381548,-0.22065656,-0.50483644,-0.773416,-0.078767896,-0.081189744,-0.96154827,0.011699774,0.9560497,-0.37823525,0.090235434,-0.116208285,0.22061846,0.1534125,0.74271387,0.065677166,-0.18026946,0.76467055,-0.12160473,0.95744747,0.6709216,0.32215762,0.0682691,-0.85611284,0.11975235,0.35680607,0.27440184,-1.5754703,-0.16914631,0.6681184,-0.4206331,0.9029552,-0.13349395,-0.47521332,-0.41272646,0.59720486,0.42152494,-0.13043414,0.24348205,0.58742046,0.18112175,-0.21477325,0.043374624,0.352472,0.61086905,-0.5614578,-0.19194216,0.52364105,-0.6331195,Megapolitan
-0.14383906,-0.1558773,0.59068877,0.24309544,0.23878929,-0.99085844,0.2213123,-0.82530004,-0.21770863,-0.5028061,-0.7742402,-0.07458733,-0.08027151,-0.94480324,0.011253287,0.9477812,-0.37551278,0.081397094,-0.11667165,0.21729611,0.14620389,0.73422474,0.0600837,-0.17564143,0.74790734,-0.11709782,0.94227016,0.650055,0.31349388,0.063118234,-0.8403401,0.12038922,0.34544253,0.2659998,-1.5511637,-0.16947335,0.66185117,-0.4097634,0.8900005,-0.12700933,-0.47110847,-0.40705153,0.58592385,0.41757345,-0.13415793,0.23934379,0.57683504,0.17949201,-0.21711408,0.036456518,0.35031208,0.6115574,-0.54083776,-0.18955599,0.51352644,-0.6212923,Megapolitan
-0.10190241,-0.17871457,0.5078899,0.14084367,0.12144381,-0.6584096,0.10501202,-0.6667186,-0.24931858,-0.41174528,-0.7433308,-0.18833902,-0.015758388,-0.57563925,-0.0322842,0.89402264,-0.3673105,-0.17038102,-0.18016426,0.11302624,-0.07120937,0.47687426,-0.01983756,-0.15270537,0.42769623,-0.18489875,0.74468476,0.12569508,0.13061726,-0.16263516,-0.7480569,0.08304926,0.07591216,0.008900523,-1.178753,-0.23019686,0.58427495,-0.04861557,0.7192313,-0.072481014,-0.3733514,-0.26544124,0.31895235,0.37320828,-0.21884851,0.24194477,0.3926431,0.18682061,-0.37118268,0.029531596,0.26590058,0.78466874,-0.0015274241,-0.29291236,0.41797027,-0.23274618,Otomotif
-0.2493038,-0.123157896,0.65023774,0.36586154,0.3219364,-0.8476743,0.08663461,-0.94021845,-0.38054895,-0.666916,-0.7834331,-0.12832105,-0.07852258,-0.9726948,-0.0965465,0.8777286,-0.4053006,0.13955931,0.06565162,0.12331266,0.0952362,0.7150317,0.030682199,-0.34977344,0.6436974,-0.15116297,0.9044698,0.552243,0.18279228,0.090909995,-0.9664301,0.24586718,0.3261321,0.23888013,-1.5499331,-0.1744651,0.6780793,-0.37998933,0.9004594,0.020327121,-0.4641668,-0.45797968,0.6221527,0.4407048,-0.058229838,0.19339477,0.5375967,0.1948726,-0.17028162,0.17119355,0.2605401,0.70864797,-0.39112222,-0.15410097,0.59371054,-0.7425571,Nasional
-0.17819586,-0.34131208,0.5575362,0.28485098,0.15971848,-0.84230614,0.2491958,-0.8774041,-0.33575526,-0.4713859,-1.0540333,-0.110669,-0.027216308,-0.8066498,0.045275636,1.1523719,-0.424412,-0.062437322,-0.20503008,0.15952244,0.11109796,0.8254998,-0.042486206,-0.09125604,0.6982293,-0.15416515,0.83468837,0.5520952,0.19257621,-0.10946968,-1.0409192,0.065438405,0.21020544,0.03747539,-1.6345878,-0.20778129,0.8540603,-0.3101569,0.9222826,-0.20309587,-0.52961624,-0.43248713,0.5137112,0.5668848,-0.32509485,0.38129848,0.4646408,0.3143471,-0.4584479,0.03723326,0.34520546,0.79475117,-0.095821045,-0.20062909,0.44597226,-0.35682878,Otomotif
-0.09189316,-0.16899419,0.6070416,0.13238986,0.1585638,-0.88488704,0.12654574,-0.71122,-0.22245014,-0.49781492,-0.99972564,-0.15703271,-0.026166586,-0.7160466,0.0038539208,1.0818999,-0.4431028,-0.2592056,-0.29210946,0.20362994,-0.05183272,0.61835957,-0.055117514,-0.09554918,0.4897783,-0.19916812,0.87782097,0.15827338,0.17326972,-0.15052234,-0.7716914,0.09467712,0.037844203,0.019613154,-1.3740032,-0.22670612,0.6572702,-0.12694389,0.8233226,-0.045366682,-0.4519636,-0.32905245,0.40016812,0.39881796,-0.2946921,0.28888625,0.5110809,0.22599407,-0.45707214,-0.12545754,0.34570912,0.9098646,-0.062269844,-0.36644176,0.45368856,-0.21874204,Otomotif
-0.21977712,-0.15153095,0.61327267,0.4084371,0.29543066,-0.8676292,0.046830013,-0.96090364,-0.4286039,-0.7166153,-0.9420751,-0.011021314,-0.020532899,-0.96636444,-0.06446549,1.0054507,-0.43919006,0.13678217,0.034677733,0.16557135,0.16758674,0.7747265,-0.01067307,-0.3034341,0.66162235,-0.16892755,0.8692616,0.62803143,0.10858664,0.16424051,-0.9268187,0.2796878,0.2775737,0.25614762,-1.5666674,-0.18797863,0.64145094,-0.4447355,0.9159768,0.12722906,-0.517592,-0.4867733,0.68737584,0.44815686,-0.044494275,0.22691788,0.5973726,0.30311418,-0.20348956,0.092871875,0.29003698,0.6877016,-0.2928491,-0.1104902,0.53880614,-0.6614259,Nasional
-0.2133947,-0.15863656,0.6982175,0.30359393,0.36192146,-1.0479568,0.2783241,-0.6874947,0.13375983,-0.39377996,-0.65609527,-0.02779983,-0.038857296,-1.0464749,-0.03615489,0.6944072,-0.4751245,0.034432556,-0.21135011,0.103348486,0.07958149,0.6510474,-0.10666739,-0.16065519,0.73023456,0.061303243,0.81765455,0.5731408,0.29799822,0.27886862,-0.79168266,0.07748822,0.23975974,0.28734973,-1.7809739,0.06667698,0.65946835,-0.47289953,1.0057118,-0.008914442,-0.32796976,-0.3954805,0.8462135,0.45777842,-0.2523048,0.11404236,0.38786438,-0.14800851,-0.2913832,-0.002532072,0.5422799,0.64413136,-0.82998055,-0.29208863,0.4712267,-0.6422537,Nasional
-0.1180156,-0.03761631,0.5864518,0.16403042,0.22783972,-0.8533806,0.15414995,-0.79851377,-0.19805363,-0.45054403,-0.7124646,-0.13703303,-0.041024595,-0.8296012,0.017716922,0.9189333,-0.3271115,0.039801266,-0.1371311,0.18517342,0.035686262,0.5210021,0.06343852,-0.22770798,0.6662152,-0.24273093,0.9868045,0.4705871,0.3079455,0.05186926,-0.7703194,0.17643632,0.31744942,0.22605106,-1.4391867,-0.17312239,0.5364564,-0.29772088,0.7977659,-0.1289901,-0.39002112,-0.3203946,0.51572025,0.34537053,-0.043367494,0.22468346,0.62749416,0.15286502,-0.19357851,0.016870076,0.30660117,0.64274555,-0.44430372,-0.23894186,0.50157136,-0.45522434,Nasional
-0.109363504,-0.101869516,0.5848727,0.1471297,0.19741203,-0.8136736,0.08038738,-0.6735778,-0.19118299,-0.49086934,-0.7163915,-0.16813086,-0.040501982,-0.73503655,-0.036592435,0.844115,-0.39514142,-0.11590384,-0.1454184,0.17183624,-0.05086762,0.5006309,0.002770055,-0.18528165,0.5147469,-0.1423218,0.8309521,0.20204335,0.2128889,-0.04385542,-0.7132058,0.1246055,0.11986824,0.15239483,-1.2556256,-0.19334881,0.527029,-0.1458751,0.7636876,0.010178804,-0.39396885,-0.28414613,0.41602007,0.3143634,-0.15703616,0.19453877,0.49691874,0.13926454,-0.29650962,-0.003837637,0.2830888,0.7495435,-0.2397297,-0.30678332,0.49292898,-0.3884085,Megapolitan
-0.19331405,-0.102268845,0.7533166,0.23006698,0.32941982,-1.1555915,0.33704466,-0.70914024,0.17642266,-0.35521913,-0.71308094,-0.09571275,-0.0944798,-1.0852714,0.028449891,0.78017235,-0.47126552,-0.0023338594,-0.30611333,0.16232383,0.01330294,0.6274383,-0.076336004,-0.15112129,0.80778563,0.023502361,0.9818602,0.49436072,0.42429966,0.19099653,-0.79042995,0.072496645,0.27043566,0.29533142,-1.8461982,0.011336503,0.6366879,-0.4085205,1.0327301,-0.09678776,-0.32624757,-0.34744588,0.7940026,0.4422883,-0.27191988,0.14262562,0.49290887,-0.19119564,-0.31493583,-0.09164864,0.6047168,0.75116783,-0.89275706,-0.37602308,0.49659324,-0.6107986,Nasional
-0.13845955,-0.05572546,0.7557711,0.1289949,0.3070973,-1.1754869,0.22450745,-0.64547855,0.11547612,-0.42482042,-0.76285744,-0.13785113,-0.081775546,-1.0067407,0.03340454,0.83890665,-0.4693483,-0.13097379,-0.3351815,0.23077495,-0.0608405,0.57357883,-0.044193197,-0.12227106,0.72088355,-0.042028252,1.0046059,0.32651833,0.41401199,0.07784938,-0.6958501,0.08559567,0.17351697,0.26742315,-1.6411799,-0.06405793,0.56757975,-0.29686484,0.9275502,-0.048748754,-0.36137158,-0.30511242,0.65407306,0.35802785,-0.2661249,0.16442461,0.5644885,-0.091805354,-0.3367087,-0.15743715,0.5130111,0.79350495,-0.7380494,-0.44014466,0.5176304,-0.48779377,Nasional
-0.18527606,-0.09441,0.7343305,0.21522921,0.32225367,-1.1190703,0.28380492,-0.6748931,0.13684662,-0.38661554,-0.7343057,-0.08294926,-0.07920218,-1.0341936,0.01716101,0.77727616,-0.45702222,-0.027551113,-0.27696696,0.1764061,0.014759357,0.623158,-0.07563699,-0.1310903,0.74321294,0.00078961573,0.94261754,0.4598464,0.38088134,0.17448291,-0.7380801,0.08230052,0.23701145,0.2774196,-1.7310258,-0.0019256254,0.610742,-0.39547345,0.96442324,-0.067811936,-0.33231434,-0.34062752,0.74761057,0.4169748,-0.25213528,0.14037383,0.4975916,-0.136095,-0.30800343,-0.10798345,0.5484462,0.7279601,-0.8037247,-0.36219364,0.48076618,-0.56701976,Nasional
-0.14134414,-0.06272677,0.62030166,0.18925016,0.22845604,-0.96060467,0.18491895,-0.7705241,-0.14296865,-0.4428197,-0.6570209,-0.1589133,-0.077496976,-0.91022253,0.008948133,0.87219566,-0.38331395,0.033205833,-0.15206656,0.23131521,0.018267404,0.55700237,0.08734661,-0.21613309,0.71001047,-0.12848051,0.98985094,0.46078688,0.35760707,-0.0075574717,-0.8156919,0.11588742,0.3005281,0.271767,-1.4608865,-0.1991622,0.5397139,-0.27228916,0.84580684,-0.12071642,-0.39264762,-0.31727552,0.51193804,0.3525111,-0.13044591,0.2232117,0.5746037,0.11329749,-0.24203321,0.024566347,0.36060035,0.6939717,-0.54596096,-0.28449407,0.53770524,-0.54425323,Megapolitan
-0.13931756,-0.054905944,0.63418967,0.18698944,0.2518671,-1.0113447,0.17781663,-0.7468383,-0.121403344,-0.44300744,-0.6496764,-0.15052304,-0.071504526,-0.927942,0.021247562,0.85920346,-0.38309845,0.033535924,-0.1507486,0.25480786,0.03050942,0.5746336,0.08163128,-0.202366,0.7322446,-0.11162384,1.0009117,0.49502447,0.37954926,0.011637051,-0.7973335,0.10637858,0.296513,0.3005197,-1.4654323,-0.1778489,0.534687,-0.29665917,0.8487769,-0.12258985,-0.40055436,-0.33069974,0.53163046,0.3450319,-0.14311785,0.21890318,0.5829675,0.11815961,-0.24227917,0.009281061,0.35147303,0.6678927,-0.60386455,-0.2964806,0.5520707,-0.5624543,Megapolitan
-0.16379455,-0.22558607,0.547596,0.31184795,0.20435452,-0.8226607,0.11704359,-0.79848915,-0.348457,-0.53849775,-1.0100075,-0.024516232,-0.0063880873,-0.80657005,-0.02144397,1.0094007,-0.44109735,-0.04600534,-0.1316148,0.1810811,0.14089075,0.7883164,-0.076047525,-0.12715653,0.5578964,-0.13069434,0.73787105,0.50131136,0.06589224,0.009497341,-0.9034549,0.13636681,0.14559717,0.07991363,-1.448212,-0.15873587,0.7027738,-0.35580832,0.8297626,-0.025304355,-0.48478577,-0.4438492,0.5228884,0.4566271,-0.25573134,0.31356224,0.45667288,0.32536617,-0.3854075,-0.02026879,0.3059496,0.74521357,-0.12888047,-0.16892326,0.4212951,-0.37475923,Money
-0.15356506,-0.21282342,0.58066547,0.24660526,0.17777884,-0.7544703,0.17369512,-0.82414764,-0.29307637,-0.4897312,-0.89775497,-0.14263147,-0.048158992,-0.7618135,-0.03308248,0.99060327,-0.40687782,-0.06501603,-0.14660822,0.14149463,0.035945136,0.64636487,-0.042772472,-0.20453471,0.56719184,-0.17602576,0.82362986,0.33317962,0.16431034,-0.06287647,-0.9029803,0.12364726,0.17131189,0.04571629,-1.4528651,-0.19250034,0.69835126,-0.20719923,0.8499213,-0.09234201,-0.42484817,-0.3446192,0.45823523,0.45654732,-0.20400088,0.27626717,0.469805,0.20178677,-0.34952703,0.034470823,0.3198644,0.80183494,-0.11390327,-0.23889822,0.45379627,-0.36580685,Money
-0.11821497,-0.1650127,0.49187613,0.17727007,0.14311251,-0.6912701,0.13643049,-0.6440463,-0.23265283,-0.4056946,-0.8254003,-0.086660996,-0.038750987,-0.6252373,-0.0039217137,0.8697924,-0.35355234,-0.10612675,-0.16625482,0.15251544,0.03130608,0.57450247,-0.060072288,-0.106201194,0.4442808,-0.14109202,0.6995263,0.2609941,0.11247841,-0.06739696,-0.7007603,0.092217535,0.107585154,0.015009799,-1.1948286,-0.15409867,0.5802648,-0.17972822,0.69808,-0.06863311,-0.3706076,-0.3039989,0.37551156,0.3724263,-0.21698421,0.24248262,0.40569463,0.19255786,-0.32965901,-0.058600247,0.2739152,0.6947813,-0.08294195,-0.21121012,0.340955,-0.2697698,Money
-0.21489465,-0.16773234,0.56609917,0.2890634,0.18932506,-0.64078575,0.2008666,-0.92048085,-0.3548797,-0.48019585,-0.84571725,-0.14064403,-0.085006155,-0.7288845,-0.04809713,0.97206765,-0.34590873,0.05322774,-0.0416354,0.08119243,0.057933126,0.6075068,-0.02490403,-0.2858012,0.5336104,-0.24921384,0.8602459,0.3626022,0.14621814,-0.0049193394,-0.8900311,0.19704778,0.30103102,0.062181327,-1.4594649,-0.21560057,0.6933641,-0.19978999,0.8462229,-0.10885343,-0.403053,-0.34087,0.46891677,0.47615767,-0.07694182,0.2301687,0.49579152,0.19761795,-0.2184268,0.106711216,0.2855879,0.7819353,-0.115530536,-0.162211,0.41011578,-0.47791293,Nasional
-0.18591128,-0.2651685,0.5427294,0.38788435,0.16421886,-0.6814834,0.1278213,-1.0326017,-0.47154996,-0.56599456,-1.0446769,-0.09204129,-0.0017622679,-0.7907569,-0.013741462,1.1480429,-0.43541852,0.021922486,-0.11883511,0.09067792,0.08603292,0.7191334,-0.07426921,-0.30840728,0.64420164,-0.2905241,0.84796363,0.4447298,0.091111556,-0.043105848,-1.0656058,0.20682019,0.23616295,0.03277132,-1.6236706,-0.2738858,0.74626213,-0.26303902,0.9388641,-0.049840033,-0.48986804,-0.42339957,0.5487291,0.54174435,-0.16582179,0.3403618,0.5187834,0.33063492,-0.33685353,0.110656865,0.33419195,0.8803999,0.017614124,-0.16970906,0.44454035,-0.38341993,Nasional
-0.20631605,-0.13031495,0.59390527,0.3228778,0.28226787,-0.77150214,0.06389124,-0.9361128,-0.3824057,-0.6216745,-0.8487086,-0.08997015,-0.02632439,-0.86503327,-0.07773641,0.9442506,-0.3872912,0.09625904,0.03298623,0.112793565,0.11315254,0.65865505,-0.0101291565,-0.322249,0.5825435,-0.23889041,0.86712265,0.5120877,0.1132477,0.110941626,-0.9075316,0.24575995,0.2978077,0.19166884,-1.497896,-0.19397691,0.63366365,-0.3338608,0.86223537,0.04605331,-0.45737565,-0.42794523,0.6001565,0.4268281,-0.017967077,0.21038896,0.56227976,0.26613086,-0.20054339,0.13661435,0.25004637,0.68923867,-0.23221543,-0.15626244,0.53905565,-0.55951196,Nasional
-0.16760723,-0.101958096,0.56057876,0.32562912,0.2840918,-0.79931295,0.022188338,-0.86104333,-0.3509746,-0.6198187,-0.74575716,-0.058696512,-0.017061634,-0.8687072,-0.065185204,0.856287,-0.38524485,0.11152655,0.024583604,0.1485123,0.1236083,0.6321223,0.014071072,-0.3107996,0.6068888,-0.18078427,0.8207213,0.53283024,0.14636801,0.14094055,-0.81265306,0.24555475,0.2752206,0.26169086,-1.3900698,-0.17569081,0.54361403,-0.35833558,0.81537205,0.09863014,-0.4469614,-0.4111519,0.59508425,0.36408272,-0.0132410405,0.18345928,0.5513999,0.25814402,-0.15915596,0.12191414,0.24832861,0.6005212,-0.33687308,-0.15102376,0.53322935,-0.59793025,Nasional
-0.167926,-0.116853684,0.5797117,0.29881597,0.22078954,-0.8816154,0.19398847,-0.8316116,-0.27591178,-0.52502996,-0.7685355,-0.04407063,-0.09134546,-0.92269474,-0.017189883,0.9068343,-0.37692127,0.13009787,-0.044715125,0.19696753,0.14222167,0.6910852,0.041456018,-0.21529342,0.6764372,-0.1038632,0.9061033,0.61120164,0.22616453,0.10167808,-0.83912903,0.15952872,0.32377774,0.24845129,-1.4801532,-0.1542338,0.6080774,-0.4197164,0.85624796,-0.059343357,-0.4390872,-0.40063295,0.58872813,0.38496926,-0.075610496,0.22198407,0.57087576,0.18578704,-0.18027587,0.0378371,0.33936366,0.62636364,-0.45994663,-0.13283846,0.46815157,-0.63306665,Nasional
-0.13188522,-0.2636302,0.523512,0.25545758,0.13071953,-0.7175672,0.23984264,-0.84466773,-0.29663825,-0.39759597,-0.8618882,-0.13653809,-0.04114515,-0.7191196,0.017302493,1.0149697,-0.38695896,-0.036468044,-0.18294345,0.11376401,0.06556845,0.65255034,-0.03491581,-0.1777862,0.62710875,-0.18673687,0.8287444,0.41850019,0.18164717,-0.098677196,-0.9664873,0.06842085,0.22546008,0.015607403,-1.5059532,-0.20438792,0.740659,-0.22409193,0.8715684,-0.20163436,-0.4279767,-0.345339,0.4566616,0.4792929,-0.23974837,0.32343528,0.44974822,0.20651242,-0.35095695,0.058153126,0.343559,0.789696,-0.1426556,-0.19420767,0.40397704,-0.34470677,Nasional
-0.11603387,-0.08164222,0.57189626,0.14642923,0.2021502,-0.92231864,0.16863179,-0.65846807,-0.12524477,-0.40890327,-0.7211189,-0.11966435,-0.06408795,-0.77238256,0.004813137,0.8363924,-0.35218918,-0.066165164,-0.17119008,0.2481998,0.040763333,0.56544936,0.017680803,-0.13939963,0.57032126,-0.121515945,0.87154007,0.35839248,0.2689191,-0.021808477,-0.6777179,0.09624234,0.20603973,0.17740782,-1.2944274,-0.15835448,0.5387508,-0.22785416,0.76099336,-0.112475656,-0.3740464,-0.31429884,0.42942658,0.344117,-0.1906954,0.20255326,0.48384598,0.13200799,-0.27003324,-0.046524066,0.33026904,0.65337235,-0.40384522,-0.29198748,0.45169613,-0.4364241,Megapolitan
-0.07877214,-0.019122735,0.5893103,0.1074931,0.1880178,-1.0121989,0.29808745,-0.66125643,-0.016723879,-0.27788314,-0.738985,-0.08776341,-0.12770458,-0.8562152,0.13345191,0.8914819,-0.3114245,0.0137931965,-0.29825842,0.2405382,0.0678084,0.58357924,0.04285907,-0.0820174,0.731561,-0.14675418,0.96592444,0.5237077,0.418335,0.04635212,-0.68372715,0.07829831,0.3267741,0.23093283,-1.4573823,-0.12972815,0.5080501,-0.3494478,0.76441485,-0.24169677,-0.36049083,-0.26233163,0.5132903,0.3282416,-0.15524764,0.2396677,0.6361042,0.058209,-0.24583025,-0.17494069,0.4045414,0.6158457,-0.6365884,-0.27882284,0.39576957,-0.38681602,Nasional
-0.08751844,-0.033173997,0.5645425,0.08072713,0.19639741,-0.88250226,0.07098895,-0.53305995,-0.06907878,-0.44608185,-0.66221404,-0.13777769,-0.044146553,-0.7213779,-0.01704242,0.7336925,-0.3613702,-0.15088505,-0.18584374,0.23525903,-0.05359323,0.45507473,0.004572178,-0.11103408,0.4756044,-0.104510516,0.8182884,0.16354185,0.25080836,-0.034261677,-0.5365256,0.09508263,0.10906171,0.19575644,-1.1289258,-0.16323538,0.43895426,-0.15338203,0.68495333,-0.0030724304,-0.34378365,-0.25550175,0.37952226,0.24328576,-0.17331631,0.15064912,0.48570505,0.0923824,-0.2665243,-0.104884185,0.30465892,0.6702175,-0.3595055,-0.33324063,0.44930777,-0.35717574,Megapolitan
-0.074738026,-0.059531074,0.5139693,0.11034789,0.19091636,-0.74058217,0.05079395,-0.5542544,-0.123357356,-0.4251646,-0.48337597,-0.18523109,-0.027673457,-0.6633404,-0.046710126,0.6536173,-0.33398086,-0.09443408,-0.11020137,0.16908488,-0.07803586,0.36943308,0.060213443,-0.1827809,0.47305623,-0.09913808,0.7404742,0.17229164,0.23399097,-0.035837583,-0.5963879,0.10206207,0.12060775,0.19746545,-1.05592,-0.15601404,0.40414137,-0.114603646,0.652038,0.00746943,-0.31676897,-0.23382057,0.3532172,0.2252632,-0.1275056,0.13652988,0.42271855,0.08400365,-0.22575614,0.041420057,0.24369022,0.6084809,-0.32945707,-0.2994501,0.49089658,-0.38662308,Money
-0.2169374,-0.36352006,0.59255284,0.45736894,0.2764724,-0.75621873,0.3039203,-1.0895685,-0.51917243,-0.5875844,-1.0566561,-0.014993721,-0.025049483,-0.94368124,-0.061120562,1.2250073,-0.4271449,0.18569863,0.033080004,0.07849057,0.27825442,0.95970964,-0.06000985,-0.25971246,0.78696394,-0.16182943,0.85470563,0.86003435,0.07173671,0.14503048,-1.2535572,0.15433282,0.33393252,0.034323703,-1.8510709,-0.089054525,0.95998937,-0.5492485,1.0811017,-0.11711564,-0.61037356,-0.55899435,0.7446174,0.6034593,-0.11300485,0.41049534,0.5726957,0.4090166,-0.2896077,0.16904896,0.32442704,0.6835772,-0.14610441,0.024941301,0.4528368,-0.60662526,Nasional
-0.20172417,-0.2963313,0.6048428,0.43300095,0.32203147,-0.8607602,0.23164634,-0.9932629,-0.4703529,-0.6695838,-1.0986305,0.07691922,-0.012314932,-0.97262555,-0.07561452,1.1772385,-0.4397684,0.14206195,0.03534046,0.16045475,0.29742575,0.9810305,-0.08328064,-0.20417625,0.72830176,-0.12880121,0.8575731,0.84989667,0.0514447,0.22224891,-1.0593667,0.18047388,0.28275716,0.09167599,-1.7441384,-0.04709773,0.87026274,-0.61290526,1.0184014,-0.0056938697,-0.6145126,-0.58999234,0.76985896,0.53403974,-0.09560004,0.3448185,0.6021622,0.399312,-0.24381657,0.051613506,0.3133044,0.61717856,-0.22427803,0.02453092,0.433579,-0.6369606,Nasional
-0.21252482,-0.40725577,0.61566335,0.483676,0.2966841,-0.82941455,0.310993,-1.0904981,-0.53231424,-0.6509194,-1.2179266,0.053961016,-0.0073946402,-0.97747535,-0.06421336,1.3172398,-0.4743333,0.12348272,-0.0015207723,0.120241925,0.31726795,1.0706806,-0.118713796,-0.20226555,0.783207,-0.14084946,0.8580719,0.8935202,0.037312854,0.16312948,-1.2454227,0.14468803,0.28352836,-0.0056953356,-1.9190873,-0.05449351,1.018876,-0.6161311,1.1301523,-0.0920481,-0.65408295,-0.62338406,0.7893228,0.6395886,-0.182944,0.43729782,0.5687511,0.45239425,-0.3442251,0.088393934,0.36066508,0.71552277,-0.1065604,0.029920429,0.42795345,-0.58995336,Money
-0.22160922,-0.33034047,0.6572524,0.4819393,0.3548322,-0.8808781,0.23519887,-1.133625,-0.5771538,-0.74196595,-1.1877632,0.028617285,0.0066518304,-1.031462,-0.077762954,1.3372452,-0.47763357,0.16022846,0.065766685,0.15292893,0.30576435,1.0510429,-0.070564784,-0.2634344,0.80086184,-0.17885251,0.9566098,0.93031216,0.06814762,0.19351637,-1.2429007,0.20235938,0.30669314,0.07947285,-1.9076291,-0.081342034,0.96798855,-0.6448077,1.1321843,-0.043796778,-0.68200666,-0.6421467,0.8189782,0.6017794,-0.099998504,0.41584364,0.65820843,0.4898434,-0.29506,0.12040279,0.30616182,0.6988388,-0.1620489,0.025355428,0.5104171,-0.67137545,Money
-0.24317753,-0.5565285,0.6341954,0.5716632,0.2425489,-0.7736293,0.4088596,-1.2766613,-0.6868836,-0.66620743,-1.5047252,0.050588563,-0.015089132,-0.9986524,-0.030603154,1.5800074,-0.5325367,0.112573594,-0.04546842,0.07165142,0.357221,1.2445579,-0.181758,-0.19890969,0.8434524,-0.17624098,0.8724556,0.9349881,-0.037012782,0.080124415,-1.5312196,0.12915792,0.2733627,-0.1623584,-2.1858573,-0.09475698,1.2386765,-0.6377418,1.2814988,-0.1654485,-0.7485787,-0.6658594,0.8259639,0.7896987,-0.2737907,0.5878753,0.59253937,0.5647784,-0.47224808,0.110947475,0.39790142,0.9060285,0.14565338,0.08798126,0.37567332,-0.5130117,Money
-0.21175702,-0.5884562,0.6113841,0.5070333,0.14477584,-0.700676,0.38953313,-1.2504526,-0.6427248,-0.55359054,-1.3706528,-0.08735292,-0.010417073,-0.8835271,-0.00025117834,1.5221462,-0.54453087,0.022437368,-0.14592393,0.031693246,0.22849765,1.0984489,-0.15104057,-0.21371846,0.83075976,-0.21174191,0.86782676,0.73721445,0.0079108365,-0.11128842,-1.5920756,0.06458412,0.24399415,-0.2028665,-2.1306622,-0.20356895,1.2287761,-0.427744,1.2442827,-0.26794463,-0.6783902,-0.5739759,0.6824252,0.7968876,-0.36883402,0.5929414,0.5033777,0.4931706,-0.55916256,0.17320472,0.39978975,1.036844,0.20986263,-0.040681187,0.41302574,-0.3665628,Nasional
-0.20730034,-0.381872,0.5947088,0.4577333,0.27848879,-0.80002844,0.27997172,-1.0780822,-0.53959835,-0.63230425,-1.1519179,0.019047711,-0.0073820287,-0.9473877,-0.061604016,1.2844043,-0.46729788,0.12467616,0.0060243043,0.098106846,0.28912374,1.0096449,-0.08816735,-0.22254509,0.7707765,-0.16295649,0.84971803,0.844612,0.032519788,0.1378909,-1.2457017,0.15256666,0.2810763,0.013552456,-1.8612733,-0.086730175,0.97684455,-0.564564,1.0933089,-0.07192131,-0.6351371,-0.59340745,0.74985826,0.6155455,-0.16253267,0.4227672,0.5631954,0.45408583,-0.3482871,0.122476324,0.33798045,0.7158847,-0.08892525,0.010944936,0.45551914,-0.56375295,Money
-0.26684955,-0.53855354,0.65134925,0.6245868,0.2809667,-0.8226211,0.3450308,-1.3325746,-0.7222702,-0.74047786,-1.4935073,0.07130042,0.00969066,-1.0715809,-0.050926097,1.5842923,-0.5487475,0.16699038,0.005598001,0.0865465,0.38519493,1.2679386,-0.16390511,-0.2542305,0.88845456,-0.19633591,0.91052526,1.0273808,-0.036029264,0.13371326,-1.5389175,0.18066075,0.3097652,-0.07986685,-2.2254422,-0.11678374,1.2096484,-0.69385505,1.3119183,-0.10500458,-0.7674816,-0.7170357,0.8902559,0.79811215,-0.22633192,0.5629911,0.6157455,0.58929306,-0.4414871,0.15203902,0.39819956,0.8739256,0.07603583,0.09292646,0.44217515,-0.60622734,Money
-0.22018445,-0.15464923,0.63589025,0.4082105,0.34336337,-0.80259186,0.07970235,-1.0660825,-0.4716016,-0.7010518,-0.7637537,-0.10438532,-0.015505178,-0.9974693,-0.13164718,0.9894862,-0.41735908,0.22788657,0.13769667,0.062104523,0.15851408,0.71096796,0.04815063,-0.42475706,0.7228996,-0.22970441,0.9364691,0.7039528,0.11221343,0.22395581,-1.0831461,0.29299,0.3746784,0.27164665,-1.6803142,-0.16820444,0.7056721,-0.45904955,0.97398645,0.10007402,-0.5418944,-0.50171536,0.7384291,0.44178143,0.07684863,0.22175798,0.64455074,0.29411355,-0.13285105,0.2809255,0.24773562,0.6572064,-0.37151536,-0.089539014,0.6297838,-0.7577796,Nasional
-0.16042879,-0.24500142,0.5226543,0.3266312,0.22734019,-0.74831754,0.22625569,-0.8496322,-0.37556168,-0.50464296,-0.9363048,-0.0002677902,-0.026567362,-0.8169498,-0.02635679,1.0449375,-0.37408373,0.09283564,-0.04502441,0.12922987,0.21176653,0.8041907,-0.04048481,-0.15495916,0.63836324,-0.13842334,0.7520507,0.6852617,0.09560835,0.10133533,-0.95901597,0.13238133,0.24635224,0.07525796,-1.5158776,-0.100335784,0.75144315,-0.45904812,0.8704738,-0.078987084,-0.5079966,-0.4555755,0.59850866,0.4714118,-0.12741491,0.3308741,0.5223038,0.34267056,-0.28324416,0.052565243,0.28425318,0.59676147,-0.17058088,-0.048676897,0.39154735,-0.46384925,Nasional
-0.17564714,-0.22621381,0.5492889,0.38127103,0.3020212,-0.74449074,0.16469428,-0.94313896,-0.43312305,-0.57529056,-0.7302462,-0.06346048,-0.022153774,-0.8936584,-0.08630289,0.95767736,-0.3816653,0.19581676,0.09148314,0.08524333,0.20973772,0.7468801,0.031286538,-0.31255233,0.72310066,-0.1335928,0.8060848,0.74093544,0.12191339,0.1738074,-1.0564234,0.1786989,0.32334474,0.17535084,-1.5578469,-0.097330876,0.7368921,-0.4692616,0.9200402,-0.0007804928,-0.53026974,-0.46971688,0.6672137,0.43291092,-0.023509279,0.2830147,0.54917353,0.319021,-0.17632769,0.23236193,0.24045196,0.5489383,-0.31815597,-0.028631866,0.5180726,-0.6691389,Nasional
-0.18937182,-0.31938156,0.63603616,0.44236287,0.32937735,-0.8978251,0.2248197,-1.0436983,-0.4854009,-0.6954638,-1.097132,0.036206543,-0.007170146,-1.000194,-0.07799339,1.2195626,-0.4725463,0.1092899,0.0028113513,0.15856571,0.2717954,0.98521054,-0.07120022,-0.23362498,0.77612275,-0.13180184,0.89938587,0.8415979,0.07598398,0.19271088,-1.1430501,0.17424187,0.27782866,0.097360834,-1.8307488,-0.068265036,0.91204864,-0.5858744,1.0755078,-0.012275333,-0.6382656,-0.5920706,0.7776365,0.5425817,-0.13498726,0.36733764,0.6118861,0.3999917,-0.2805764,0.08285596,0.3341298,0.69336224,-0.24662662,-0.020652674,0.48665565,-0.65111846,Nasional
-0.19053738,-0.20813304,0.57939774,0.30139723,0.2117857,-0.8327954,0.16973534,-0.8559392,-0.35219327,-0.53698725,-0.97937447,-0.0471197,-0.048809387,-0.82066417,-0.019153936,1.0424362,-0.41608545,-0.004904568,-0.091062166,0.1736476,0.11654455,0.75915384,-0.05425091,-0.164832,0.59482634,-0.15897337,0.86363,0.4880808,0.108118616,0.0049750577,-0.8988047,0.15248059,0.21816796,0.078989506,-1.5061631,-0.18116726,0.7224078,-0.32627335,0.8772195,-0.064713456,-0.472982,-0.44227386,0.5373246,0.48115572,-0.19940853,0.26736853,0.50248015,0.2646937,-0.31840932,-0.007245552,0.3237685,0.758665,-0.18238851,-0.17016137,0.4323744,-0.47399333,Money
-0.18177356,-0.2343076,0.6005314,0.33019698,0.19419338,-0.9633544,0.21144323,-0.84383994,-0.32494488,-0.5634181,-1.1177498,0.014032503,-0.06884011,-0.91237646,0.039747287,1.0947247,-0.45643422,0.009947548,-0.14064494,0.24343103,0.18861876,0.9005238,-0.06593892,-0.08865724,0.66405684,-0.06853361,0.876467,0.60562104,0.16128401,0.011055508,-0.929729,0.13449097,0.21083584,0.14605343,-1.6032374,-0.16959752,0.7719254,-0.43886617,0.9216427,-0.08118593,-0.52699715,-0.47218078,0.59161925,0.5012036,-0.28199086,0.30317557,0.5239997,0.2839217,-0.36832273,-0.07616064,0.3718312,0.7652939,-0.25478438,-0.14752363,0.41094816,-0.5181164,Otomotif
-0.10221949,-0.064160444,0.60223675,0.13069312,0.20889637,-0.9408921,0.120078765,-0.68482107,-0.12855378,-0.4542564,-0.71573764,-0.1518039,-0.0618898,-0.8349474,0.024547106,0.8512022,-0.38272867,-0.070755884,-0.20605403,0.21719576,-0.010253805,0.5413371,0.036924344,-0.16622575,0.6248503,-0.13662958,0.89659214,0.34331793,0.3154492,-0.018012378,-0.73485535,0.114224344,0.20651515,0.22559834,-1.3486925,-0.18716978,0.5273805,-0.23263437,0.77390575,-0.06468441,-0.40024295,-0.29315692,0.4619219,0.31035417,-0.16508263,0.21523547,0.55817497,0.11808786,-0.2819263,-0.040752538,0.31927907,0.7052125,-0.43365768,-0.31219077,0.5020533,-0.42622957,Megapolitan
-0.14396262,-0.13586318,0.575728,0.2165496,0.1942174,-0.8281067,0.13919118,-0.7112678,-0.23163858,-0.50016356,-0.8601339,-0.07936119,-0.045951378,-0.763218,-0.028678551,0.9173162,-0.3954443,-0.08094158,-0.14504004,0.18871896,0.041014805,0.6310936,-0.04643781,-0.14683309,0.51966715,-0.13036595,0.8142275,0.34066337,0.16261783,-0.01648931,-0.7475546,0.12912308,0.15766333,0.11276532,-1.346158,-0.1766644,0.6062766,-0.24168137,0.80062157,-0.04102841,-0.4075782,-0.35445172,0.45987156,0.37849596,-0.19594358,0.23288126,0.46826804,0.19276835,-0.3115578,-0.05586468,0.329394,0.73849744,-0.20914309,-0.23698403,0.41822267,-0.39247444,Money
-0.11858528,-0.08819972,0.5664012,0.19912024,0.26419726,-0.83413655,0.049351767,-0.70347303,-0.22567587,-0.50508755,-0.54694504,-0.14623083,-0.0036869543,-0.7940485,-0.051354665,0.7734717,-0.3613655,0.019001568,-0.037179217,0.19840628,0.02864234,0.52805656,0.07427821,-0.22108912,0.6166567,-0.10784742,0.84890944,0.4650835,0.24954629,0.03859408,-0.7599687,0.12366459,0.22039983,0.26423267,-1.2421913,-0.15919833,0.5127028,-0.28158373,0.75727016,-0.040275097,-0.4159945,-0.3384305,0.48029992,0.29677445,-0.083281726,0.18313698,0.5032595,0.18320741,-0.21037038,0.102209054,0.22380455,0.57088345,-0.4228835,-0.22060075,0.55398875,-0.5302928,Megapolitan
-0.1675003,-0.15439498,0.618353,0.2430528,0.2722788,-0.8853371,0.097206116,-0.7884169,-0.25472963,-0.52117467,-0.7255566,-0.13533716,-0.007326226,-0.84191996,-0.05713548,0.8960088,-0.41421175,-0.009045903,-0.08258511,0.16485384,0.04625125,0.6244372,0.009529944,-0.21860437,0.65263987,-0.14296332,0.8639853,0.47656924,0.19328193,0.036106218,-0.89554596,0.13548015,0.22281453,0.18454143,-1.4683052,-0.1514307,0.64680254,-0.29016867,0.85416514,-0.026696062,-0.45202157,-0.400115,0.54491943,0.39858872,-0.15014672,0.22785744,0.5001522,0.2061147,-0.29387668,0.08902578,0.28575602,0.6927822,-0.3508356,-0.24915437,0.54906344,-0.4995067,Megapolitan
-0.17308787,-0.24341133,0.64891076,0.29313228,0.28990942,-0.9060755,0.16738294,-0.9676726,-0.37799296,-0.5579665,-0.82737935,-0.16430938,-0.009390365,-0.9042073,-0.046305194,1.0999987,-0.427594,0.047252424,-0.05661721,0.16160135,0.10931976,0.7452487,0.02361643,-0.2423441,0.76207024,-0.19368397,0.9861044,0.6581766,0.22759639,0.00800735,-1.0955167,0.1262539,0.29805833,0.15196285,-1.6591157,-0.20084004,0.80347717,-0.3405846,0.97865695,-0.15416074,-0.5417634,-0.47116265,0.59333265,0.50754493,-0.15327264,0.3179465,0.56866384,0.3115609,-0.31943765,0.1672388,0.2742185,0.7275106,-0.30704424,-0.191603,0.59245914,-0.5597414,Megapolitan
-0.10067232,-0.15107305,0.58616465,0.15578032,0.19176194,-0.86677504,0.13135013,-0.70814764,-0.20165654,-0.49236345,-0.8041122,-0.15081435,-0.031630848,-0.7603938,-0.013326993,0.9573437,-0.40871075,-0.15983412,-0.20026402,0.19479878,-0.028528787,0.5799472,-0.00031933657,-0.14558128,0.5729861,-0.13307464,0.8560651,0.27952495,0.2390981,-0.06777011,-0.77125436,0.10126405,0.125994,0.128934,-1.3564957,-0.18531704,0.6106998,-0.18060315,0.80745417,-0.050965704,-0.4324628,-0.32355776,0.43583176,0.3669963,-0.22702743,0.24705791,0.49015865,0.17653574,-0.36363629,-0.030597962,0.33829242,0.762598,-0.23231214,-0.31167024,0.5134182,-0.35920385,Money
-0.13651542,-0.053668886,0.57081145,0.15162261,0.12608646,-0.82569605,0.25132513,-0.7238109,-0.13376352,-0.40627605,-0.7690671,-0.097877376,-0.12692554,-0.7562969,0.028511532,0.90176535,-0.32431415,0.005891111,-0.1915734,0.19042972,0.009313353,0.5292909,0.031008795,-0.14880781,0.5648483,-0.1586647,0.9557898,0.2942212,0.29613262,-0.029434118,-0.6266521,0.15419956,0.27553076,0.17993358,-1.360236,-0.21274363,0.5304962,-0.20719284,0.77549946,-0.13321382,-0.33517712,-0.25598383,0.4207946,0.36022326,-0.10489079,0.17424545,0.5664739,0.054384753,-0.20886824,-0.099205196,0.40378672,0.7218597,-0.38371515,-0.23987311,0.37988386,-0.4479031,Otomotif
-0.08163895,-0.05735919,0.58411115,0.09010084,0.17155905,-0.9557189,0.18355648,-0.6187994,-0.057963647,-0.39907753,-0.67346877,-0.12921181,-0.07700101,-0.80310273,0.03407832,0.838663,-0.34931648,-0.075121045,-0.23444316,0.23299062,-0.01881265,0.5141325,0.06085051,-0.10445176,0.6079684,-0.098842956,0.8991892,0.31937474,0.34184077,-0.038677327,-0.62028784,0.08597745,0.21205437,0.23700264,-1.3001124,-0.17761481,0.4890522,-0.21922718,0.7439395,-0.101870775,-0.36890954,-0.2526617,0.43259785,0.29875788,-0.16351222,0.18746977,0.5502284,0.061158422,-0.2710932,-0.09307971,0.36406395,0.65692747,-0.48055634,-0.32127514,0.46542305,-0.41198736,Otomotif
-0.11999207,-0.08126055,0.57681197,0.15632004,0.21778065,-0.95945066,0.14717168,-0.6408114,-0.11062523,-0.4472686,-0.73177105,-0.07996791,-0.05957207,-0.8593004,0.027721921,0.81463027,-0.36063638,-0.036827214,-0.17881559,0.23335454,0.05311651,0.61161816,0.02423062,-0.1026719,0.63248444,-0.074085005,0.8290234,0.4522159,0.29646397,0.03560328,-0.6699197,0.10098872,0.22050141,0.25189424,-1.3278124,-0.14434563,0.5271717,-0.3155575,0.75779384,-0.058942843,-0.40366432,-0.32233426,0.49423382,0.3312074,-0.16846101,0.19761097,0.5283649,0.12953983,-0.26149532,-0.075129166,0.32279605,0.5976195,-0.48034897,-0.26149592,0.46951982,-0.46260643,Nasional
-0.15990256,-0.104969434,0.7156841,0.20731194,0.3119736,-1.1521411,0.26723838,-0.6991601,0.07118299,-0.4076714,-0.8025029,-0.059758537,-0.06430692,-1.0238249,0.037477963,0.8629671,-0.45355168,-0.04486073,-0.28500092,0.22263098,0.04715156,0.6661459,-0.072748005,-0.11361248,0.7706282,-0.0372349,0.9698393,0.50626314,0.36816704,0.14635229,-0.753699,0.0796402,0.2334331,0.2628743,-1.7251049,-0.02760509,0.6251808,-0.39734685,0.95690835,-0.08214887,-0.38029444,-0.372436,0.7111773,0.41589847,-0.26820704,0.18056615,0.53761876,-0.039646678,-0.31332585,-0.123543054,0.5204593,0.718934,-0.7563339,-0.34968102,0.47070497,-0.5419324,Nasional
-0.14701433,-0.15474246,0.6139242,0.21259168,0.25821307,-0.9674467,0.1260047,-0.7663162,-0.21845211,-0.5753707,-0.94913554,-0.051975887,-0.023215758,-0.8667648,-0.014184573,1.0020686,-0.41810292,-0.0997301,-0.17630076,0.22684723,0.07003121,0.7159418,-0.03560516,-0.12963752,0.61861974,-0.14063527,0.8914244,0.43839037,0.2121342,0.034719102,-0.76115495,0.1435216,0.17997381,0.18798774,-1.4770892,-0.16265513,0.655044,-0.3236755,0.84628206,-0.0022039397,-0.49584773,-0.40528885,0.55030423,0.39808908,-0.20350541,0.23491974,0.5632013,0.22742613,-0.31582978,-0.07587162,0.3367861,0.73077005,-0.31677988,-0.25993827,0.4860022,-0.45087463,Money
-0.19782403,-0.15131254,0.6699903,0.30629495,0.33316284,-1.0229797,0.2683514,-0.7420426,0.033387493,-0.4163607,-0.7459043,-0.0074925805,-0.048428904,-1.0257376,-0.006976618,0.7945603,-0.44638968,0.06354785,-0.197997,0.13354833,0.11804537,0.68808365,-0.09262408,-0.16748862,0.74796695,-0.018877769,0.8596382,0.62482905,0.28900576,0.25805286,-0.8033183,0.10856846,0.2696255,0.26877883,-1.7580391,0.020778421,0.6498364,-0.4905425,0.97447616,-0.03986786,-0.36152348,-0.4096303,0.81009966,0.45510307,-0.21172981,0.15962052,0.4601247,-0.04793181,-0.26955208,-0.026207982,0.50837374,0.638678,-0.7394864,-0.24805036,0.4510182,-0.604777,Nasional
-0.17228383,-0.26520884,0.5803255,0.36587954,0.21974145,-0.85400265,0.3762524,-1.0334028,-0.34264046,-0.4356943,-0.82601434,-0.07515691,-0.09773531,-0.9748467,-0.015847856,1.0706425,-0.3878983,0.17362249,-0.06145686,0.12070066,0.22200213,0.8111039,0.006301283,-0.25015068,0.8498036,-0.15015292,0.9898348,0.81095964,0.2771616,0.11949868,-1.1147038,0.12383866,0.4527353,0.16875869,-1.8141603,-0.15528184,0.8293865,-0.45881593,1.0294714,-0.24157718,-0.4889816,-0.4737174,0.67629385,0.55984,-0.14384627,0.31349477,0.5408632,0.1934428,-0.23094976,0.14783847,0.4164342,0.6825867,-0.47069734,-0.071331784,0.5202143,-0.6754108,Nasional
-0.1593246,-0.23418918,0.5226696,0.30351493,0.124442056,-0.7075973,0.3665689,-0.9773533,-0.35837606,-0.42383176,-0.85737723,-0.06391175,-0.097770385,-0.8146299,-0.035717044,1.0968602,-0.35969067,0.097636126,-0.10552279,0.0869092,0.14071052,0.6942924,0.010786434,-0.20966406,0.66373146,-0.19937359,0.9353517,0.5733925,0.17859922,0.024006834,-0.96718454,0.14856572,0.3797457,0.07988363,-1.6336911,-0.21933186,0.75498796,-0.33829492,0.9308129,-0.19166143,-0.42795557,-0.3947499,0.55135953,0.531927,-0.10478946,0.2851153,0.5290745,0.17593078,-0.24317656,0.074269906,0.43637773,0.7445463,-0.25076163,-0.085548945,0.41763553,-0.5134606,Nasional
-0.12362329,-0.18221164,0.576066,0.29985917,0.24653539,-0.83384454,0.26422298,-0.95630854,-0.29223853,-0.45667937,-0.5483577,-0.17251514,-0.06737283,-0.94653505,-0.0767814,0.89670146,-0.38671562,0.13820909,-0.020929286,0.10938687,0.11266785,0.6235147,0.07757984,-0.32753158,0.8162913,-0.14845444,0.981037,0.68442494,0.31674245,0.13182071,-1.0270123,0.13388267,0.42275012,0.27483732,-1.6400452,-0.17428875,0.69011915,-0.37170482,0.9516742,-0.15288618,-0.44202447,-0.4191511,0.6304646,0.44215086,-0.07123954,0.22421227,0.52019095,0.13169174,-0.17566213,0.24117571,0.36676332,0.6364099,-0.5679894,-0.1597125,0.6451124,-0.70485365,Nasional
-0.1516731,-0.17206755,0.52718616,0.2787532,0.19384436,-0.7735852,0.33426827,-0.914287,-0.28129974,-0.3787886,-0.79357916,-0.0643209,-0.097643726,-0.84905714,0.023853729,0.98954964,-0.31753972,0.14796147,-0.09150416,0.13175675,0.18112127,0.6866091,0.008807735,-0.2222877,0.7423323,-0.18710782,0.9415726,0.68054986,0.28091812,0.095840566,-0.9351691,0.13640347,0.41515622,0.14249527,-1.6044657,-0.14702497,0.6987942,-0.3954417,0.8818716,-0.23183973,-0.41633645,-0.39246026,0.58414423,0.47827947,-0.09316868,0.28438866,0.54952824,0.16252743,-0.18662792,0.06526818,0.3618743,0.6192357,-0.41564617,-0.08473017,0.42962286,-0.5508203,Nasional
-0.16910009,-0.26346305,0.56169605,0.35514015,0.20720407,-0.8226004,0.2865052,-0.91573375,-0.34600258,-0.48893514,-0.9756832,-0.021320563,-0.06629133,-0.89008063,-0.0018927837,1.0620066,-0.41154626,0.06950411,-0.09589528,0.15896711,0.19680141,0.8368709,-0.05714213,-0.17013875,0.71567607,-0.122038506,0.8662151,0.6701434,0.17561135,0.06909039,-1.0066291,0.11705126,0.29278705,0.084555745,-1.6593498,-0.123487435,0.790218,-0.44116908,0.95834106,-0.14398307,-0.48596102,-0.46303952,0.62343013,0.510994,-0.20800926,0.32453144,0.50599974,0.24880525,-0.29865652,0.021098245,0.3799185,0.7108172,-0.27719134,-0.08545888,0.4204104,-0.52827865,Nasional
-0.17709816,-0.15445979,0.65944445,0.27983293,0.2563505,-0.99927837,0.31224814,-0.9203298,-0.22821812,-0.47816664,-0.8784444,-0.096822366,-0.12152345,-1.0203066,-0.0031519996,1.0233979,-0.40545502,0.080083705,-0.124005154,0.19462885,0.14759232,0.7763917,0.0007584642,-0.2024138,0.778127,-0.13314117,1.0292611,0.65692574,0.32340848,0.10680794,-0.95329094,0.1369934,0.37384242,0.2142633,-1.7248013,-0.15486434,0.73669213,-0.41881686,0.9736785,-0.16905831,-0.4671433,-0.4228778,0.64934283,0.48668256,-0.15432055,0.2690371,0.6004064,0.13586672,-0.25337315,0.012799948,0.40714815,0.73084724,-0.53313607,-0.19147678,0.5315135,-0.6501431,Nasional
-0.16304724,-0.18558086,0.59258527,0.30858186,0.23053814,-0.872896,0.36601675,-1.0268177,-0.3074979,-0.4213107,-0.78897214,-0.10370615,-0.10677116,-0.9632369,0.012759815,1.0703052,-0.35261163,0.18533865,-0.0810412,0.140017,0.18463565,0.7296117,0.04298333,-0.2803899,0.86376154,-0.20261906,1.0743957,0.7695661,0.34777564,0.108742096,-1.0599763,0.14917819,0.48788527,0.19777048,-1.7916917,-0.17085,0.7629804,-0.4293908,0.9941101,-0.26434788,-0.45906556,-0.4327228,0.65644455,0.5197784,-0.08151302,0.29982832,0.6119281,0.15870498,-0.18387206,0.12555577,0.40041026,0.67119485,-0.52785844,-0.106442414,0.529072,-0.6619484,Nasional
-0.15131235,-0.20569566,0.6195998,0.28647196,0.20501502,-0.92428035,0.40840802,-1.0161436,-0.2724321,-0.41317025,-0.9197334,-0.08532921,-0.116389796,-0.97671163,0.029585509,1.1387726,-0.38540214,0.100188754,-0.1714214,0.15278766,0.16814713,0.79442394,-0.012061802,-0.22130072,0.8449903,-0.1945376,1.0668869,0.72532696,0.33454093,0.07895613,-1.0651425,0.12759876,0.44705212,0.14577109,-1.8540556,-0.16814974,0.81739825,-0.43166682,1.0250801,-0.28735986,-0.46833685,-0.43150562,0.6588776,0.5441124,-0.16227074,0.32886964,0.61134285,0.15509321,-0.2560133,0.034418315,0.44930053,0.7648353,-0.48401985,-0.14303356,0.48537835,-0.5756563,Nasional
-0.13786265,-0.1812744,0.5885219,0.19907038,0.26711774,-0.9524599,0.09370711,-0.73217255,-0.21517093,-0.5515697,-0.6995914,-0.1411186,0.00065140286,-0.86327076,-0.036497414,0.8957274,-0.40662685,-0.04377818,-0.104331285,0.22615117,0.04314147,0.64857584,0.06251984,-0.15321855,0.7045472,-0.07089904,0.8758926,0.50889707,0.28496918,0.007236922,-0.8261575,0.09857801,0.21157873,0.26927504,-1.4096466,-0.15665576,0.62999386,-0.3065665,0.8328635,-0.05496861,-0.48289955,-0.39150587,0.5161719,0.36116672,-0.19418669,0.22517489,0.5043085,0.20961423,-0.3130676,0.07372546,0.28365254,0.6203825,-0.41247153,-0.25914946,0.59728086,-0.5305006,Otomotif
-0.15060869,-0.18195418,0.53967625,0.19936468,0.21815334,-0.8387452,0.14580388,-0.7173344,-0.21919177,-0.4718463,-0.77731985,-0.10261966,-0.033638258,-0.75940955,-0.00082901417,0.90262324,-0.3611874,-0.047164064,-0.12794739,0.1706791,0.065834686,0.6378334,0.0073368573,-0.11998898,0.60413927,-0.112888716,0.7965455,0.44755176,0.23199427,-0.021192862,-0.77787745,0.10690862,0.20507415,0.15892513,-1.3537807,-0.16194846,0.63581634,-0.2588807,0.77017546,-0.08875059,-0.43991336,-0.3577,0.4615757,0.40253174,-0.19464415,0.23487389,0.4647222,0.20566198,-0.3076034,0.03339629,0.2820926,0.6200973,-0.28071764,-0.2150337,0.4667628,-0.43719018,Otomotif
-0.123041205,-0.16271698,0.641973,0.20493722,0.28310722,-0.9323088,0.13331021,-0.77299017,-0.17170589,-0.54897165,-0.62699527,-0.1457357,-0.017094184,-0.8909681,-0.12311708,0.83951855,-0.4235182,-0.030683521,-0.07130939,0.1786622,0.0070590293,0.5914575,0.029242681,-0.2206761,0.6756672,-0.10655407,0.8927228,0.43888938,0.24881528,0.075118445,-0.8345266,0.11162015,0.23832072,0.2386954,-1.4886788,-0.10920566,0.6245815,-0.2745591,0.8852185,-0.016672222,-0.4242188,-0.36668235,0.55505157,0.35059768,-0.13421981,0.18550432,0.52122504,0.114366114,-0.24495028,0.1005288,0.3398405,0.6808284,-0.48319703,-0.2697262,0.59653544,-0.5697466,Megapolitan
-0.17810673,-0.37493056,0.6648574,0.24767599,0.124038905,-0.7754706,0.2321327,-1.0940586,-0.5192641,-0.5273373,-1.2380108,-0.23034292,-0.05893312,-0.7364008,-0.006608856,1.4322846,-0.51976335,-0.21544075,-0.21767598,0.06616897,-0.03819057,0.7720071,-0.09860735,-0.21363327,0.60264087,-0.32461226,1.0533612,0.2225281,-0.00020638401,-0.29315054,-1.2598633,0.09823516,0.13632588,-0.19974051,-1.8031355,-0.36534268,1.0181224,-0.02663538,1.0915462,-0.16323845,-0.5298178,-0.46933404,0.42052224,0.6644071,-0.4094642,0.34898344,0.4746609,0.34247452,-0.60703886,0.05064734,0.36057246,1.2471172,0.24237023,-0.33651498,0.532774,-0.2615998,Money
-0.15690015,-0.42563525,0.5958656,0.2274781,0.07630371,-0.707779,0.22147642,-1.0543193,-0.52841437,-0.46453124,-1.2174495,-0.23702994,-0.005150518,-0.6497314,0.013681123,1.4468726,-0.5065758,-0.25060803,-0.264183,0.045703713,-0.053854447,0.73687273,-0.10515767,-0.16982085,0.6051094,-0.34850258,0.9865407,0.21132682,-0.026475705,-0.34515846,-1.2831132,0.055884976,0.08880682,-0.2619989,-1.7475824,-0.38123244,1.0195283,0.007765582,1.0500981,-0.21253781,-0.5184878,-0.46910545,0.3707301,0.6765151,-0.45018116,0.3857365,0.42246804,0.37775582,-0.65875936,0.06603061,0.3418067,1.2261709,0.34161496,-0.34211352,0.5017299,-0.13419077,Money
-0.16507293,-0.37631634,0.55905354,0.21918559,0.06229833,-0.69886726,0.28272814,-0.99278516,-0.4533616,-0.401945,-1.1422791,-0.18385354,-0.06317778,-0.6614097,0.029790683,1.3347173,-0.44520935,-0.15991828,-0.23287728,0.067463465,0.010024761,0.7350819,-0.09284553,-0.15064272,0.592333,-0.29161087,0.9686346,0.28865555,0.024365963,-0.2915853,-1.1572585,0.057520017,0.1684867,-0.21309792,-1.6635678,-0.33642703,0.9503785,-0.057222478,1.0017183,-0.24671724,-0.46707857,-0.44567525,0.38114566,0.6376517,-0.39852807,0.34367067,0.40557396,0.30892676,-0.5582755,0.026196636,0.35414395,1.0911037,0.20640166,-0.2719683,0.4393326,-0.22092806,Money
-0.1625245,-0.30868402,0.5117723,0.2257964,0.114841126,-0.6378879,0.17698668,-0.8913393,-0.43080494,-0.43088558,-1.0211496,-0.14468744,-0.019629108,-0.61831164,-0.0036999998,1.1647753,-0.4016684,-0.12606674,-0.15178415,0.07222111,0.023792537,0.6553319,-0.07887103,-0.16065198,0.5150966,-0.27922022,0.84014994,0.28976843,-0.0077673495,-0.19081032,-1.0077635,0.09483166,0.13585135,-0.13729426,-1.4676423,-0.27571216,0.81174487,-0.0916382,0.8614242,-0.14051886,-0.43399453,-0.41611132,0.37264934,0.5476366,-0.29969603,0.28870198,0.40152377,0.31469545,-0.46984765,0.048677433,0.27930263,0.92752784,0.17392614,-0.23579332,0.42229402,-0.22087172,Money
-0.14822462,-0.35917875,0.6239685,0.24029788,0.10127802,-0.7776615,0.18529098,-0.9748226,-0.45498946,-0.49439698,-1.1279718,-0.2163927,-0.02444134,-0.7202142,0.008003971,1.3059742,-0.514396,-0.22073321,-0.23351274,0.10686658,-0.036857244,0.7342282,-0.07295642,-0.16580692,0.5971306,-0.23572043,0.9478367,0.2397895,0.04803694,-0.29129228,-1.1806514,0.072015606,0.08460877,-0.13371801,-1.6573807,-0.3330987,0.90935886,-0.05255971,1.0133352,-0.15371877,-0.5008971,-0.42774412,0.39269978,0.59397775,-0.41788858,0.36485046,0.43206987,0.32419342,-0.5992502,0.042985156,0.3495915,1.1309078,0.1751926,-0.32873973,0.5160306,-0.22988026,Money
-0.13469605,-0.33641225,0.6184446,0.19956455,0.11091502,-0.7663292,0.15782872,-0.94000584,-0.42945546,-0.5036796,-1.0471102,-0.23228523,-0.014074369,-0.6940791,-0.018330293,1.264765,-0.50484467,-0.24330592,-0.22042207,0.10534794,-0.068156995,0.6740554,-0.057603665,-0.1832063,0.570576,-0.2351603,0.9347729,0.17904902,0.055167258,-0.28134966,-1.1218804,0.07548482,0.07140914,-0.10979932,-1.5979297,-0.32628787,0.86852145,-0.0094183665,0.9811069,-0.12086444,-0.48476994,-0.40539643,0.3652484,0.5529153,-0.39376348,0.3318956,0.41872558,0.29884222,-0.57917017,0.062099975,0.3380673,1.0988665,0.16638178,-0.35814193,0.54484767,-0.22954208,Money
-0.061715882,-0.009763812,0.5270062,0.07298146,0.19865727,-0.7722538,0.007423372,-0.5389373,-0.11691471,-0.44764322,-0.507384,-0.16827843,0.0020693731,-0.66665804,-0.035629667,0.6751648,-0.33420268,-0.10522391,-0.113862626,0.20240915,-0.07653668,0.3652769,0.061044693,-0.17877586,0.47201294,-0.11742745,0.7727333,0.18864462,0.24803202,-0.019989906,-0.56441915,0.11535776,0.11017286,0.22802427,-1.0155032,-0.17045328,0.37167034,-0.13701084,0.62099755,0.014331768,-0.3308792,-0.23302378,0.35795313,0.19440019,-0.08612078,0.13197055,0.48443797,0.109458804,-0.21827848,0.008127858,0.21034694,0.5812836,-0.3372836,-0.30318943,0.4854514,-0.3586301,Megapolitan
-0.10591968,-0.14292075,0.48957226,0.11441612,0.119582415,-0.687567,0.077328585,-0.5394011,-0.16124265,-0.4151542,-0.7114174,-0.13600266,-0.03704576,-0.5827506,0.00020551642,0.7438755,-0.36218804,-0.18569939,-0.18505155,0.15489504,-0.06771654,0.48111638,-0.03461776,-0.10346484,0.3980484,-0.07036405,0.6577024,0.07942376,0.15093397,-0.14404039,-0.6160439,0.06780787,0.039441843,0.06140643,-1.0470108,-0.18929727,0.51946104,-0.06734013,0.6462076,-0.009766145,-0.34623417,-0.22614926,0.29200947,0.29159245,-0.25539738,0.18996903,0.35695067,0.1220621,-0.33191755,-0.05182126,0.25866568,0.7212285,-0.08782629,-0.28486612,0.3744567,-0.2566072,Tekno
-0.12344704,-0.094005786,0.5727975,0.10817901,0.18987045,-0.92234516,0.1075636,-0.5793499,-0.11298168,-0.44774923,-0.80663514,-0.10409919,-0.05044412,-0.7329402,0.023297569,0.8560701,-0.3783966,-0.15134792,-0.2218641,0.23171891,-0.015368958,0.5716091,-0.014193203,-0.06383339,0.49588868,-0.09903427,0.7996234,0.24589904,0.22999267,-0.07082068,-0.60939276,0.091804914,0.11037759,0.15820365,-1.2094439,-0.18148151,0.5283179,-0.19561543,0.7148533,-0.028310357,-0.39155617,-0.29113856,0.405838,0.3288611,-0.2199056,0.21221085,0.49271238,0.14590904,-0.33779675,-0.1244195,0.30505383,0.6984389,-0.27807692,-0.3166941,0.419966,-0.33415812,Otomotif
-0.12170969,-0.031938687,0.602322,0.12932283,0.28556737,-0.7980308,0.01970837,-0.62590253,-0.13821845,-0.48853445,-0.40985546,-0.23287426,-0.008410453,-0.76011884,-0.09018692,0.67086524,-0.3543532,-0.02188812,-0.015679026,0.16256303,-0.083134435,0.36877602,0.09886243,-0.25089163,0.55822337,-0.10117926,0.8521917,0.28539866,0.2971294,0.014303669,-0.6752855,0.13269916,0.16708492,0.28013566,-1.1473495,-0.15279669,0.41855487,-0.16045843,0.72820926,0.010094867,-0.34205875,-0.26472592,0.44087297,0.24835426,-0.031759065,0.12867966,0.48652032,0.08106491,-0.19607513,0.12168199,0.21493137,0.58009654,-0.4309774,-0.3004821,0.61468816,-0.51194245,Megapolitan
-0.10555566,-0.2233566,0.6362591,0.16644983,0.1362738,-0.80115515,0.059683006,-0.8200387,-0.333124,-0.56334555,-0.9442756,-0.25154465,-0.0006991059,-0.6887936,-0.032013934,1.1308492,-0.49580806,-0.31148574,-0.2667036,0.1446461,-0.15841398,0.5569025,-0.049327783,-0.21838374,0.5177018,-0.22122607,0.9199257,0.019824727,0.12478921,-0.24383275,-0.96385306,0.099572435,0.005984887,-0.0072543556,-1.4432654,-0.31288287,0.72971386,0.004422476,0.9101555,-0.012154673,-0.46759954,-0.3238896,0.36461318,0.41441253,-0.34199843,0.2866956,0.48214746,0.23326868,-0.51225966,-0.0070262384,0.3318228,1.092159,0.06388144,-0.42382318,0.55324715,-0.23014435,Money
-0.14009655,-0.1291129,0.614269,0.193798,0.2985249,-0.9729789,0.23302862,-0.610411,0.08382698,-0.34599063,-0.5461895,-0.08018544,-0.026079074,-0.899079,-0.017581828,0.67292583,-0.39957908,-0.009891379,-0.19431517,0.1564196,0.037331857,0.5430802,-0.03662736,-0.13042963,0.710345,0.009930137,0.805121,0.4891573,0.32727352,0.16640915,-0.7062857,0.049382783,0.22403611,0.2646845,-1.5185622,0.011089927,0.55575657,-0.360024,0.8547185,-0.06895702,-0.32048306,-0.33470955,0.658147,0.3649385,-0.22232252,0.13513106,0.40787524,-0.06560578,-0.26262265,0.002854213,0.4473341,0.5609594,-0.7198518,-0.30050126,0.47626206,-0.528405,Money
-0.045937356,-0.025452275,0.45563278,0.06591936,0.14357564,-0.6402018,-0.003076666,-0.46843746,-0.13183603,-0.41295436,-0.4935712,-0.15144087,-0.0039949734,-0.5360852,-0.045643814,0.6226808,-0.31658044,-0.14662029,-0.124967895,0.16593285,-0.09881789,0.30785242,0.02367611,-0.15186487,0.35502204,-0.110499255,0.66110367,0.051752355,0.15652154,-0.05859531,-0.4935154,0.09950347,0.0322748,0.14591247,-0.88142055,-0.16204236,0.3389394,-0.05696941,0.5486434,0.0567058,-0.28407496,-0.19396235,0.27542073,0.17333306,-0.11771391,0.1132764,0.39820904,0.09866552,-0.23216969,-0.010150231,0.20644002,0.5972388,-0.18572693,-0.2902628,0.41029894,-0.261372,Entertainment
-0.07738132,-0.08262847,0.519986,0.089871176,0.16905078,-0.77903235,0.087109104,-0.52382326,-0.116422676,-0.38971695,-0.6590016,-0.14801204,-0.032157324,-0.6356322,-0.0035078104,0.7445459,-0.3475242,-0.14591679,-0.18704231,0.19962938,-0.049376577,0.44658533,-0.005183967,-0.09031874,0.4311249,-0.10592885,0.7284366,0.16074324,0.19942725,-0.07288048,-0.5794803,0.07214602,0.06155179,0.12267995,-1.0722294,-0.15771201,0.44575685,-0.119368725,0.64191836,-0.03039901,-0.33460248,-0.2440815,0.33917868,0.2645676,-0.1947848,0.18726762,0.43346623,0.12044337,-0.30355707,-0.068105236,0.2631568,0.6641137,-0.23127124,-0.31008923,0.41138723,-0.2747522,Otomotif
-0.15614323,-0.21767198,0.5895148,0.2641824,0.2246323,-0.83530784,0.11481133,-0.7787012,-0.30135676,-0.55871356,-1.0042131,-0.054919776,-0.016493771,-0.7774827,-0.040667932,0.99730814,-0.4440392,-0.116897635,-0.13374981,0.19351311,0.08044138,0.7433702,-0.09833686,-0.12728328,0.5263444,-0.13347779,0.7793497,0.37159562,0.09429809,-0.010031012,-0.835646,0.12808037,0.11271056,0.06536647,-1.4251598,-0.15361997,0.7011727,-0.28286433,0.8386416,-0.010314192,-0.46001127,-0.40768144,0.4995295,0.44053605,-0.25605738,0.27526137,0.46884665,0.26232386,-0.38068715,-0.049441773,0.31336167,0.78314674,-0.11697805,-0.22272043,0.43200728,-0.36783373,Money
-0.14272042,-0.114382155,0.5763423,0.18577477,0.21255226,-0.8350518,0.072971515,-0.6676753,-0.21791245,-0.5432349,-0.90790284,-0.05513395,-0.032046925,-0.7336478,-0.032106698,0.89985263,-0.40204072,-0.117922746,-0.13514027,0.21166927,0.040751494,0.640686,-0.062477622,-0.117179066,0.4629673,-0.12638652,0.7855707,0.27434704,0.11898312,-0.009940459,-0.6706626,0.14881566,0.09136134,0.11449916,-1.258714,-0.15948156,0.5739529,-0.23083453,0.7462009,0.036915727,-0.40736887,-0.3513776,0.44220036,0.35433543,-0.19528922,0.20206846,0.48429638,0.20604475,-0.3201924,-0.108208805,0.29089683,0.7288172,-0.17268783,-0.24791068,0.4223356,-0.3605469,Money
-0.15630831,-0.17597719,0.56159,0.24061449,0.18846661,-0.7502556,0.094354086,-0.76818335,-0.30840895,-0.53801656,-0.95884496,-0.0856612,-0.02452485,-0.71015257,-0.033835977,0.9766943,-0.4113296,-0.128648,-0.1430496,0.16231221,0.024838474,0.6474779,-0.07899735,-0.1678299,0.47239986,-0.16974728,0.7849746,0.26186246,0.085857786,-0.06337339,-0.7910356,0.14918111,0.097754255,0.039494187,-1.3400711,-0.19387126,0.64691406,-0.18586387,0.7959345,0.007429766,-0.43300197,-0.36050963,0.4318275,0.40963072,-0.21830413,0.2509056,0.4620035,0.23426627,-0.35329917,-0.04333076,0.30124426,0.81697446,-0.048354905,-0.24127498,0.42326352,-0.33533427,Money
-0.12766533,-0.13378285,0.5961102,0.18433566,0.21666086,-0.86522394,0.06562052,-0.7120887,-0.24857059,-0.5254956,-0.88317764,-0.13491035,0.0027742893,-0.7304777,-0.042118948,0.96413904,-0.4190488,-0.17675294,-0.17211391,0.2216814,-0.012833068,0.6066014,-0.031974263,-0.14380664,0.4757294,-0.17178777,0.8350995,0.23970094,0.1272029,-0.07281204,-0.74873483,0.1287203,0.08028018,0.094657876,-1.3067077,-0.18449534,0.6016837,-0.17420456,0.7867219,-0.003032511,-0.43803114,-0.35124573,0.4214516,0.37769124,-0.23914641,0.25988093,0.48267648,0.2549169,-0.3788052,-0.048926733,0.30027273,0.8127966,-0.14561617,-0.32581988,0.46853137,-0.3280216,Money
-0.14278375,-0.17167357,0.5870802,0.22128531,0.2466447,-0.86811733,0.09238244,-0.7345089,-0.26185778,-0.55352014,-0.9428483,-0.058299325,-0.0047233887,-0.78281957,-0.045710567,0.953585,-0.42787695,-0.12156306,-0.1404345,0.20932671,0.062389247,0.69272673,-0.076209396,-0.12392725,0.51344174,-0.14558211,0.7905221,0.35904306,0.12245363,0.003183962,-0.7684637,0.12965932,0.11350461,0.10013722,-1.3677733,-0.14862165,0.64285576,-0.27054268,0.8048622,0.0012225164,-0.4514411,-0.40662366,0.48419976,0.4033863,-0.2195163,0.25432336,0.4746892,0.25612205,-0.3560053,-0.050754406,0.2974168,0.7347215,-0.17013781,-0.24543035,0.4493187,-0.37098426,Money
-0.12827387,-0.10906442,0.5826577,0.17164902,0.2306219,-0.8795761,0.07561757,-0.63058627,-0.17029798,-0.5229297,-0.85904145,-0.06271178,-0.026442783,-0.7601147,-0.031205,0.84820956,-0.40776965,-0.14733627,-0.15938702,0.2236695,0.023473522,0.61614114,-0.069390714,-0.10665998,0.4680482,-0.10369297,0.7750339,0.26552668,0.15508454,0.004757406,-0.6381173,0.12110077,0.09102501,0.13835885,-1.2528666,-0.13393807,0.5500825,-0.2321683,0.7443113,0.03842868,-0.40424752,-0.3448899,0.45689374,0.3330418,-0.20931736,0.19912541,0.46922722,0.16830981,-0.31666532,-0.10805568,0.30650228,0.710117,-0.2430669,-0.27698705,0.42531356,-0.37130445,Money
-0.14465062,-0.15717526,0.5875789,0.30099854,0.23995575,-0.86444783,-0.016137231,-0.8265824,-0.37370965,-0.6660546,-0.986826,-0.047524873,0.025829202,-0.79699045,-0.06287023,1.0446646,-0.46826613,-0.10400143,-0.1229504,0.1979748,0.05698539,0.70067185,-0.06147988,-0.23821124,0.5293367,-0.20208903,0.81580186,0.3408413,0.06438407,0.007380339,-0.81501573,0.21971065,0.101912364,0.13977279,-1.3961921,-0.21219648,0.61613494,-0.26307482,0.85640776,0.14600484,-0.49333987,-0.42635807,0.53146994,0.4001585,-0.19230263,0.2668656,0.51827455,0.34840992,-0.36769018,-0.018440712,0.315269,0.8170965,-0.08291391,-0.26622972,0.51278675,-0.40023896,Money
-0.15886293,-0.107041135,0.63640326,0.20162494,0.2641659,-0.9602905,0.06999119,-0.69499314,-0.21987095,-0.56364995,-0.9659298,-0.0692238,-0.02215361,-0.8015855,-0.033852395,0.9554868,-0.4220833,-0.14626463,-0.14594871,0.26385045,0.040659674,0.68977433,-0.06479453,-0.11890342,0.47559935,-0.14886113,0.8499441,0.30751967,0.13487034,0.0008047423,-0.67921585,0.15562966,0.09781967,0.13107818,-1.3265857,-0.14711277,0.5937193,-0.25436875,0.7906618,0.033619862,-0.45302734,-0.38670114,0.48419288,0.38090512,-0.21406603,0.2307735,0.5235399,0.24477282,-0.34510016,-0.1264396,0.3055531,0.76720744,-0.22650577,-0.30124548,0.45325214,-0.3943842,Otomotif
-0.15206486,-0.1564138,0.61519265,0.24481939,0.24653316,-0.9240697,0.10219377,-0.75707906,-0.26526132,-0.5603862,-0.97256345,-0.03224245,-0.004272832,-0.83902925,-0.014899265,0.9993246,-0.43634427,-0.069551885,-0.13261949,0.2369452,0.09478919,0.73941493,-0.06528541,-0.116010085,0.582145,-0.13329963,0.85406405,0.46006584,0.13146597,0.034723267,-0.8070585,0.13938361,0.14782372,0.13856943,-1.4493723,-0.13862503,0.65475,-0.34528708,0.8446512,-0.009350997,-0.46775234,-0.42717728,0.54436564,0.4096639,-0.21618202,0.2532422,0.5295857,0.2588487,-0.34754637,-0.083436385,0.31810525,0.73929155,-0.24733704,-0.22742361,0.45523673,-0.41701746,Money
-0.12950975,-0.057411518,0.61198294,0.18283588,0.23262641,-0.9054321,0.025148163,-0.631391,-0.18325542,-0.5442071,-0.750675,-0.09954624,-0.02174243,-0.790017,-0.032023426,0.8134843,-0.41685793,-0.098299764,-0.11402515,0.25583416,-0.006710423,0.57386535,-0.0034757543,-0.15319347,0.50608313,-0.0763754,0.81940943,0.2811305,0.18740201,-0.0073247557,-0.6614591,0.14183886,0.099043034,0.22868517,-1.2041035,-0.16366585,0.4890965,-0.23747873,0.7380303,0.05763172,-0.39981446,-0.3250642,0.45093113,0.2927231,-0.17290968,0.18217851,0.49745443,0.17472014,-0.301473,-0.06343672,0.28061938,0.70256025,-0.31408122,-0.29158646,0.4926511,-0.4410428,Money
-0.15438375,-0.14941466,0.5705224,0.24268854,0.25594422,-0.89072984,0.104141444,-0.73294866,-0.24132714,-0.5448232,-0.88859516,-0.020844946,-0.02181974,-0.82669383,-0.030503675,0.9023161,-0.4035236,-0.036937837,-0.10227722,0.21085218,0.11402441,0.7071753,-0.054955125,-0.13806647,0.5624963,-0.123037174,0.80002594,0.46704778,0.14667633,0.06397065,-0.75179046,0.14649819,0.18723927,0.16584441,-1.3747332,-0.13424915,0.61518013,-0.34570256,0.7992614,0.0065297685,-0.44563016,-0.41570273,0.5364388,0.3891748,-0.17108251,0.22259742,0.49537915,0.23078491,-0.2801793,-0.044878893,0.2975907,0.65053606,-0.2964193,-0.19376525,0.43892822,-0.46210545,Money
-0.14674136,-0.14385515,0.5684747,0.21141116,0.26019508,-0.8689667,0.10013961,-0.6829372,-0.19902831,-0.52281994,-0.8465545,-0.03740108,-0.021232747,-0.7741025,-0.041364655,0.8563807,-0.3950919,-0.08552104,-0.12266254,0.20523228,0.081003055,0.6601291,-0.067310244,-0.12952258,0.52116156,-0.1080793,0.77174103,0.3839714,0.14436556,0.046586554,-0.7043412,0.124338344,0.14686492,0.14006461,-1.3221161,-0.1106356,0.60280603,-0.2896506,0.7737348,0.010725565,-0.42005223,-0.38052028,0.498021,0.36415336,-0.1952943,0.20603217,0.45926037,0.19083495,-0.28730887,-0.060250614,0.3005758,0.65551597,-0.28865644,-0.2278735,0.42634037,-0.42770016,Money
-0.08317908,-0.10441075,0.5734012,0.099157915,0.18244015,-0.7807435,0.0518415,-0.6309863,-0.19796744,-0.50471926,-0.8076468,-0.1746551,-0.023174647,-0.6402034,-0.0544278,0.9035279,-0.40389434,-0.2563378,-0.21440192,0.1608711,-0.09420201,0.48978254,-0.04047286,-0.15055183,0.39277315,-0.17095229,0.7957941,0.051188294,0.1465575,-0.10673201,-0.66540617,0.12169044,0.02590039,0.06525991,-1.1804003,-0.21819073,0.5579618,-0.047680106,0.7398555,0.04017481,-0.4049186,-0.27537218,0.3386704,0.2997917,-0.22250552,0.21044272,0.45748615,0.17465764,-0.37037212,-0.064245716,0.29373345,0.8450639,-0.069274485,-0.36384428,0.47153658,-0.26812983,Otomotif
-0.1629022,-0.08689187,0.74062634,0.122858346,0.1618583,-1.1227086,0.22847308,-0.73315966,-0.10874493,-0.49890018,-1.1925392,-0.10439526,-0.121002235,-0.9343139,0.05313112,1.1248511,-0.48901254,-0.2296787,-0.3506309,0.29746503,-0.000953065,0.75313544,-0.10564656,-0.035858616,0.56078243,-0.14909694,1.037761,0.21078247,0.26217014,-0.112007566,-0.7578833,0.12935503,0.11988347,0.09939446,-1.5829701,-0.23835668,0.6966579,-0.20026718,0.9447521,-0.09526497,-0.45899606,-0.3511765,0.45183375,0.42833158,-0.32733813,0.2834753,0.5968197,0.12756781,-0.46571913,-0.29925483,0.47346833,1.0129311,-0.26416454,-0.40118957,0.43083215,-0.34765816,Tekno
-0.06688023,-0.019196462,0.57172084,0.027921237,0.16271701,-0.7262058,-0.043872356,-0.47668505,-0.08452331,-0.4942656,-0.5158542,-0.23178586,-0.014465354,-0.572771,-0.09161132,0.6451025,-0.38992637,-0.27915847,-0.16303131,0.1690404,-0.22252268,0.28200606,0.0018596271,-0.18766494,0.30873385,-0.08677471,0.7422898,-0.16962925,0.18142486,-0.12476919,-0.483014,0.108724535,-0.036404207,0.14111896,-0.91816086,-0.2086842,0.3612229,0.07880742,0.6261813,0.1287853,-0.2942569,-0.17108019,0.2578583,0.16272831,-0.1610855,0.082917474,0.39214298,0.022084136,-0.2817678,-0.043213464,0.2645875,0.76886606,-0.14928983,-0.4163577,0.50153273,-0.2843508,Tekno
-0.07354061,-0.03329831,0.6387531,0.02157212,0.1627016,-0.85743386,0.01677226,-0.54583347,-0.089035474,-0.51244193,-0.7143973,-0.22233307,-0.03826106,-0.6637645,-0.056205004,0.8054464,-0.42614305,-0.29879037,-0.23646285,0.21198651,-0.20019251,0.3838669,-0.023281347,-0.14504375,0.36624765,-0.13137293,0.8568265,-0.12602228,0.20672472,-0.14277726,-0.54319084,0.10636939,-0.024794515,0.121018425,-1.1066643,-0.22318134,0.4453038,0.03864381,0.70431936,0.07970966,-0.33875272,-0.20780979,0.301658,0.23234415,-0.20615149,0.13418765,0.48396164,0.049060483,-0.34743437,-0.12138631,0.31919712,0.8760395,-0.1654854,-0.44864348,0.49716365,-0.26599014,Tekno
-0.09286428,-0.13249268,0.65291876,0.079772666,0.14569497,-0.82808065,0.03629134,-0.67658204,-0.19527622,-0.52831537,-0.80845404,-0.25741643,-0.020925311,-0.67778665,-0.057951827,0.94846886,-0.47284442,-0.31461567,-0.25248605,0.16787423,-0.1966022,0.46167544,-0.038202144,-0.1782918,0.43650174,-0.15962538,0.8825277,-0.08209743,0.17235886,-0.20986965,-0.7657989,0.096494555,-0.014859633,0.049497098,-1.2769897,-0.26891136,0.5976881,0.04995822,0.8137501,0.021985037,-0.3914234,-0.25229913,0.31663153,0.32570198,-0.27811942,0.20891479,0.4655512,0.11953754,-0.43482488,-0.05192427,0.32871127,0.9881641,-0.048840277,-0.4501602,0.53438485,-0.24551684,Tekno
-0.09649275,-0.051378414,0.57405657,0.08701477,0.18211506,-0.74681944,-0.00045888015,-0.5659478,-0.1372067,-0.51302177,-0.653608,-0.1753172,-0.034080643,-0.63749886,-0.07572307,0.7316469,-0.39274082,-0.22907335,-0.15497005,0.16565894,-0.13474587,0.4052582,-0.026052052,-0.18279402,0.36023608,-0.10560091,0.75811565,-0.029585373,0.16193794,-0.09031356,-0.57125634,0.1293007,0.024384947,0.12270888,-1.0535018,-0.20197675,0.46022308,-0.013424684,0.6854491,0.09621398,-0.33525026,-0.2284952,0.31486216,0.23190297,-0.17108554,0.12767316,0.41964,0.08234171,-0.28869355,-0.060552992,0.27322906,0.7770931,-0.1516107,-0.35662556,0.48259088,-0.33027488,Tekno
-0.07138269,-0.033883665,0.58157337,0.026914328,0.16165511,-0.7744134,-0.002844295,-0.49596226,-0.083472915,-0.48520344,-0.6164329,-0.20922266,-0.029772101,-0.6061105,-0.068416625,0.7028538,-0.389838,-0.27330837,-0.18975937,0.18754885,-0.18982379,0.3362453,-0.012261822,-0.14427532,0.3305765,-0.10719535,0.76939154,-0.1246321,0.18328746,-0.12594067,-0.49546045,0.100900866,-0.02301426,0.12392489,-0.99065775,-0.19983697,0.40092722,0.038587652,0.6411129,0.098976925,-0.30888513,-0.1966009,0.27798256,0.20365822,-0.1827963,0.10621277,0.4205521,0.03993972,-0.3063529,-0.08280508,0.28122562,0.7882592,-0.15929568,-0.41045454,0.47193983,-0.26900432,Tekno
-0.098829426,-0.057046987,0.746297,0.04858376,0.20156263,-0.93125653,-0.030645471,-0.68984854,-0.15116897,-0.639503,-0.72130466,-0.32150084,-0.028312357,-0.7637121,-0.10970772,0.91887134,-0.5110367,-0.34779218,-0.22551955,0.19907996,-0.28253332,0.38823006,0.0075701457,-0.2602583,0.45032814,-0.15105766,1.0164762,-0.19072983,0.2459387,-0.19188006,-0.71330464,0.14375594,-0.018243369,0.15470484,-1.2831442,-0.29238972,0.534336,0.096895516,0.8592954,0.11710033,-0.39312112,-0.23507479,0.3415915,0.25757456,-0.22332399,0.14412226,0.52546966,0.052174136,-0.39337113,-0.030716456,0.3463975,1.0436854,-0.16296871,-0.53489,0.6639679,-0.3675649,Tekno
-0.14549665,-0.16947573,0.6695051,0.14126892,0.15228432,-0.95465356,0.1619023,-0.7104678,-0.21666564,-0.5488605,-1.1844447,-0.11358012,-0.061900083,-0.7880827,-0.002714356,1.1278876,-0.5044082,-0.2921147,-0.31115302,0.22980012,-0.027155569,0.73832905,-0.12993647,-0.042981602,0.4538744,-0.14824744,0.8865571,0.115720876,0.14017127,-0.15400423,-0.7692892,0.11520408,0.021317353,-0.009233727,-1.4556777,-0.23401387,0.7335179,-0.13999003,0.90081745,-0.029938795,-0.45378885,-0.3654929,0.39939308,0.42622334,-0.35763228,0.30164447,0.4862425,0.2086665,-0.5094232,-0.21377368,0.40471548,0.98255134,-0.003383052,-0.37357703,0.42177087,-0.252991,Tekno
-0.08641959,-0.05583743,0.5875646,0.07396598,0.16599466,-0.8092905,0.02221492,-0.5703213,-0.12207748,-0.49246082,-0.7031614,-0.18113138,-0.030347748,-0.66180015,-0.048582472,0.78362286,-0.4024051,-0.22869325,-0.19417189,0.19553281,-0.13746125,0.41777328,-0.02304719,-0.14690737,0.39192107,-0.13099022,0.8069125,-0.0066733533,0.17967801,-0.099756226,-0.5739801,0.11242584,0.029268004,0.1238888,-1.1105647,-0.21062261,0.45533168,-0.028683038,0.69207394,0.061341055,-0.33957782,-0.24255987,0.33118802,0.25988895,-0.19029433,0.13950363,0.4574113,0.087579824,-0.31725606,-0.07770082,0.29676828,0.80101,-0.17597644,-0.3771068,0.4668735,-0.29262123,Tekno
-0.10553665,-0.062391546,0.69543093,0.043457955,0.17641734,-0.9111393,0.013553738,-0.6167301,-0.11726194,-0.57586145,-0.8206537,-0.22755176,-0.039735608,-0.7221691,-0.07695877,0.88970804,-0.4750038,-0.3297605,-0.2483782,0.21381633,-0.20463632,0.45146734,-0.048510958,-0.15951292,0.39384425,-0.13557889,0.914679,-0.1353668,0.19591106,-0.1558088,-0.6213024,0.12519228,-0.025597587,0.10602814,-1.228146,-0.24607271,0.52360195,0.039861076,0.79449624,0.09536068,-0.36998627,-0.24325305,0.32999927,0.27681968,-0.23917837,0.15078953,0.49361566,0.06576879,-0.389228,-0.12803753,0.3496683,0.96103007,-0.12839752,-0.47370464,0.5388458,-0.2945933,Tekno
-0.12465665,-0.18158469,0.6518668,0.16555688,0.15462941,-0.95965475,0.19169109,-0.76535004,-0.25880045,-0.5557411,-1.3082206,-0.06861568,-0.06291138,-0.80230796,0.008435627,1.2328194,-0.5036839,-0.27740705,-0.32896426,0.23121877,0.04428993,0.8085453,-0.1447406,-0.0182479,0.45294115,-0.21825045,0.8949353,0.2144016,0.11824488,-0.11796182,-0.79952407,0.14545254,0.03924196,-0.040541004,-1.5252283,-0.227866,0.7750131,-0.20187493,0.90825576,-0.042985674,-0.48520496,-0.4076132,0.42959794,0.47098917,-0.34790194,0.3541342,0.5305137,0.29539263,-0.54136133,-0.24628393,0.41377205,0.9901569,0.03858317,-0.32953247,0.40099767,-0.20606656,Tekno
-0.07304718,-0.058544498,0.6219387,0.10459038,0.19447277,-0.9503292,0.22855303,-0.7591115,-0.08820608,-0.39094332,-0.5999742,-0.2128032,-0.096387334,-0.8478252,0.004862793,0.88856554,-0.3670713,-0.043812744,-0.230731,0.1939093,-0.061904375,0.45723522,0.08745491,-0.22057357,0.7140438,-0.17311521,1.0326953,0.32358184,0.40963373,-0.019838916,-0.773095,0.10880319,0.28442943,0.23882678,-1.4673653,-0.20780322,0.5253016,-0.16973215,0.8287427,-0.15441465,-0.36249757,-0.25130534,0.4613111,0.32171077,-0.11217413,0.1973093,0.6138686,0.011901568,-0.2342269,0.011597404,0.39826703,0.7392314,-0.55646205,-0.34717527,0.5637452,-0.46744785,Megapolitan
-0.06473876,0.051334657,0.9141511,-0.018420085,0.33357948,-1.236458,-0.12174971,-0.6715167,-0.044648763,-0.76371783,-0.44981602,-0.44505498,-0.013129536,-1.0013736,-0.18984221,0.80853415,-0.5847635,-0.32574713,-0.18657845,0.285886,-0.40925553,0.29656896,0.14860693,-0.3501599,0.6254834,-0.093675114,1.1899418,-0.16888729,0.4139425,-0.10112908,-0.7259355,0.16068853,0.014856849,0.4219959,-1.3740257,-0.27051526,0.41215953,0.05973642,0.9117789,0.22848879,-0.4253255,-0.20940009,0.44608155,0.12577628,-0.1192393,0.065788455,0.7073807,-0.05843358,-0.32594272,0.072814904,0.33022788,1.0297507,-0.6041811,-0.6650284,0.93570834,-0.5911441,Megapolitan
-0.07213365,0.0323438,0.88895345,-0.01354766,0.31279293,-1.1353126,-0.12559189,-0.6482471,-0.057340834,-0.74018484,-0.44544154,-0.4556713,-0.021477474,-0.9251783,-0.20124115,0.7810039,-0.5772932,-0.35101086,-0.1676335,0.24805312,-0.4402375,0.26409978,0.124191016,-0.35612157,0.5573218,-0.09170211,1.1245401,-0.27057582,0.3761636,-0.1412562,-0.72292167,0.1521443,-0.019143019,0.35421732,-1.2989212,-0.26904705,0.4131178,0.12330942,0.8878766,0.2346593,-0.40139866,-0.18703352,0.3964445,0.12263518,-0.13586567,0.06211243,0.6451416,-0.06585891,-0.34536168,0.07009155,0.31583592,1.0607346,-0.4758353,-0.66074747,0.9073632,-0.54107624,Megapolitan
-0.040946424,-0.06803324,0.57599455,0.041814834,0.1822179,-0.82754236,0.040435575,-0.5719741,-0.108251,-0.46310133,-0.5418187,-0.25783154,-0.023865266,-0.6786522,-0.053063825,0.7667132,-0.41182128,-0.22560179,-0.21951136,0.17527573,-0.16608866,0.34860912,0.06387389,-0.1720271,0.50359386,-0.11421141,0.82984483,0.039952874,0.276125,-0.11867922,-0.6739089,0.076672785,0.043967023,0.16657786,-1.1485385,-0.20646478,0.45820647,-0.018614234,0.7189927,0.015457369,-0.35494462,-0.20686439,0.33058637,0.22555667,-0.18817352,0.17534305,0.47500578,0.073333755,-0.33255452,0.009863655,0.28639644,0.7719952,-0.28305402,-0.40564767,0.5644252,-0.30740032,Megapolitan
-0.05439327,-0.05362307,0.57488906,0.040055692,0.18605235,-0.85675764,0.054855205,-0.5465291,-0.0755075,-0.45099795,-0.5664466,-0.22618954,-0.036178745,-0.6931719,-0.040848944,0.7426016,-0.39663994,-0.21115543,-0.21476187,0.19664627,-0.14078479,0.37215912,0.0492381,-0.15058321,0.49727845,-0.09948546,0.82361126,0.06288088,0.27911332,-0.09410595,-0.620906,0.07811596,0.06286735,0.17706509,-1.1366918,-0.18576574,0.4430856,-0.049370963,0.7023545,0.010003832,-0.34210697,-0.21405308,0.34141034,0.22527628,-0.18821196,0.15949665,0.47214872,0.059802026,-0.31335902,-0.028507812,0.29574165,0.73579776,-0.32136872,-0.39671212,0.53416026,-0.32317096,Megapolitan
-0.16203861,-0.09364988,0.60903466,0.25845668,0.2562035,-0.9191064,0.10606876,-0.7803562,-0.24717243,-0.5647212,-0.9097818,-0.045810204,-0.04007333,-0.87190616,-0.019060846,0.94088155,-0.40076825,-0.0233187,-0.11421679,0.23010203,0.08928343,0.69018704,-0.03182561,-0.18322378,0.57816017,-0.14376752,0.8839463,0.45022967,0.17214124,0.063368626,-0.74960387,0.18231532,0.20706426,0.18225092,-1.4157909,-0.15529004,0.59443974,-0.34234336,0.8179046,0.0026531161,-0.44886762,-0.40069598,0.5455103,0.38218266,-0.14490323,0.2174916,0.56350374,0.20668948,-0.2542802,-0.06861861,0.3232257,0.7071426,-0.34079465,-0.22167262,0.4616635,-0.4912779,Money
-0.15391587,-0.09780664,0.55194116,0.24409494,0.2546749,-0.84034085,0.106642686,-0.7447911,-0.22308941,-0.48421606,-0.7313623,-0.09110932,-0.034088977,-0.84628665,-0.025994265,0.8198657,-0.36059615,0.040557593,-0.081752725,0.18106459,0.08821318,0.60156447,0.017540948,-0.20489737,0.60376066,-0.13470691,0.8069032,0.49759337,0.19951488,0.076672494,-0.78782564,0.1571746,0.24299611,0.20091902,-1.3488579,-0.13848172,0.55243915,-0.32777503,0.7656071,-0.030561958,-0.4114336,-0.36879995,0.52595043,0.35341278,-0.10164639,0.21389185,0.5174496,0.1800514,-0.2185664,0.036064953,0.27011225,0.6027446,-0.3837321,-0.19932273,0.48263174,-0.48580453,Money
-0.13028657,-0.11146765,0.47300118,0.24722715,0.16839653,-0.7132235,0.06519878,-0.71204144,-0.26323515,-0.43971616,-0.7630015,-0.09592028,0.0054276264,-0.7218944,-0.0005738585,0.8331992,-0.3622788,-0.023776112,-0.13683759,0.17028685,0.03507234,0.5345121,-0.004634479,-0.20280193,0.5231885,-0.16848601,0.7134375,0.35604212,0.12798719,-0.026161984,-0.7677583,0.14750278,0.1470157,0.119070545,-1.2266545,-0.1967228,0.5090826,-0.22120392,0.6952927,-0.01829731,-0.3781016,-0.33151355,0.42200172,0.34998807,-0.16163217,0.23609626,0.44749436,0.21813795,-0.2753152,0.04192269,0.26158062,0.676514,-0.1839302,-0.22447558,0.41395375,-0.3340872,Money
-0.16398823,-0.108810365,0.5924025,0.24323216,0.28308362,-0.89919233,0.16380222,-0.80604535,-0.21025127,-0.49267012,-0.7342834,-0.10351678,-0.05828448,-0.9162234,-0.033451352,0.85875,-0.35890597,0.06945474,-0.07543403,0.1856473,0.11000915,0.63285065,0.025538314,-0.22152744,0.6655191,-0.14529464,0.8920089,0.5665481,0.2534654,0.113766834,-0.83161825,0.15367827,0.30568403,0.22323388,-1.4661379,-0.12773752,0.60444576,-0.3617171,0.82669914,-0.075272314,-0.42681912,-0.38833332,0.57609093,0.37343585,-0.08082506,0.21625246,0.5570274,0.15943196,-0.20077491,0.049775295,0.2965209,0.6012437,-0.4729675,-0.19715555,0.5153338,-0.5596452,Money
-0.13577934,-0.10453993,0.5503476,0.2666538,0.20847742,-0.8087205,0.031599443,-0.7614701,-0.26491082,-0.5275739,-0.825362,-0.11698293,0.013963845,-0.794968,-0.017543763,0.9077343,-0.41237077,-0.07723881,-0.1535705,0.19303054,0.0015260815,0.56869495,-0.0066809985,-0.24319874,0.5607747,-0.16885878,0.79964346,0.3232648,0.15263386,-0.029073512,-0.79024476,0.16809483,0.11827804,0.15361054,-1.3212255,-0.21113428,0.53028387,-0.21179266,0.77806836,0.039971136,-0.4236238,-0.3483779,0.47174266,0.3535866,-0.17748706,0.24403086,0.5032429,0.2230405,-0.3007053,0.015067254,0.29947114,0.77492285,-0.21554103,-0.28823432,0.4897749,-0.3791168,Money
-0.11356447,-0.08449011,0.53919137,0.21570489,0.19574304,-0.7560101,-0.015367052,-0.699429,-0.241356,-0.54365236,-0.7901851,-0.13848914,0.031282887,-0.7171027,-0.04539975,0.867971,-0.40906796,-0.15842822,-0.16621472,0.17999701,-0.06637514,0.4852245,-0.01809594,-0.2456164,0.47682142,-0.1754955,0.76505435,0.16076265,0.12955172,-0.06081354,-0.6983817,0.16564675,0.045735974,0.13222577,-1.1907294,-0.21853611,0.47822857,-0.115096934,0.7256754,0.09817112,-0.40752044,-0.30086643,0.4081309,0.3028977,-0.16815096,0.20843336,0.48201025,0.19757429,-0.30286327,-0.010217709,0.28512114,0.8038439,-0.13380997,-0.32778004,0.49073142,-0.31641638,Money
-0.120934464,-0.055966895,0.56255615,0.14055726,0.15479343,-0.8362674,0.13041452,-0.64749366,-0.13214353,-0.47029784,-0.836215,-0.08531868,-0.076148406,-0.75228626,0.0047523626,0.8436569,-0.3626948,-0.10400569,-0.19107683,0.2155173,0.00010830233,0.5486443,-0.03183272,-0.13484155,0.48729005,-0.13671,0.856695,0.2150275,0.22640704,-0.03654014,-0.616289,0.13675924,0.14014545,0.13320883,-1.2459022,-0.18205312,0.504638,-0.18629955,0.7309144,-0.03112442,-0.34779495,-0.28752607,0.39905238,0.30513966,-0.17333816,0.1752547,0.5030337,0.10073269,-0.27109963,-0.13203694,0.3485827,0.7240225,-0.27677342,-0.2791187,0.4049783,-0.36634496,Tekno
-0.054567497,-0.257362,0.53105915,0.1931676,0.062679864,-0.6862994,0.15101375,-0.88547975,-0.3613273,-0.46787924,-1.0944772,-0.18903963,0.033241905,-0.6445976,0.030101733,1.238515,-0.4578276,-0.26063824,-0.34785965,0.11841768,-0.07054781,0.5765763,-0.08899692,-0.17392297,0.5498308,-0.34371948,0.8711772,0.13472702,0.118013,-0.217495,-1.0079607,0.10584864,0.029438945,-0.10560471,-1.5128957,-0.31567657,0.72958577,-0.06485547,0.86713505,-0.12129231,-0.46012813,-0.33002016,0.36894265,0.47644556,-0.30441153,0.3875947,0.53087527,0.30310822,-0.51180667,-0.020959394,0.36851522,1.054513,0.17613384,-0.33880195,0.41973108,-0.043061737,Tekno
-0.0888756,-0.07956077,0.5470465,0.12878169,0.23853588,-0.8265884,0.0768687,-0.6052241,-0.1184932,-0.42595756,-0.43351293,-0.19214876,-0.010547213,-0.75299174,-0.039059006,0.68453145,-0.34897608,-0.024002124,-0.086495966,0.18759397,-0.02837667,0.43526244,0.08787469,-0.19249214,0.6183528,-0.07017516,0.8214564,0.36834317,0.30833915,0.0051970575,-0.6923248,0.07198469,0.19479403,0.26514742,-1.1809139,-0.1303962,0.45506892,-0.21865109,0.72450405,-0.06268947,-0.3551295,-0.2774941,0.44115523,0.26222053,-0.11766238,0.15221015,0.45533472,0.095633104,-0.22069351,0.09010674,0.26141015,0.5473131,-0.48628953,-0.27987117,0.5596359,-0.47782937,Megapolitan
-0.058721833,-0.01612184,0.56389004,0.02533037,0.17269287,-0.7857889,0.024291918,-0.48157173,-0.049623217,-0.4360541,-0.51737183,-0.21481326,-0.03604869,-0.628721,-0.057734385,0.6453968,-0.36537614,-0.21530122,-0.17914785,0.19187424,-0.17064142,0.31343225,0.024687411,-0.15338638,0.3810939,-0.08799371,0.76874274,-0.044297677,0.23928882,-0.096143626,-0.49455434,0.08308495,0.022344613,0.176008,-0.9826971,-0.18064132,0.36486033,0.007406688,0.6238357,0.063971795,-0.29864877,-0.17856131,0.29483822,0.19127725,-0.14833885,0.10194294,0.43218142,0.012951555,-0.26259625,-0.048546523,0.27525976,0.71101576,-0.27334604,-0.39380357,0.48620135,-0.30721354,Tekno
-0.09876254,-0.08210367,0.5003995,0.15822175,0.20431566,-0.8146519,0.10695831,-0.59088576,-0.14317775,-0.39402294,-0.57125914,-0.10678807,-0.039756496,-0.72979563,-0.0034250044,0.7068444,-0.325021,-0.005324851,-0.10847483,0.20584361,0.05380996,0.5067308,0.044604294,-0.13212387,0.55228937,-0.079631485,0.7509774,0.40225676,0.23615783,0.01689649,-0.6485722,0.08316483,0.19870187,0.2158659,-1.1542636,-0.14870682,0.46589044,-0.2552615,0.68344194,-0.06809123,-0.35496292,-0.29945862,0.41615927,0.28250682,-0.13978203,0.17776833,0.45041263,0.13952619,-0.21705449,0.008848358,0.25729838,0.5300538,-0.41473815,-0.21947017,0.43804902,-0.4390529,Megapolitan
-0.0943614,-0.11881418,0.6223551,0.15371348,0.22493082,-0.94262844,0.091643475,-0.71602666,-0.16578585,-0.5011743,-0.6020806,-0.21869838,-0.040474042,-0.83650833,-0.034632303,0.83346,-0.41873404,-0.087325186,-0.14809608,0.21725358,-0.040377956,0.53576607,0.065981016,-0.22335654,0.65602756,-0.11135005,0.9418978,0.34340337,0.31932864,-0.049197186,-0.82050806,0.07598203,0.19870864,0.23173033,-1.3417225,-0.19920607,0.5735342,-0.20307148,0.82675534,-0.08516452,-0.4251894,-0.316688,0.4561058,0.3102487,-0.18267636,0.20764962,0.5226635,0.123945504,-0.2850918,0.06367521,0.2905492,0.73177284,-0.44401398,-0.3348445,0.58991677,-0.49796134,Megapolitan
-0.096438535,-0.14752796,0.6167189,0.17461343,0.25269225,-0.96379805,0.113487534,-0.77365434,-0.19049023,-0.50801104,-0.6274188,-0.19929919,-0.026470017,-0.8740062,-0.034069773,0.87447923,-0.41357094,-0.049412064,-0.13586822,0.21102354,0.0135484245,0.5838511,0.06955334,-0.23197356,0.71151376,-0.1338248,0.95699966,0.45896214,0.32143247,-0.013393398,-0.8857282,0.0769758,0.24777518,0.23434307,-1.4309996,-0.18448094,0.62230796,-0.2617704,0.86243165,-0.11177296,-0.4538232,-0.35891297,0.50117946,0.3397534,-0.17209464,0.23044993,0.5443105,0.15977989,-0.27491793,0.09492979,0.2881426,0.69288343,-0.4847037,-0.30297327,0.59945875,-0.52694386,Megapolitan
-0.1009381,-0.17149676,0.6222956,0.21635374,0.2869444,-0.94602215,0.10050599,-0.8312686,-0.25014418,-0.53038234,-0.5279774,-0.219565,0.007976072,-0.9021986,-0.067238525,0.8835247,-0.41234243,0.032864988,-0.053621475,0.20285325,0.040922377,0.593556,0.11087841,-0.27044967,0.7889287,-0.13120304,0.98119193,0.6047863,0.32827276,0.024790147,-0.9734451,0.0809763,0.2936159,0.2902115,-1.4766866,-0.17966923,0.6383848,-0.31303275,0.90369123,-0.13360491,-0.47610202,-0.40060854,0.5499324,0.36347252,-0.12174576,0.23776644,0.54854554,0.20602383,-0.25290686,0.20722139,0.26042503,0.6257577,-0.53364545,-0.26487148,0.6776506,-0.60324204,Megapolitan
-0.09133988,-0.18490781,0.5636171,0.22745538,0.2738127,-0.83337694,0.07968794,-0.8203647,-0.29219222,-0.5015247,-0.47991127,-0.20895235,0.031036343,-0.8249135,-0.06972669,0.8488046,-0.3853502,0.06084156,-0.023867114,0.16465893,0.056929167,0.55654764,0.11125777,-0.27200142,0.756517,-0.15438682,0.90437955,0.62046087,0.28178698,0.028469592,-0.9767795,0.07711858,0.2814149,0.26169938,-1.404874,-0.17277299,0.6223055,-0.30697852,0.8558971,-0.13654323,-0.45721397,-0.3905341,0.5212613,0.3559535,-0.09665855,0.24241114,0.51137495,0.23385522,-0.23365127,0.2516174,0.21602206,0.5716657,-0.4607147,-0.21852563,0.6450109,-0.5567685,Megapolitan
-0.109372474,-0.20497084,0.6300143,0.264077,0.3280853,-0.9522746,0.10805987,-0.9381808,-0.32533976,-0.567533,-0.51756763,-0.21751767,0.026568137,-0.9546277,-0.08473277,0.94357926,-0.41870648,0.10995189,-0.0010244894,0.18684517,0.09714116,0.6462123,0.13552646,-0.30955464,0.87637436,-0.16427301,1.0273272,0.76871616,0.33081427,0.070754334,-1.0966887,0.094006486,0.3594757,0.3199688,-1.5975838,-0.18039107,0.7035837,-0.3832166,0.96748084,-0.16432615,-0.5193788,-0.45791784,0.6116191,0.40738493,-0.082075804,0.26104003,0.58250475,0.26111367,-0.23058847,0.29568106,0.2406053,0.59036404,-0.5788752,-0.21791413,0.73239017,-0.6759174,Megapolitan
-0.14550449,-0.15993977,0.64076453,0.23990154,0.26553902,-0.96742326,0.12553631,-0.76765215,-0.26298073,-0.54210657,-0.9278987,-0.08749271,-0.0075969324,-0.8766515,-0.0112559935,1.0223764,-0.43574858,-0.053211913,-0.13628228,0.24405408,0.08860517,0.7433247,-0.026409643,-0.117095344,0.6339467,-0.123996526,0.89864033,0.5150737,0.20875081,-0.0015677642,-0.85935736,0.11906266,0.17378399,0.16639681,-1.4800513,-0.1710574,0.66677856,-0.3549911,0.888989,-0.067769855,-0.49041468,-0.43047592,0.5452869,0.4265583,-0.20881183,0.28467676,0.54780746,0.27953678,-0.35735106,-0.036871657,0.3115105,0.71721905,-0.29652473,-0.23396295,0.49952957,-0.45031875,Megapolitan
-0.14383252,-0.11990174,0.64598155,0.22185014,0.26986885,-1.0314968,0.13649127,-0.73505116,-0.1927636,-0.53586906,-0.88021094,-0.051930767,-0.010369542,-0.91152644,0.0033028177,0.97419024,-0.41472763,-0.03200159,-0.14977394,0.28033677,0.097974256,0.7137821,-0.011569823,-0.10460908,0.6613075,-0.11245667,0.92537546,0.537437,0.23259786,0.055957243,-0.76651216,0.12671067,0.19847447,0.24000518,-1.4771645,-0.1524121,0.6061448,-0.38174295,0.8644971,-0.050352845,-0.47318083,-0.41291633,0.5725336,0.39603353,-0.1840044,0.2417082,0.5838583,0.22982034,-0.3044845,-0.07916687,0.34542495,0.6738719,-0.42786524,-0.24414611,0.48404586,-0.4843259,Megapolitan
-0.1600984,-0.16540015,0.5694808,0.22905014,0.19004217,-0.8480497,0.17920275,-0.7704705,-0.24449731,-0.4783779,-0.9034234,-0.078386486,-0.07102344,-0.796996,0.0003236981,0.95970356,-0.38671383,-0.043430082,-0.15329145,0.17851385,0.079645135,0.6833194,-0.03580798,-0.13401791,0.5667959,-0.13223,0.8406875,0.39502934,0.18535422,-0.037285287,-0.8160624,0.12384706,0.20927945,0.10679395,-1.4297922,-0.19495678,0.6563247,-0.2591076,0.8364461,-0.0844315,-0.426441,-0.36196515,0.4708873,0.41571075,-0.20981772,0.24739942,0.49510524,0.19612548,-0.31334984,-0.036725,0.338116,0.74078566,-0.23911679,-0.21172729,0.41333666,-0.4325937,Megapolitan
-0.12368405,-0.115106255,0.5614424,0.18680735,0.21863669,-0.88496196,0.13272831,-0.64666736,-0.17204346,-0.46378887,-0.7865735,-0.069951005,-0.041711953,-0.7839575,-0.013018611,0.83775604,-0.38146448,-0.06729386,-0.13933109,0.2306546,0.06569008,0.6236494,-0.02926076,-0.10366748,0.5478003,-0.09598216,0.8053935,0.38895217,0.19922821,0.023059508,-0.6867689,0.10443802,0.16065383,0.166351,-1.2944416,-0.13554917,0.5610609,-0.2881777,0.76480436,-0.049905304,-0.3961363,-0.3564883,0.47267306,0.34308523,-0.20010532,0.20593154,0.47249493,0.17844963,-0.2879105,-0.068376176,0.31408074,0.6422386,-0.3378136,-0.2413123,0.43581885,-0.4184147,Money
-0.18340728,-0.17657581,0.69814855,0.289575,0.28579593,-1.1143458,0.14545035,-0.8354345,-0.27254245,-0.5767489,-1.0318741,-0.06672999,-0.020015674,-1.0060465,0.024674017,1.1038959,-0.47955456,-0.016973447,-0.15285608,0.29150024,0.14283414,0.860822,-0.018860351,-0.102863856,0.73641104,-0.09063096,0.9748825,0.64329016,0.24512115,0.0031062998,-0.9548397,0.12497081,0.21887736,0.23175724,-1.6479973,-0.1952709,0.7340185,-0.43548867,0.9758561,-0.0902508,-0.5421765,-0.484259,0.60789126,0.48090452,-0.25742105,0.31698945,0.5895653,0.31011295,-0.39890942,-0.05177653,0.35306424,0.7521826,-0.399363,-0.23449591,0.5322393,-0.5400175,Megapolitan
-0.07107506,-0.037099205,0.5263198,0.069653645,0.19531225,-0.7584871,0.03183204,-0.49661103,-0.085419334,-0.4137471,-0.5100961,-0.17402391,-0.023712052,-0.6315353,-0.038139485,0.6546056,-0.34603724,-0.14270993,-0.14716636,0.17061901,-0.09589372,0.36601606,0.033195384,-0.14783332,0.4259637,-0.091714434,0.7237604,0.10503204,0.22785835,-0.046315733,-0.5405913,0.087125145,0.07359534,0.17376937,-0.99262196,-0.15481277,0.39064908,-0.087310486,0.6171105,0.019475082,-0.31587493,-0.20821789,0.33469802,0.21248534,-0.13688014,0.13332959,0.42936513,0.07485144,-0.25170502,-0.024046833,0.2301117,0.623724,-0.29053742,-0.32063067,0.4516221,-0.32469243,Megapolitan
-0.17425875,-0.20345646,0.58564615,0.2612402,0.16434732,-0.83626455,0.22679542,-0.803974,-0.28584725,-0.48913068,-1.0903716,-0.026632184,-0.080685824,-0.8135559,0.025127497,1.0731157,-0.4084192,-0.048112415,-0.1841455,0.1872979,0.123658136,0.77116394,-0.08591015,-0.08828254,0.5658749,-0.14841881,0.8472396,0.43183383,0.13709559,-0.016974729,-0.843744,0.13246943,0.17454493,0.040753353,-1.5043352,-0.17074266,0.71198446,-0.3123546,0.86232126,-0.08957621,-0.4556871,-0.38532826,0.5045493,0.4800044,-0.23411493,0.2898546,0.52523553,0.2297563,-0.36265948,-0.12274792,0.36553815,0.80576575,-0.13584763,-0.17798166,0.35683537,-0.36963567,Money
-0.083302945,-0.049322203,0.55513644,0.06618541,0.1410827,-0.8167706,0.087357946,-0.520372,-0.094688416,-0.4469687,-0.79040784,-0.10718075,-0.051244963,-0.65828794,0.0014932547,0.8006669,-0.3720675,-0.20430058,-0.2280798,0.22242367,-0.06520851,0.4864136,-0.046894427,-0.07313439,0.3928299,-0.101527154,0.7676772,0.07238942,0.19061927,-0.08604046,-0.5159789,0.099313825,0.024046449,0.10672779,-1.0861787,-0.17679627,0.44793427,-0.098977506,0.65551406,0.012601499,-0.33965388,-0.23744233,0.32591665,0.2584344,-0.20951912,0.17223743,0.4658011,0.10498314,-0.3232851,-0.16789828,0.3046904,0.7306218,-0.18869545,-0.3248956,0.38332394,-0.2533079,Tekno
-0.09088102,-0.051769823,0.52310795,0.11278011,0.1751629,-0.80146223,0.062922835,-0.5200421,-0.10712567,-0.40365613,-0.6062957,-0.13164964,-0.036645684,-0.67344433,0.0033014943,0.7052106,-0.34660822,-0.105080865,-0.16054316,0.205532,-0.039299984,0.44278172,0.022205263,-0.114900656,0.46045572,-0.0802685,0.7237341,0.2107706,0.21751525,-0.050098494,-0.5664222,0.08794537,0.09329806,0.18694744,-1.0549607,-0.16615953,0.41414234,-0.15516849,0.64341307,-0.0020883726,-0.34194002,-0.24024516,0.36116558,0.25522488,-0.15685494,0.16071512,0.440767,0.109256715,-0.26884115,-0.04929207,0.26185104,0.62124467,-0.2995429,-0.29696742,0.4251671,-0.3418879,Otomotif
-0.0817353,-0.05164085,0.4713969,0.06246042,0.1398831,-0.70180154,0.07512249,-0.4705172,-0.08164054,-0.36281577,-0.5656655,-0.13709483,-0.03830854,-0.5647007,-0.021053955,0.66287667,-0.3034594,-0.14311446,-0.16472164,0.16184208,-0.074252866,0.3629674,0.010102369,-0.1039562,0.3683605,-0.10848549,0.67883277,0.08923821,0.18349202,-0.07563138,-0.47979885,0.078745134,0.07263816,0.117746346,-0.9470336,-0.16827059,0.3883536,-0.07045547,0.5772463,-0.0029815934,-0.29078993,-0.19960243,0.29205295,0.23373252,-0.14261648,0.13166195,0.39524353,0.07065738,-0.24637854,-0.057092775,0.2479519,0.60740745,-0.21184798,-0.29601303,0.37767178,-0.27341118,Otomotif
-0.1200405,-0.1231622,0.5508146,0.123625316,0.13725801,-0.8298095,0.16091943,-0.5831335,-0.11059896,-0.3956766,-0.83469737,-0.12576847,-0.0713607,-0.6762592,0.02989019,0.85442114,-0.3675117,-0.16366602,-0.23945081,0.19001032,-0.03382332,0.5460563,-0.049471267,-0.07165423,0.45214066,-0.11163746,0.7819108,0.16021843,0.20664646,-0.11716647,-0.62516004,0.07487667,0.09005519,0.073183745,-1.210516,-0.18860236,0.5495999,-0.12000601,0.7250582,-0.07571739,-0.36145243,-0.26226544,0.35901228,0.35621798,-0.24776398,0.21665902,0.44034913,0.10930009,-0.35141256,-0.12299403,0.3284632,0.7687044,-0.1848219,-0.3153556,0.36603892,-0.28677163,Otomotif
-0.18284541,-0.20626444,0.62254477,0.21099587,0.21644285,-1.0082108,0.18940029,-0.7840556,-0.2257201,-0.55210066,-1.0727389,-0.06115067,-0.057513356,-0.87475944,0.041589025,1.0913855,-0.4149355,-0.10192197,-0.20393282,0.24004066,0.08996531,0.8032891,-0.039211378,-0.06456278,0.65095073,-0.1305709,0.91348946,0.46927318,0.25038183,-0.040504005,-0.8107281,0.1242414,0.19768831,0.14299157,-1.5489287,-0.17956163,0.7455856,-0.32231987,0.86137766,-0.09461298,-0.51279634,-0.41317838,0.5197025,0.47018743,-0.2755318,0.28780255,0.5569339,0.249226,-0.38555443,-0.09631229,0.35500526,0.7613954,-0.26144308,-0.2525384,0.45829308,-0.43791384,Otomotif
-0.17500994,-0.27649653,0.53295493,0.24078064,0.1773269,-0.86135423,0.24762902,-0.80656016,-0.26404032,-0.463177,-0.98286587,-0.07293083,-0.057397228,-0.8000253,0.030864809,1.0503218,-0.3818623,-0.0578526,-0.19493853,0.1671443,0.12188392,0.77792007,-0.033488706,-0.07991587,0.66983086,-0.12703316,0.8175772,0.53284574,0.22335583,-0.045537822,-0.89884657,0.08501463,0.23431042,0.07952562,-1.5414304,-0.16729149,0.7823456,-0.3107981,0.84701097,-0.16960071,-0.48934224,-0.40759644,0.49246168,0.49810794,-0.2827077,0.31560853,0.46600744,0.24994054,-0.38303652,-0.0056752125,0.3458702,0.7021151,-0.20098563,-0.18701291,0.4321479,-0.40154228,Money
-0.24006884,-0.24382606,0.62516403,0.3564471,0.2683627,-0.97237635,0.19913536,-0.937639,-0.37026447,-0.66154253,-1.2640911,0.040872596,-0.054826543,-0.96266973,0.00024390244,1.1960598,-0.441118,0.010813236,-0.110062726,0.21022744,0.22142467,0.9683409,-0.09480304,-0.11666932,0.66291875,-0.16681676,0.90542763,0.66683894,0.12809834,0.08866979,-0.9446453,0.20052539,0.25413862,0.1131181,-1.7249008,-0.14396931,0.8378414,-0.49437034,0.9492246,-0.04199186,-0.56834006,-0.5385173,0.6596231,0.5485972,-0.22580655,0.3202735,0.5911551,0.34170106,-0.35838556,-0.085495934,0.3573054,0.76623344,-0.19871658,-0.12761748,0.43824202,-0.5162095,Money
-0.10617773,-0.10678941,0.6272094,0.08479692,0.15771605,-0.9661336,0.16299759,-0.63850933,-0.09155709,-0.43577123,-0.85569334,-0.1778038,-0.077808656,-0.7717585,0.021940507,0.94073343,-0.41782796,-0.20554782,-0.29639822,0.21781535,-0.07662815,0.54816365,-0.016045425,-0.09994573,0.5318413,-0.14153597,0.90601057,0.1426118,0.2766224,-0.13101512,-0.69914067,0.07845842,0.09805934,0.11314032,-1.348091,-0.21571691,0.5777975,-0.103232354,0.80872697,-0.06618412,-0.40466052,-0.26674452,0.3999976,0.34685546,-0.25747147,0.23534769,0.5267601,0.09380955,-0.38686073,-0.12596124,0.3608349,0.85926974,-0.26734483,-0.39270404,0.4642466,-0.31278637,Otomotif
-0.09243837,-0.050323658,0.6069611,0.06835767,0.17557803,-0.92654294,0.09768469,-0.56365585,-0.08166842,-0.47137958,-0.83039427,-0.12716085,-0.056814928,-0.7397866,-0.0035888006,0.8581063,-0.40674594,-0.21784425,-0.25637737,0.23879594,-0.0703974,0.51811326,-0.03382843,-0.07188808,0.45544076,-0.12128562,0.83459634,0.11570049,0.22536287,-0.06399185,-0.573814,0.104734294,0.05289568,0.13825274,-1.2043331,-0.18024175,0.4883233,-0.13423519,0.72157973,0.01987019,-0.3724885,-0.26196167,0.38258365,0.28655985,-0.2124973,0.18759716,0.5229244,0.10840768,-0.34592524,-0.17861035,0.32918108,0.7794887,-0.2536092,-0.36305156,0.43494034,-0.28294265,Tekno
-0.088875026,-0.046227608,0.6252285,0.08595075,0.17926514,-1.0059205,0.20310614,-0.5865556,0.009543459,-0.34530717,-0.70391184,-0.1712668,-0.11181667,-0.81509876,0.076609224,0.820654,-0.38021943,-0.12635715,-0.30377424,0.243997,-0.064732105,0.5051031,0.025418945,-0.096441574,0.63100237,-0.08716832,0.9325756,0.24982452,0.39073336,-0.061958484,-0.6490126,0.05909903,0.18007563,0.20337772,-1.3369845,-0.16203892,0.48989794,-0.18106933,0.7624411,-0.13562822,-0.3522316,-0.21997452,0.42653647,0.2987813,-0.23659483,0.20704158,0.55221224,0.011134756,-0.31748852,-0.14918001,0.39810807,0.750214,-0.52292114,-0.38193816,0.45222712,-0.36834726,Megapolitan
-0.09125736,-0.0077306908,0.6987867,0.06635057,0.20558518,-1.0949862,0.16841683,-0.6001775,0.020069567,-0.42564732,-0.6831776,-0.21914756,-0.12817271,-0.883125,0.040132493,0.82755566,-0.42284855,-0.16306148,-0.29606637,0.26923287,-0.12623028,0.47647634,0.05845431,-0.13488649,0.6337729,-0.07275716,1.0152152,0.16240217,0.42701557,-0.07394076,-0.64772344,0.085391425,0.16011801,0.25633702,-1.3696035,-0.18237673,0.47538558,-0.13850468,0.80373865,-0.073421285,-0.36358145,-0.21139796,0.43461114,0.26884934,-0.22438298,0.1794083,0.59836316,-0.023365723,-0.31610912,-0.14121266,0.41352034,0.8258457,-0.57909983,-0.44699833,0.53715605,-0.44231638,Megapolitan
-0.099318534,-0.11951738,0.5500706,0.14802757,0.13801084,-0.82558197,0.23992705,-0.76380855,-0.18414721,-0.36484432,-0.85907406,-0.113995686,-0.08182084,-0.7438148,0.05244207,0.99793565,-0.3418352,-0.076521166,-0.26537094,0.17031631,0.029102074,0.59469885,-0.017498625,-0.14572497,0.5981641,-0.2071388,0.9113654,0.35284206,0.26362455,-0.07305739,-0.791606,0.1007431,0.236259,0.08321076,-1.4329411,-0.21166082,0.62448066,-0.20799986,0.8023833,-0.17790318,-0.38823172,-0.29558754,0.43493378,0.40707567,-0.20246279,0.26947466,0.53960925,0.14790317,-0.31818867,-0.089039035,0.36344784,0.77527004,-0.2750488,-0.2638409,0.40271828,-0.32043454,Megapolitan
-0.13085161,-0.12702884,0.57752717,0.16937745,0.16725273,-0.81469154,0.21858133,-0.8019993,-0.20915772,-0.40170926,-0.773372,-0.16430725,-0.099015936,-0.7726828,0.017442461,0.94439834,-0.34824553,-0.03837201,-0.20183496,0.14001374,0.004823388,0.56493706,0.009123265,-0.21770635,0.6063731,-0.18932116,0.9229956,0.3221703,0.28701046,-0.07940784,-0.84409565,0.118514016,0.2697188,0.10282272,-1.4437526,-0.22473606,0.63595486,-0.17090055,0.8252052,-0.16186582,-0.38267556,-0.293227,0.4329631,0.40036923,-0.16932373,0.24247316,0.5164798,0.115476154,-0.27785304,0.010601631,0.34183595,0.77851087,-0.30382064,-0.27183896,0.45921522,-0.42563003,Megapolitan
-0.036537882,0.0049102716,0.5355517,0.02388017,0.1415784,-0.76128083,0.01714963,-0.4891912,-0.069787696,-0.43954948,-0.5658089,-0.17912439,-0.025682222,-0.6089985,-0.03105768,0.6878294,-0.3568537,-0.2001351,-0.19801791,0.20069951,-0.14201817,0.31786224,0.020037776,-0.1498446,0.3985419,-0.12552264,0.77706593,-0.008321051,0.22475004,-0.07862377,-0.49417138,0.10538442,0.020381462,0.17258242,-0.9781075,-0.19895595,0.34689608,-0.02443066,0.6092044,0.058981095,-0.28951314,-0.1859703,0.28857812,0.17204218,-0.13865371,0.109552994,0.4631666,0.05428025,-0.26305717,-0.076738745,0.265549,0.694237,-0.25238484,-0.37118635,0.45692885,-0.2628802,Tekno
-0.1266225,-0.12370732,0.5805528,0.18073684,0.21457444,-0.85944396,0.075794294,-0.7082809,-0.23795599,-0.52562785,-0.84405196,-0.11825239,-0.008456103,-0.7346665,-0.043309852,0.94780225,-0.398479,-0.14069542,-0.14979084,0.20376816,0.00746637,0.58241683,-0.016859071,-0.15921809,0.4871592,-0.1782212,0.83059025,0.26839426,0.15156855,-0.037170134,-0.70930326,0.1478722,0.11413474,0.12658842,-1.2893286,-0.19704467,0.5728908,-0.18847002,0.7778312,0.016310122,-0.43428075,-0.35134524,0.43751466,0.37224808,-0.18015315,0.22780089,0.49153835,0.23779829,-0.33187672,-0.027617108,0.3037739,0.7439554,-0.17002816,-0.302724,0.47838262,-0.36503994,Otomotif
-0.033082876,-0.004232921,0.5376899,0.016786393,0.15004176,-0.7417151,0.01702252,-0.53035027,-0.09732975,-0.43250272,-0.613645,-0.20751865,-0.016356071,-0.6013401,-0.016889619,0.75577396,-0.3573549,-0.23858754,-0.23886603,0.17268589,-0.17030233,0.30800694,0.013579493,-0.16331121,0.40033787,-0.18606815,0.79684156,-0.03429737,0.23016189,-0.10760171,-0.54679817,0.111068994,0.023325633,0.13324812,-1.0307084,-0.21339479,0.38360885,-0.01771617,0.6242611,0.029508023,-0.3122065,-0.17516415,0.2960394,0.18308164,-0.1407584,0.15000677,0.50355196,0.074320614,-0.28171945,-0.08645408,0.2584281,0.76176834,-0.19331436,-0.38693523,0.45166942,-0.19847037,Entertainment
-0.07951276,0.010333027,0.595347,0.038095858,0.19015509,-0.83653426,0.036213744,-0.534917,-0.05938894,-0.45443046,-0.5754025,-0.21738864,-0.06285824,-0.6961885,-0.03452304,0.6971571,-0.3718486,-0.18542913,-0.18963692,0.19637948,-0.15769953,0.34201336,0.031456992,-0.17421602,0.4350837,-0.11384638,0.83269024,0.007856008,0.2761506,-0.07393675,-0.5482467,0.11625583,0.06814242,0.19706194,-1.0725342,-0.19900517,0.38642287,-0.035397403,0.65969086,0.045977276,-0.31790483,-0.18410006,0.3310068,0.20467588,-0.13094282,0.11723353,0.49535027,0.019320387,-0.26088628,-0.060376644,0.274452,0.7336329,-0.32149783,-0.38717344,0.5035047,-0.34650913,Entertainment
-0.08436783,-0.04495056,0.5510541,0.06448829,0.15895984,-0.7939462,0.0556001,-0.51415807,-0.08448577,-0.4472561,-0.6446185,-0.15765865,-0.043054435,-0.642186,-0.030155966,0.7230905,-0.362586,-0.18440785,-0.18576787,0.19370373,-0.106271334,0.40629518,-0.00088611187,-0.115679316,0.39976382,-0.10299517,0.7661243,0.05312817,0.21347328,-0.07665177,-0.51988214,0.099340744,0.051412057,0.15031134,-1.0481974,-0.18073252,0.41918844,-0.06949691,0.6485742,0.031674914,-0.32708907,-0.2177391,0.3285215,0.23623301,-0.16286431,0.13305354,0.45056212,0.06933844,-0.28042573,-0.08284631,0.2842746,0.7057956,-0.23479316,-0.3411098,0.43565595,-0.30547756,Otomotif
-0.09614859,-0.10238398,0.58792996,0.08096666,0.14246424,-0.7716857,0.04437703,-0.6010408,-0.1581997,-0.46111977,-0.7024401,-0.22799914,-0.018671606,-0.62704957,-0.041392114,0.83157337,-0.40287244,-0.23573521,-0.20130117,0.16062018,-0.15850599,0.41116256,-0.014492027,-0.15970145,0.41875407,-0.15194307,0.81512225,-0.0068886955,0.1844831,-0.16495423,-0.67018807,0.088984445,0.020888167,0.07687925,-1.1387188,-0.23768553,0.5105289,0.005819604,0.7185099,-0.0020261293,-0.3610836,-0.23259027,0.31183755,0.30154437,-0.2120172,0.18299522,0.4375566,0.10895316,-0.36597726,-0.024122063,0.27780488,0.8424082,-0.09435837,-0.38877583,0.4787158,-0.25943533,Otomotif
-0.10202075,-0.11936565,0.46044028,0.11276547,0.10172972,-0.59974223,0.09355143,-0.5460799,-0.1679984,-0.36533225,-0.6267942,-0.14157668,-0.025539571,-0.5244294,-0.02705639,0.73269737,-0.319423,-0.13771835,-0.1494174,0.11992234,-0.069744654,0.39859724,-0.016878664,-0.11730754,0.35916305,-0.12398522,0.6639706,0.08976071,0.12808485,-0.12237001,-0.5824467,0.081099205,0.070815355,0.040617086,-0.9977932,-0.1930428,0.46356893,-0.05237905,0.6178565,-0.04033527,-0.30070835,-0.21931422,0.28371114,0.2997462,-0.16666573,0.16993631,0.3545642,0.109430395,-0.28753027,-0.018677337,0.25669247,0.6692075,-0.06965103,-0.2542171,0.3512979,-0.23957269,Otomotif
-0.07240741,-0.060238305,0.44492328,0.074257776,0.12906553,-0.59944594,0.019088207,-0.44368336,-0.10787335,-0.3858826,-0.54197484,-0.13354468,-0.019972583,-0.5057985,-0.04332393,0.60573226,-0.31136695,-0.17853984,-0.1444852,0.13332649,-0.09804936,0.33261856,-0.01628713,-0.123867445,0.30421156,-0.08592851,0.5976153,0.005284505,0.1306063,-0.07704673,-0.46284184,0.08283181,0.012657733,0.09142974,-0.8506605,-0.15514357,0.36335498,-0.027032543,0.54590815,0.058590095,-0.27658063,-0.183308,0.25833178,0.20067428,-0.15064655,0.1212797,0.33852646,0.0780571,-0.24795534,-0.054230116,0.22803111,0.61996746,-0.11955545,-0.2786009,0.36729434,-0.23266819,Otomotif
0.014157519,0.046772573,0.4938834,0.027095053,0.13298196,-0.72953796,-0.0012741592,-0.48517832,-0.10479816,-0.41128147,-0.5017455,-0.16478316,0.0056376243,-0.57455325,0.001991743,0.70525324,-0.32865044,-0.17188907,-0.19175902,0.21971364,-0.12507898,0.27646744,0.045076855,-0.15910973,0.42888278,-0.16741724,0.7994419,0.073421076,0.22472766,-0.036646303,-0.4980501,0.10373483,0.032680407,0.20594148,-0.92298585,-0.20266491,0.29356787,-0.081402905,0.5542761,0.027542857,-0.30025375,-0.19761397,0.3017937,0.13009739,-0.10340199,0.110643424,0.52086306,0.115690395,-0.23079135,-0.060121033,0.23003857,0.63255787,-0.2906507,-0.3378727,0.4361456,-0.22814505,Entertainment
-0.04828479,-0.04806145,0.5434897,0.08559238,0.18309423,-0.87595344,0.07555386,-0.5550462,-0.09566344,-0.4229317,-0.60443676,-0.13805234,-0.032904778,-0.73789316,-0.002983733,0.7554446,-0.36769482,-0.122152284,-0.20284134,0.22377327,-0.041925583,0.46280375,0.045195725,-0.12017637,0.5397723,-0.108011305,0.80152047,0.25495383,0.26150182,-0.021997122,-0.6162407,0.07832667,0.11808951,0.21918367,-1.1491024,-0.16217175,0.43440044,-0.1918355,0.6811307,-0.016324854,-0.35587174,-0.25073442,0.3969078,0.22687836,-0.16044195,0.17405987,0.51659495,0.10562187,-0.26915658,-0.062002525,0.27915883,0.6451466,-0.40100044,-0.31823832,0.46933842,-0.34808645,Megapolitan
-0.09465352,-0.06004498,0.6604275,0.08370891,0.17433584,-0.83392805,-0.013362602,-0.63728434,-0.14911108,-0.5703781,-0.6770263,-0.24215207,-0.032017022,-0.69028836,-0.09365961,0.8221869,-0.4570534,-0.27645034,-0.18822518,0.18919258,-0.19895077,0.39903605,0.0007690119,-0.23263481,0.4163285,-0.11876524,0.8803591,-0.10410883,0.18749316,-0.14125614,-0.6530182,0.13160104,0.0067478116,0.13219883,-1.1849208,-0.23646441,0.49292868,0.039986942,0.78049684,0.11080186,-0.35884592,-0.23806423,0.3282944,0.23728171,-0.20252606,0.13040556,0.45851332,0.06092197,-0.34189162,-0.03953132,0.32994393,0.90636444,-0.15967783,-0.44245803,0.5703729,-0.35436672,Tekno
-0.10376883,-0.058235843,0.58467996,0.1322589,0.18311256,-0.830335,0.175363,-0.72862715,-0.1528204,-0.42827946,-0.6620881,-0.16917,-0.090549216,-0.75995827,-0.016052602,0.8478257,-0.34180403,-0.029936386,-0.15909429,0.17543785,-0.018439962,0.48813048,0.03418346,-0.23078728,0.5792926,-0.1634802,0.9445707,0.279027,0.30411923,-0.038480178,-0.7135319,0.12676772,0.24145715,0.17088605,-1.3441087,-0.20003678,0.53748447,-0.15680009,0.785144,-0.10470756,-0.348661,-0.27235642,0.42071545,0.32533848,-0.1158195,0.17467827,0.528661,0.061517667,-0.21750079,0.0032612435,0.34509978,0.7098947,-0.39098647,-0.28428376,0.49235404,-0.4719482,Megapolitan
-0.15045795,-0.09506555,0.62710965,0.16633262,0.16865687,-0.86517394,0.23867074,-0.7733504,-0.16299143,-0.44254205,-0.92019373,-0.118903846,-0.12777999,-0.7781296,0.013098073,0.97668666,-0.3624808,-0.07076194,-0.21950702,0.19337854,0.018194843,0.6178114,-0.044356495,-0.17713122,0.5502608,-0.17332587,0.9653633,0.27509677,0.27218616,-0.06438888,-0.72549415,0.13912033,0.2206351,0.08051315,-1.4425464,-0.20250337,0.6298265,-0.16732585,0.8248616,-0.14449486,-0.37881535,-0.29437518,0.43189046,0.4091444,-0.18472959,0.22027378,0.54499674,0.0835778,-0.28494835,-0.11804374,0.3915149,0.80644983,-0.28200662,-0.2801283,0.41596594,-0.42362428,Megapolitan
-0.12877522,-0.039110083,0.60474026,0.119037285,0.16350126,-0.8805238,0.23800762,-0.7300381,-0.110598244,-0.3986636,-0.851404,-0.13867387,-0.12338136,-0.7828279,0.045882676,0.94465923,-0.33489716,-0.07036687,-0.25525862,0.19373032,-0.016478555,0.52591264,-0.002872361,-0.16024356,0.5669167,-0.21581171,0.9863314,0.24579783,0.31561914,-0.031184835,-0.659793,0.14924613,0.2473302,0.13536175,-1.415399,-0.20507938,0.54250675,-0.17274101,0.7955445,-0.12799512,-0.35403204,-0.24931405,0.4350687,0.35470837,-0.13734442,0.21191956,0.6094474,0.06426054,-0.24977306,-0.1409511,0.39507502,0.7922668,-0.3614215,-0.3046615,0.4037306,-0.3779312,Megapolitan
-0.12548506,-0.05158048,0.5922864,0.1218059,0.16157624,-0.86995494,0.2458118,-0.74203813,-0.11850884,-0.3808083,-0.8464404,-0.14296177,-0.11660571,-0.78059864,0.05331108,0.9493328,-0.33135033,-0.060635068,-0.2584727,0.18611836,-0.007737572,0.52699697,-0.0010547085,-0.16224797,0.5835209,-0.2237738,0.97800976,0.27341616,0.31858882,-0.03551031,-0.6914173,0.14093667,0.26059058,0.122120544,-1.4308791,-0.20440064,0.55341053,-0.18232535,0.7938413,-0.15574987,-0.35461643,-0.25349694,0.43594903,0.36381868,-0.14191511,0.2278303,0.60506785,0.07182363,-0.25694925,-0.12161957,0.39094064,0.78049177,-0.35684192,-0.29862186,0.40033552,-0.36215374,Megapolitan
-0.1264242,-0.02714948,0.60237783,0.118481606,0.16963546,-0.8781314,0.23863995,-0.7207279,-0.09365139,-0.39732063,-0.7876585,-0.13906425,-0.121493064,-0.78539383,0.041194275,0.90298307,-0.3313726,-0.052631296,-0.24358127,0.19063161,-0.020312514,0.5133528,0.017013865,-0.17451593,0.58722126,-0.17485768,0.9714631,0.2592402,0.32856512,-0.021074668,-0.6686126,0.14727633,0.26475757,0.1611168,-1.4011192,-0.19456586,0.5331534,-0.18493766,0.7969901,-0.12860237,-0.3448835,-0.24379557,0.4386737,0.33530453,-0.12531115,0.20116572,0.58440447,0.03740085,-0.23074451,-0.12253566,0.394968,0.75748557,-0.41415724,-0.29108754,0.41752622,-0.41085437,Megapolitan
-0.1343267,-0.08908834,0.6307182,0.16230924,0.30062032,-1.0326188,0.07451594,-0.7493764,-0.16130497,-0.5605748,-0.6653679,-0.14902258,-0.02643742,-0.9162833,-0.014129388,0.8401568,-0.38460985,-0.021040946,-0.11287902,0.2031553,0.030107088,0.5922612,0.051583234,-0.2256267,0.72492504,-0.11727076,0.96895283,0.47879067,0.34352136,0.029847253,-0.7514958,0.1367294,0.2832317,0.32391715,-1.4652717,-0.18269804,0.5865499,-0.28759083,0.8432652,-0.027736815,-0.45931664,-0.37165776,0.5418143,0.35606235,-0.1346153,0.16371824,0.5808825,0.15375112,-0.21709861,0.089116596,0.29109865,0.6101414,-0.5835819,-0.30570284,0.6051423,-0.6248448,Megapolitan
-0.1263363,-0.084054194,0.6214851,0.16475888,0.29895526,-0.9857429,0.059867155,-0.72133803,-0.16641876,-0.56571734,-0.63139576,-0.15081115,-0.024528187,-0.8844722,-0.045075897,0.8000916,-0.3902179,-0.033050247,-0.09678621,0.19471404,0.012169955,0.55860037,0.043092042,-0.23038071,0.66693807,-0.10450396,0.9278282,0.41768757,0.3044081,0.036778215,-0.7305442,0.13506037,0.24513505,0.30837724,-1.405337,-0.17239948,0.55780154,-0.26104647,0.82315236,0.010425107,-0.43679807,-0.36125338,0.5253282,0.33163548,-0.12945874,0.14608204,0.5491511,0.13853109,-0.21512131,0.08862071,0.29025733,0.62201774,-0.54196274,-0.30212355,0.5996837,-0.6056617,Megapolitan
-0.11185575,-0.04370227,0.5838372,0.1738821,0.26959917,-0.87417185,-0.025506983,-0.6719684,-0.19587275,-0.57907355,-0.56391895,-0.16009223,-0.0070418743,-0.8164364,-0.065072484,0.71310854,-0.3981709,-0.054291427,-0.07678657,0.16826504,-0.036809828,0.4674741,0.03789435,-0.27282137,0.5868365,-0.09744984,0.83754045,0.29954776,0.23370333,0.025779914,-0.68871945,0.15933494,0.1651575,0.2977085,-1.2530626,-0.18726844,0.46825027,-0.20255548,0.7589155,0.10888934,-0.40084743,-0.32011998,0.4708883,0.2662743,-0.1033009,0.11835515,0.5114445,0.12875958,-0.19757754,0.097236514,0.2487914,0.63492674,-0.4473819,-0.30417854,0.582111,-0.5604576,Megapolitan
-0.17818323,-0.0900268,0.66598725,0.18748052,0.2057653,-0.8342767,0.21421999,-0.87236196,-0.23502445,-0.4983386,-0.7450686,-0.21560004,-0.11998416,-0.8459927,-0.062314,0.9580503,-0.39727116,0.01690474,-0.11164195,0.15619913,-0.023570213,0.55075914,0.04912503,-0.27621403,0.6298966,-0.1831256,1.0153259,0.30110475,0.28424352,-0.032183737,-0.866773,0.16489924,0.29469907,0.17610896,-1.5212841,-0.23409191,0.6503582,-0.13898826,0.90183747,-0.09918867,-0.39094096,-0.29180843,0.45954865,0.41597104,-0.10680539,0.20771655,0.57234424,0.08845142,-0.249416,0.08449603,0.34658337,0.84505147,-0.34652096,-0.28031918,0.5315471,-0.57198167,Megapolitan
-0.19164133,-0.21781626,0.6059314,0.24669324,0.11357795,-0.7319531,0.3300103,-0.96738416,-0.3189155,-0.4299258,-0.9688353,-0.1682321,-0.13059928,-0.77630544,-0.010645813,1.1344434,-0.39150897,-0.0020420055,-0.18610854,0.099981345,0.027830396,0.65639645,-0.017079774,-0.21716256,0.6144285,-0.23452242,0.97451496,0.31896386,0.20179665,-0.121557854,-0.9848714,0.13249762,0.30271214,0.008493293,-1.6479821,-0.27417052,0.78989035,-0.1512397,0.9449686,-0.20605968,-0.41266876,-0.31080654,0.4507733,0.5430189,-0.18838757,0.3002718,0.54647785,0.14375432,-0.3334408,0.038594298,0.4153422,0.9427646,-0.12957542,-0.221097,0.40017936,-0.42664084,Megapolitan
-0.1613866,-0.04697433,0.686404,0.17007974,0.2486201,-0.9225028,0.2685188,-0.88101274,-0.16821319,-0.45112252,-0.63375163,-0.23195297,-0.15762873,-0.93230593,-0.032634806,0.9400356,-0.36060643,0.09652722,-0.124256864,0.13074508,-0.0089006275,0.53729,0.13094147,-0.26492703,0.7566898,-0.18665136,1.0559878,0.4330879,0.40698737,0.037863463,-0.9100762,0.168908,0.3992874,0.2791891,-1.6127583,-0.22388172,0.622665,-0.21158913,0.9270612,-0.14724079,-0.3814505,-0.25740936,0.5281678,0.3930318,-0.038397923,0.20642933,0.67155993,0.044707935,-0.19143465,0.10386894,0.34662578,0.7766311,-0.5746489,-0.28476095,0.56902075,-0.6348035,Megapolitan
-0.15072834,-0.025546253,0.67280203,0.15428819,0.23317377,-0.8384018,0.21479699,-0.89262277,-0.21306698,-0.4877215,-0.6497135,-0.25539136,-0.13100797,-0.8571383,-0.054461643,0.9415584,-0.36381277,0.054202642,-0.11325814,0.12225766,-0.045564376,0.4663344,0.10146343,-0.3091608,0.67323565,-0.2530062,1.0753528,0.31893376,0.3575526,0.027241686,-0.87183064,0.19366607,0.3538081,0.24565437,-1.5410877,-0.25381243,0.6103271,-0.1404275,0.9019679,-0.100723036,-0.37769353,-0.25723746,0.47963482,0.37404323,-0.012759728,0.18701792,0.66556174,0.06595966,-0.1771946,0.11878767,0.32119325,0.8336556,-0.45482442,-0.29353076,0.57029307,-0.5911696,Megapolitan
-0.15539192,-0.084609255,0.5324026,0.17633636,0.149619,-0.6985314,0.18151464,-0.7219047,-0.20382696,-0.3979961,-0.6737588,-0.14772259,-0.10079304,-0.70310885,-0.027511042,0.81441504,-0.32618564,0.01586876,-0.10883647,0.14375792,0.004996796,0.49580804,0.024366077,-0.19804505,0.5149881,-0.14886175,0.8248454,0.27312103,0.21389693,-0.042240098,-0.7168143,0.13788334,0.23939769,0.12804867,-1.2592088,-0.20106836,0.5332587,-0.14434716,0.73601514,-0.094634295,-0.32300648,-0.25663495,0.38481888,0.35394207,-0.11190377,0.18274923,0.46229762,0.094582945,-0.22088575,0.028622484,0.30358568,0.6945376,-0.26227227,-0.21710716,0.40264332,-0.44645056,Megapolitan
-0.1794148,-0.15650915,0.58975697,0.2275663,0.13728896,-0.73857933,0.26172674,-0.9073575,-0.28476477,-0.44551784,-0.8588807,-0.16101043,-0.11844065,-0.78496146,-0.027293846,1.0293372,-0.37515184,0.016611578,-0.1563853,0.10990346,0.018500807,0.5894554,0.007820553,-0.24670549,0.59436613,-0.21873876,0.94210243,0.30711904,0.21095747,-0.07187341,-0.89780205,0.15535395,0.29483485,0.078357674,-1.5445147,-0.25822422,0.68831575,-0.15634333,0.88611966,-0.12838323,-0.38610443,-0.2929502,0.45143163,0.46731752,-0.13409741,0.25157204,0.54720914,0.12200521,-0.27990606,0.049524635,0.38639903,0.86209923,-0.2032789,-0.2283303,0.428286,-0.45930547,Megapolitan
-0.16171011,-0.042883836,0.5977409,0.14267728,0.19560426,-0.8360545,0.3019184,-0.8098895,-0.13314734,-0.37091023,-0.7179171,-0.14518785,-0.16259763,-0.8278251,0.0024381767,0.8988459,-0.29303077,0.0742588,-0.16656992,0.13560466,0.042012252,0.5343823,0.0373327,-0.22212993,0.6274785,-0.21041764,1.0166465,0.36886734,0.36738402,0.015102049,-0.7381103,0.14974155,0.38759997,0.18705037,-1.492773,-0.21348818,0.5965317,-0.20619927,0.8341311,-0.1784311,-0.32752436,-0.2618476,0.4704239,0.4003967,-0.036726832,0.17663373,0.5985477,0.015145273,-0.14625724,-0.004148809,0.37035713,0.70294076,-0.48025846,-0.22595681,0.44050306,-0.55388767,Megapolitan
-0.15845434,-0.036594026,0.6187032,0.12827994,0.18154265,-0.8282939,0.26767752,-0.79423505,-0.13128425,-0.4103116,-0.77764267,-0.15465751,-0.15448289,-0.80204123,-0.012914336,0.9163938,-0.3256538,0.0057661664,-0.18690433,0.14094742,-0.0017215117,0.51828337,0.010305765,-0.21816815,0.57157624,-0.22121394,1.0116371,0.25131243,0.33189192,-0.005589016,-0.7117492,0.1573022,0.31917602,0.15648346,-1.4570808,-0.22728384,0.59290004,-0.15092051,0.8293594,-0.12830698,-0.33421215,-0.252671,0.44024742,0.38842875,-0.06384198,0.17293707,0.59621876,0.019729279,-0.18343829,-0.043119542,0.3738377,0.7854309,-0.39210638,-0.26403794,0.43588376,-0.49956608,Megapolitan
-0.13784905,-0.18435064,0.6469048,0.214034,0.2032309,-0.7984842,0.040791914,-0.8712558,-0.3636273,-0.60963815,-0.913513,-0.23704268,0.0060078227,-0.72794414,-0.07099172,1.0853189,-0.47566092,-0.22419877,-0.15382265,0.15506828,-0.10639729,0.57507557,-0.031066302,-0.2791794,0.5119409,-0.24754961,0.9483259,0.103702605,0.13101813,-0.16303651,-0.93312126,0.16128966,0.07930518,0.035671435,-1.4287205,-0.284487,0.70462894,-0.069643416,0.89812857,0.0010661152,-0.4713198,-0.354936,0.42144874,0.42213356,-0.24427761,0.25882858,0.5052847,0.2576626,-0.40659076,0.049587797,0.29245454,1.0037128,-0.002631553,-0.3755752,0.5604028,-0.34880376,Otomotif
-0.13791426,-0.036357984,0.64082074,0.14301793,0.20399618,-0.96065515,0.18351915,-0.7206185,-0.10280896,-0.47375786,-0.7537263,-0.12962684,-0.113513365,-0.8556554,0.013774295,0.88098085,-0.374426,-0.039400768,-0.18531843,0.22405781,-0.017990857,0.54462105,0.03890784,-0.17571633,0.62181723,-0.13678189,1.0035691,0.29605946,0.3410266,-0.009433531,-0.66714925,0.14984755,0.25585148,0.2397331,-1.418403,-0.19009371,0.5326757,-0.22319342,0.81706524,-0.072357096,-0.3706468,-0.2759705,0.47667065,0.3304075,-0.12394968,0.16486502,0.60059416,0.04541568,-0.22536856,-0.079297915,0.38527703,0.74397993,-0.48647577,-0.30802813,0.48186892,-0.5198392,Megapolitan
-0.1398504,-0.050511785,0.6080761,0.15136188,0.1739767,-0.86102647,0.2013322,-0.7560845,-0.13521318,-0.4438209,-0.69670546,-0.15832013,-0.10323247,-0.80547,-0.00650409,0.88662046,-0.3536537,-0.015584584,-0.16380152,0.18630119,-0.032801762,0.4927688,0.054019213,-0.21503185,0.60757995,-0.16796753,1.0030597,0.27410793,0.3230759,-0.036992405,-0.7075374,0.1472613,0.27485543,0.20600855,-1.3985081,-0.21908028,0.5322508,-0.18438719,0.8130497,-0.10628976,-0.34666663,-0.26362243,0.4432474,0.34172323,-0.09362917,0.1647713,0.5764124,0.04163182,-0.21364743,-0.03021226,0.38893014,0.7528851,-0.428407,-0.2866689,0.4771705,-0.49560162,Megapolitan
-0.13958575,-0.043323494,0.5930274,0.1520569,0.15123987,-0.8714839,0.26694024,-0.7651238,-0.12631047,-0.39388767,-0.74144316,-0.11995952,-0.14003536,-0.80668956,0.027092233,0.9127207,-0.32560465,0.01743439,-0.19406226,0.19069116,0.0053417087,0.52460426,0.045075517,-0.18993363,0.613316,-0.17536521,1.0149772,0.31796616,0.33385178,-0.029798135,-0.67680496,0.14701186,0.32253212,0.19310498,-1.4364034,-0.21336496,0.53614587,-0.21581115,0.8104204,-0.15353653,-0.3355538,-0.25294316,0.45362443,0.36389798,-0.08890216,0.1722295,0.5984358,0.023976792,-0.19229458,-0.07533314,0.42436773,0.7373685,-0.4583651,-0.25800782,0.41935697,-0.49716523,Megapolitan
-0.13077569,-0.03534799,0.5925595,0.1340919,0.14449793,-0.8730642,0.24893978,-0.73283726,-0.11411049,-0.3988374,-0.75806355,-0.11800316,-0.13299741,-0.78688,0.034395143,0.90747017,-0.32974845,-0.018981956,-0.21110286,0.20084868,-0.013040505,0.5112142,0.037671287,-0.17013662,0.5856174,-0.17491107,1.000639,0.27619186,0.32485175,-0.04128676,-0.637078,0.14670388,0.286902,0.18547215,-1.3896929,-0.21288909,0.5177735,-0.19891077,0.7864916,-0.13583545,-0.33675092,-0.240609,0.43624213,0.3481893,-0.10308942,0.16983561,0.59700173,0.024841033,-0.20579258,-0.10571868,0.41915828,0.7474438,-0.43123263,-0.2731146,0.4102681,-0.4605699,Megapolitan
-0.071062766,-0.0056764823,0.55466264,0.015669046,0.20957412,-0.89685285,0.14324056,-0.5699801,0.016517453,-0.35092357,-0.5962748,-0.17075028,-0.058369253,-0.7684214,0.025524668,0.7289669,-0.30889437,-0.11926183,-0.2438929,0.20485654,-0.056247357,0.40801466,0.048723508,-0.13764045,0.5891294,-0.1458364,0.87242776,0.262557,0.38855693,-0.00398404,-0.5951376,0.08794832,0.22182713,0.20804997,-1.2075167,-0.15470468,0.4365905,-0.1735261,0.68498814,-0.113178365,-0.32657936,-0.22260495,0.4003456,0.24654984,-0.108943895,0.17077245,0.53584373,0.020237094,-0.23038803,-0.10130039,0.29927042,0.59079957,-0.49368134,-0.33331254,0.48180535,-0.34171966,Megapolitan
-0.13694899,-0.028484654,0.48239437,0.13934025,0.13847785,-0.60598516,0.17696461,-0.6170549,-0.14054853,-0.36156538,-0.56182325,-0.13430984,-0.122066945,-0.6098599,-0.028955014,0.6819954,-0.2652957,0.020367244,-0.08709067,0.1055266,-0.025909808,0.37953082,0.0333448,-0.18760629,0.43083048,-0.14620501,0.7631326,0.18145154,0.22854409,0.0014005501,-0.5657265,0.14847597,0.23318547,0.13742895,-1.0907447,-0.16958417,0.4378058,-0.10956636,0.6434596,-0.07140084,-0.25736725,-0.19613741,0.33449665,0.28208616,-0.04898469,0.12511092,0.44216153,0.027403405,-0.14246313,0.001781928,0.279879,0.6318417,-0.28024805,-0.1940005,0.34591624,-0.41312894,Megapolitan
-0.07533137,-0.023244098,0.6024594,0.10828586,0.19925883,-0.9689398,0.23230752,-0.7253873,-0.074670754,-0.343133,-0.6627805,-0.15682343,-0.095394395,-0.8406436,0.08293421,0.8988961,-0.33007374,-0.0036376568,-0.2486651,0.2156509,0.014676594,0.5031002,0.06378006,-0.17383747,0.73343384,-0.1939946,1.0347164,0.44248575,0.4154622,0.01693568,-0.73315156,0.10376852,0.31690103,0.24112374,-1.4601028,-0.18211082,0.51295257,-0.25797614,0.79787403,-0.19611356,-0.36761096,-0.27196923,0.48885265,0.32212278,-0.1208772,0.21771592,0.63605815,0.06483247,-0.22633861,-0.060419533,0.38143983,0.66881067,-0.5965934,-0.30661383,0.4895263,-0.437668,Megapolitan
-0.114332855,-0.017863393,0.5740548,0.13295405,0.17879996,-0.84068394,0.204344,-0.683237,-0.09727172,-0.37104198,-0.6650032,-0.14206669,-0.122676685,-0.76927805,0.035358693,0.79939497,-0.32159272,-0.0045949537,-0.18267678,0.17834367,-0.009839914,0.4815428,0.034504768,-0.1846945,0.5899035,-0.15797389,0.92946374,0.30018967,0.33326155,0.010130779,-0.64596695,0.13680771,0.27291286,0.19386213,-1.3217686,-0.1727735,0.49020964,-0.20197654,0.7481491,-0.12574512,-0.3237253,-0.24388589,0.42991486,0.30324978,-0.104609594,0.17163737,0.5522612,0.032454703,-0.18954585,-0.06322121,0.351565,0.6811448,-0.46971914,-0.26274398,0.41887873,-0.4611277,Megapolitan
-0.089989915,-0.024312794,0.5254735,0.12515596,0.16726464,-0.7922673,0.20039627,-0.6436965,-0.09855867,-0.31871468,-0.56955063,-0.13480428,-0.09716169,-0.713877,0.04586797,0.7551792,-0.292065,0.019731384,-0.1702523,0.17231151,0.0077077034,0.44222176,0.05378877,-0.17493445,0.60538256,-0.14700595,0.87361854,0.35128346,0.3212056,0.012861421,-0.631631,0.111625075,0.27459556,0.19905175,-1.2551913,-0.15583448,0.45324725,-0.20819387,0.7034845,-0.1462197,-0.3083436,-0.2341897,0.41399428,0.28702977,-0.092321575,0.17301926,0.5210405,0.04631576,-0.17725173,-0.026325678,0.32925892,0.59355664,-0.479238,-0.24351466,0.41651633,-0.43075457,Megapolitan
-0.08862686,-0.035836667,0.50472426,0.1360663,0.16477542,-0.75535053,0.18670787,-0.6350687,-0.11965738,-0.32514688,-0.5648147,-0.118305676,-0.08406892,-0.692447,0.03406308,0.74391985,-0.28666386,0.021991013,-0.15031166,0.16484554,0.018430803,0.44222933,0.04618188,-0.17122178,0.57895386,-0.14232223,0.83277863,0.3573285,0.2854295,0.019254701,-0.62335443,0.111047976,0.26202887,0.18413845,-1.2150707,-0.14934297,0.4473826,-0.21749692,0.6832832,-0.1289222,-0.30819216,-0.2412678,0.41177422,0.28623235,-0.08486872,0.16932419,0.50141454,0.06125236,-0.17174976,-0.016140131,0.3147511,0.56621325,-0.43754363,-0.21882278,0.40330532,-0.41840217,Megapolitan
-0.1629911,-0.11880587,0.59725773,0.3198964,0.2636817,-0.91772455,0.13794902,-0.7911424,-0.2763648,-0.5081323,-0.6669216,-0.07858679,-0.02795131,-0.93628234,-0.000121710844,0.8782245,-0.39499524,0.15601365,-0.015814163,0.2365533,0.14428338,0.7026481,0.065376356,-0.20988832,0.7586576,-0.056271974,0.8714142,0.7344818,0.25758097,0.107751936,-0.9264741,0.12716205,0.2924974,0.3042139,-1.4477795,-0.13633187,0.5900692,-0.46341485,0.85670555,-0.09011922,-0.4664356,-0.42040682,0.61567146,0.37533236,-0.10566206,0.25916192,0.5410082,0.24487059,-0.23924296,0.098953046,0.26849842,0.55890423,-0.50525594,-0.13627493,0.5269027,-0.62503284,Megapolitan
-0.14056328,-0.17268798,0.65543395,0.14164834,0.14155611,-0.85978925,0.08434392,-0.70994574,-0.23089704,-0.5565737,-0.98617756,-0.17418626,-0.042981688,-0.73561954,-0.025565438,1.0098556,-0.48292348,-0.28765294,-0.25158286,0.20607513,-0.113297254,0.60507274,-0.07759202,-0.13653684,0.45254743,-0.111802496,0.86237204,0.018478723,0.1468331,-0.19937846,-0.7803518,0.11073488,-0.0026084932,0.031460043,-1.3571379,-0.24421304,0.66126704,-0.0562117,0.8419647,0.0061757416,-0.43020257,-0.29566547,0.36501214,0.3774424,-0.33105084,0.24609092,0.45989826,0.14841948,-0.4564889,-0.11023496,0.35299107,0.98870784,-0.020724617,-0.38671798,0.46989483,-0.28386235,Tekno
-0.08441484,-0.04729643,0.6403714,0.05412602,0.16608663,-0.7967256,-0.033242855,-0.5724509,-0.13502431,-0.56651515,-0.6985983,-0.24957898,-0.036256243,-0.6398917,-0.08116485,0.792635,-0.44836882,-0.3374548,-0.21003783,0.18264653,-0.24672404,0.35922325,-0.023253152,-0.20818144,0.3367827,-0.12206278,0.84650695,-0.22100028,0.17965747,-0.17578872,-0.57422847,0.13011815,-0.05839355,0.10272904,-1.0713826,-0.23995714,0.45694178,0.08082236,0.71295154,0.13601503,-0.34977838,-0.18924996,0.2860876,0.21496148,-0.2201671,0.12108541,0.46198875,0.049759395,-0.3496876,-0.08680304,0.30208084,0.945567,-0.091830246,-0.4641308,0.5254554,-0.28737375,Tekno
-0.05040461,0.041444212,0.650239,0.082216084,0.24788444,-0.82248795,-0.15782829,-0.5863975,-0.183222,-0.6770352,-0.62744105,-0.21914986,0.027118592,-0.6701941,-0.11871887,0.7739672,-0.45343983,-0.32283634,-0.12950912,0.21954037,-0.25327182,0.32917228,0.0036890744,-0.29413658,0.35159248,-0.16291718,0.89167905,-0.16868995,0.15789108,-0.075051576,-0.54466814,0.18685043,-0.05920055,0.21296299,-1.0199648,-0.23166414,0.37960038,-9.7371994e-05,0.70061153,0.2509054,-0.38016504,-0.2436375,0.35069233,0.13635485,-0.13988955,0.08015345,0.5320117,0.118633255,-0.28389025,-0.058147408,0.24909136,0.9001682,-0.17767102,-0.4615927,0.61424243,-0.3574259,Tekno
-0.12502538,-0.07603283,0.6238664,0.07690638,0.13888656,-0.7803599,0.036617532,-0.5469416,-0.10702026,-0.5396163,-0.80093765,-0.22167729,-0.08558046,-0.65211976,-0.055767763,0.7841108,-0.44380754,-0.3327255,-0.22733268,0.1834021,-0.22077724,0.4265955,-0.062157482,-0.16613632,0.3180554,-0.07442485,0.81033266,-0.23113945,0.19682977,-0.19436832,-0.5689027,0.12145978,-0.04914909,0.044159587,-1.0641611,-0.22265917,0.4949793,0.053921096,0.7057429,0.08835922,-0.33792806,-0.18745512,0.28093407,0.24549071,-0.26285744,0.14337029,0.42432866,0.018574668,-0.36636302,-0.14948097,0.32371026,0.9556209,-0.053052712,-0.41923085,0.44182554,-0.2850335,Tekno
0.055306833,0.15023173,0.7621622,-0.070321746,0.25440854,-0.9793296,-0.26063505,-0.57183725,-0.117527455,-0.7586012,-0.53042954,-0.37260455,0.0985381,-0.70854723,-0.128484,0.8739984,-0.5185497,-0.48510173,-0.2390442,0.28526396,-0.44615608,0.13987553,0.082615696,-0.32857406,0.40336308,-0.26021084,1.1261241,-0.37258536,0.26928955,-0.14165309,-0.5179208,0.19715148,-0.17926596,0.3239825,-1.0166318,-0.33609134,0.25778604,0.13853341,0.72566235,0.3135458,-0.39674842,-0.18247285,0.326005,0.025412412,-0.10151117,0.04149237,0.71999824,0.09790403,-0.32980832,-0.0681695,0.2632426,1.0538185,-0.26716182,-0.6778588,0.7881287,-0.26384336,Tekno
0.004645029,0.13644938,0.80361706,-0.11678841,0.24615015,-1.0320709,-0.17960538,-0.48870996,-0.018033173,-0.708468,-0.6376087,-0.37917674,0.005457151,-0.72093713,-0.11599943,0.82164794,-0.5194443,-0.525653,-0.3020612,0.27943835,-0.4658696,0.15887861,0.03644833,-0.2401221,0.31003413,-0.19924217,1.0803648,-0.51346,0.29314253,-0.17656173,-0.41648287,0.17924638,-0.21246259,0.26023287,-1.0188221,-0.30505893,0.26927015,0.20742299,0.7118084,0.30660158,-0.36139655,-0.12127412,0.29052877,0.051862095,-0.15411973,0.027190132,0.6809924,-0.021039352,-0.3590184,-0.17592151,0.29940936,1.1032436,-0.2408818,-0.7093278,0.7124942,-0.23953675,Tekno
-0.05703116,-0.003183536,0.5503616,0.079499245,0.18614677,-0.76982784,-0.026871247,-0.52621275,-0.10794521,-0.5120122,-0.5517451,-0.18770678,-0.02945846,-0.6624858,-0.051640045,0.6702289,-0.37911165,-0.19351815,-0.13429616,0.20382917,-0.15035835,0.33966386,0.018537803,-0.21446542,0.41158807,-0.11109249,0.81006616,-0.008638032,0.23668016,-0.059214767,-0.52932525,0.12587836,0.042402003,0.1943817,-0.9922663,-0.18566518,0.36957896,-0.062214732,0.6363041,0.09159713,-0.31819746,-0.22024775,0.32652104,0.16434744,-0.14472918,0.095083855,0.46640345,0.062285945,-0.2378913,-0.039443083,0.25822693,0.7207924,-0.27445635,-0.36722347,0.4965948,-0.3642086,Tekno
0.013735525,0.12528592,0.7630265,-0.122306384,0.22668172,-0.9278535,-0.23486397,-0.44591242,-0.022967609,-0.69929034,-0.49535504,-0.42182064,0.03026977,-0.64545804,-0.14976023,0.7340453,-0.5185416,-0.5554737,-0.27276155,0.23417695,-0.51974094,0.07496877,0.061817933,-0.27563635,0.27308747,-0.16716807,1.0046005,-0.59820646,0.2703783,-0.21350858,-0.42135948,0.16449066,-0.25595328,0.25090215,-0.8954054,-0.31004933,0.23804793,0.28299114,0.6744855,0.34467483,-0.33739123,-0.07870955,0.2297483,0.0070794253,-0.15161557,0.016466023,0.6045291,-0.035737265,-0.36270273,-0.10988961,0.2694188,1.1046559,-0.18533348,-0.71408814,0.74338263,-0.22239819,Tekno
0.0020672197,0.08573866,0.75649995,-0.08980967,0.21616255,-0.9336125,-0.19869551,-0.4927459,-0.060536332,-0.68497074,-0.5996493,-0.39294308,0.028202886,-0.6631228,-0.12779327,0.80104065,-0.52014965,-0.5346668,-0.29093987,0.23928332,-0.46685585,0.14558996,0.033649914,-0.25959745,0.2955731,-0.1924531,0.99571365,-0.52371603,0.24654794,-0.21409932,-0.46980795,0.16177738,-0.24000725,0.21406919,-0.97593725,-0.30774945,0.29132205,0.24573025,0.6978305,0.3064515,-0.36259872,-0.11333161,0.2540303,0.06306262,-0.17502606,0.058342155,0.6123414,0.0020177453,-0.3819271,-0.11754652,0.28474867,1.1114149,-0.14566731,-0.6903337,0.7057347,-0.20240349,Tekno
-0.06866627,-0.04132067,0.5855593,0.053379163,0.15094332,-0.75923115,-0.01746539,-0.5491029,-0.13183968,-0.5100268,-0.6355568,-0.21729854,-0.022022294,-0.61221176,-0.066769406,0.7532261,-0.40940806,-0.27194622,-0.1871622,0.18169223,-0.1951736,0.34639946,-0.005743719,-0.1799611,0.3536776,-0.12529783,0.809775,-0.1155164,0.17285962,-0.1338965,-0.55789256,0.116160356,-0.023877451,0.12304683,-1.0309298,-0.22359648,0.42214602,0.033447955,0.6698387,0.099542186,-0.32718983,-0.20107776,0.28804326,0.21029964,-0.1853486,0.113184854,0.4438402,0.06805986,-0.31234315,-0.06170405,0.2861244,0.83414364,-0.13089491,-0.41377622,0.49573585,-0.2789862,Tekno
-0.079424046,0.0041035614,0.5451389,0.042510144,0.15323076,-0.6989571,-0.011390095,-0.47515306,-0.07729937,-0.45610908,-0.49382478,-0.22101091,-0.055205494,-0.5861578,-0.06439445,0.59464675,-0.3619372,-0.21927878,-0.14785151,0.16418733,-0.20268552,0.27957866,0.014829825,-0.20385544,0.32886276,-0.07508702,0.740352,-0.1360514,0.2148998,-0.119289964,-0.47327283,0.12021481,0.018141229,0.14997803,-0.89642656,-0.19535923,0.34522793,0.03699187,0.5960629,0.089804985,-0.2746207,-0.1494376,0.25582328,0.16022865,-0.14550367,0.08282513,0.39681783,-0.0033623497,-0.24067526,-0.031408437,0.24667017,0.73981005,-0.2046594,-0.37821838,0.46308202,-0.33628103,Tekno
-0.08198241,-0.113714054,0.5515622,0.09712702,0.12416836,-0.7675552,0.10701746,-0.5799425,-0.15034093,-0.44150826,-0.8119759,-0.13947617,-0.044000924,-0.64302814,-0.005449703,0.8556195,-0.39349973,-0.21106495,-0.23389141,0.18739161,-0.07459169,0.49631065,-0.048334286,-0.09062874,0.41460118,-0.11624763,0.76728725,0.06767364,0.16713229,-0.11855748,-0.6395718,0.0845608,0.010761665,0.060393028,-1.1596595,-0.19794758,0.5200922,-0.07470954,0.71104753,-0.0026846803,-0.3595855,-0.23846927,0.3351074,0.30140528,-0.23783578,0.20165685,0.4560359,0.11727384,-0.35613814,-0.11610109,0.3145386,0.8105567,-0.10729355,-0.3182797,0.39207843,-0.23675326,Tekno
-0.0757529,-0.05488258,0.6086824,0.04363703,0.15212086,-0.77676195,-0.022355217,-0.56066734,-0.12587921,-0.5244388,-0.6337144,-0.23845436,-0.024917228,-0.62393636,-0.082564674,0.77022916,-0.42584613,-0.29306442,-0.19754614,0.1754654,-0.2211431,0.33282515,-0.0045477375,-0.1802835,0.3508179,-0.120658554,0.8144224,-0.15700765,0.1693972,-0.15469612,-0.56642246,0.11054307,-0.023863072,0.11604126,-1.0595217,-0.2342418,0.4370389,0.06673241,0.694297,0.10916563,-0.32700977,-0.19952615,0.28478345,0.22621667,-0.19634928,0.11593637,0.43295413,0.050096724,-0.33348495,-0.052665535,0.3003886,0.8637341,-0.116532005,-0.4367899,0.51466805,-0.2794213,Tekno
-0.11014289,0.13030514,0.89220953,0.057618573,0.3082711,-0.9843464,-0.31590945,-0.61029583,-0.15535761,-0.93104523,-0.6080826,-0.41910428,-0.014170598,-0.79171276,-0.21456286,0.7602654,-0.6263965,-0.5610381,-0.14373222,0.28312635,-0.57983685,0.2066789,0.038315203,-0.4898119,0.30348274,-0.06831411,1.1069497,-0.6977975,0.2492346,-0.2388755,-0.5561068,0.26732907,-0.1889598,0.2838534,-1.0223536,-0.31993148,0.37737063,0.20880218,0.824595,0.4365415,-0.38848674,-0.16229899,0.3231802,0.038792964,-0.20981385,-0.00012014723,0.5643469,-0.058661122,-0.34338027,-0.065787144,0.2901703,1.2858667,-0.14878401,-0.72504264,0.8258661,-0.51530284,Tekno
-0.11795355,-0.1576608,0.49913663,0.16428427,0.11499047,-0.62400174,0.14373925,-0.67431456,-0.21313547,-0.38545698,-0.69311064,-0.174575,-0.057219833,-0.60948825,-0.024609938,0.81140995,-0.3469355,-0.09346189,-0.16284417,0.09732636,-0.05089941,0.46502152,-0.009873592,-0.178886,0.46851325,-0.1424151,0.72257435,0.15558739,0.16107312,-0.11823117,-0.7599202,0.0858267,0.13272998,0.038541157,-1.199254,-0.2083225,0.565558,-0.08172876,0.71352637,-0.07887849,-0.33970097,-0.2283504,0.3390188,0.3495676,-0.18348853,0.20744039,0.40373203,0.116987124,-0.30651686,0.031302877,0.27923995,0.7493844,-0.0974309,-0.25271627,0.3921564,-0.29559842,Entertainment
-0.081001334,-0.023511311,0.50279576,0.070905045,0.15154798,-0.72616744,0.044202693,-0.45649529,-0.06611049,-0.40222043,-0.5515265,-0.14181754,-0.044861257,-0.61198,-0.024672654,0.628195,-0.32580394,-0.13913152,-0.15683304,0.18058221,-0.092538476,0.36039823,0.016975772,-0.12143002,0.38848108,-0.07041191,0.684464,0.0721709,0.2035281,-0.055131294,-0.4874559,0.08849865,0.056012657,0.16847289,-0.94790417,-0.15259235,0.36025563,-0.09032711,0.5787729,0.041489452,-0.30004188,-0.18571062,0.3080226,0.19619419,-0.13981213,0.123799615,0.4143981,0.054782487,-0.24645962,-0.06877918,0.24144958,0.62351847,-0.26259533,-0.2996713,0.40449482,-0.30989853,Entertainment
-0.17742069,-0.24540153,0.63481975,0.29093674,0.2454504,-0.8946228,0.15290691,-0.8992919,-0.32851347,-0.5327494,-0.8078013,-0.16737188,-0.010934334,-0.888644,-0.00839769,1.0365623,-0.42751572,0.03639956,-0.0715552,0.18015131,0.08510187,0.7408359,0.03985963,-0.19570515,0.76607853,-0.105802745,0.9160696,0.6179491,0.253145,-0.052480143,-1.0588045,0.10730836,0.26794085,0.18663572,-1.6070832,-0.20675117,0.7631175,-0.31511042,0.9544582,-0.163559,-0.5106089,-0.41653404,0.54147726,0.49426833,-0.20691799,0.31109914,0.5129953,0.27006143,-0.36065552,0.1503556,0.2959359,0.7150434,-0.31329337,-0.20640709,0.58225435,-0.5398938,Otomotif
-0.15214595,-0.19664006,0.64390093,0.27243263,0.24323724,-0.95523256,0.15000126,-0.8692329,-0.30661514,-0.5499375,-0.8752114,-0.14001018,-0.033206247,-0.9040592,0.0024044358,1.0474527,-0.4452212,-0.0063330615,-0.11343839,0.20607008,0.08240766,0.7322855,0.023409884,-0.17454097,0.7170118,-0.12506254,0.9355713,0.55845684,0.23405908,-0.018589588,-0.9982573,0.12487922,0.22827041,0.19330764,-1.584467,-0.20360145,0.71991694,-0.3230393,0.9274847,-0.10497874,-0.5180637,-0.41907942,0.554799,0.457819,-0.20862705,0.29152614,0.56720066,0.26237002,-0.35582754,0.071186446,0.30865112,0.75607485,-0.33607262,-0.23529674,0.5458434,-0.5219902,Otomotif
-0.088222474,-0.038852125,0.5890584,0.14121388,0.23135035,-0.82774246,-0.0030406152,-0.5943669,-0.13827518,-0.5399614,-0.5942743,-0.15799437,-0.017049087,-0.73436785,-0.07632966,0.72093964,-0.4114794,-0.14389089,-0.120465375,0.20113851,-0.09010026,0.43147287,0.014183128,-0.2000196,0.4702192,-0.07366806,0.7997365,0.14202796,0.19670774,0.008501521,-0.6261792,0.13243714,0.05536214,0.23467961,-1.1415672,-0.15536648,0.43697622,-0.14491351,0.71447253,0.114384346,-0.35621533,-0.27901298,0.42810193,0.22878824,-0.15474388,0.10823757,0.4673608,0.08276702,-0.26964456,-0.006258383,0.27867258,0.70505595,-0.33588952,-0.34124005,0.53025436,-0.4215567,Otomotif
-0.11046979,-0.113965556,0.67740023,0.18008459,0.2610591,-0.87958074,-0.029808791,-0.70876837,-0.22931519,-0.6642755,-0.8564236,-0.15399745,0.0024190918,-0.7445071,-0.1025087,0.947418,-0.4860474,-0.30312237,-0.17040408,0.18879546,-0.1158701,0.56568116,-0.060372025,-0.23091798,0.43542436,-0.10570274,0.866766,0.045310646,0.11722489,-0.068454176,-0.71702725,0.15604669,-0.024281956,0.12689787,-1.288076,-0.20003623,0.5992468,-0.07765095,0.8533938,0.1752096,-0.471077,-0.32799357,0.44124183,0.30337563,-0.25186294,0.18221796,0.4918828,0.17214693,-0.3783302,-0.08727215,0.32506448,0.9473561,-0.13724223,-0.4002325,0.57439786,-0.39170858,Otomotif
-0.10952753,-0.10073289,0.6061635,0.1584527,0.22546083,-0.8673684,0.024079828,-0.6666201,-0.18940261,-0.54603136,-0.69599986,-0.16146202,-0.01831524,-0.76376337,-0.061430346,0.8195403,-0.42305976,-0.1706142,-0.14409111,0.20832692,-0.06871925,0.50962716,0.002927333,-0.20533076,0.51285934,-0.085271284,0.83793306,0.18700512,0.20533086,-0.04440362,-0.7069671,0.12672728,0.08980771,0.19180425,-1.242693,-0.17902775,0.5354616,-0.156228,0.76505345,0.04936133,-0.40834627,-0.30663678,0.43136,0.28913128,-0.20003285,0.17230594,0.46688226,0.12526193,-0.3012741,-0.0026216693,0.29297495,0.7584592,-0.28846908,-0.33740756,0.5363404,-0.43335998,Otomotif
-0.08153407,-0.069611795,0.5560544,0.16275428,0.19154842,-0.8063093,0.029587176,-0.6109483,-0.18213783,-0.51766,-0.671851,-0.119630635,-0.019631758,-0.7190187,-0.04271477,0.77799225,-0.40147567,-0.13795024,-0.12767659,0.21862511,-0.037016224,0.50143045,0.0009551709,-0.17647015,0.4847933,-0.07717342,0.7869788,0.21056361,0.18183485,-0.015108534,-0.64649373,0.11957161,0.069314435,0.19719765,-1.1407455,-0.16505834,0.47290543,-0.18383297,0.711375,0.05493615,-0.37838075,-0.2991812,0.415347,0.24957186,-0.18474863,0.15579194,0.4604611,0.14236584,-0.2839734,-0.037110493,0.2782236,0.6954942,-0.28081802,-0.2964777,0.48589125,-0.3968394,Otomotif
0.067508295,0.21421644,1.0208701,-0.2529803,0.29700392,-1.3863592,-0.30980194,-0.5201717,0.043130666,-0.8736012,-0.5929971,-0.602412,0.045420285,-0.88680077,-0.15744156,0.9646913,-0.680234,-0.73082036,-0.37178332,0.39267573,-0.69727445,0.01667065,0.14519893,-0.3002188,0.38377684,-0.26618394,1.4109507,-0.7686579,0.4683665,-0.29064977,-0.4571167,0.19340312,-0.31751072,0.42320812,-1.1753571,-0.4303383,0.2309682,0.3850923,0.85866797,0.3880814,-0.44607872,-0.07605056,0.29141426,-0.011519031,-0.16036685,0.0020096241,0.89399076,-0.05707537,-0.46579465,-0.11878755,0.3322402,1.4040471,-0.36778167,-1.0371245,1.0029204,-0.28857303,Otomotif
0.048807565,0.23271477,1.0654298,-0.24620457,0.32593048,-1.4231267,-0.37148276,-0.5196076,0.055215403,-0.93660325,-0.56378216,-0.6202816,0.055488586,-0.9248673,-0.17284004,0.94393826,-0.6952549,-0.75818795,-0.34875473,0.41530335,-0.7297256,-0.00071881426,0.15750585,-0.34526196,0.40547672,-0.22731999,1.4546528,-0.810446,0.48849136,-0.2881604,-0.43010163,0.23311548,-0.32781905,0.4781041,-1.1647172,-0.4289084,0.215042,0.38844287,0.86464757,0.44655105,-0.46148452,-0.077294044,0.30458346,-0.036383178,-0.15411669,-0.024635987,0.89415276,-0.09027743,-0.453975,-0.11202063,0.33730417,1.4123036,-0.41011074,-1.0650595,1.0596145,-0.36186567,Otomotif
-0.08333232,-0.045609742,0.5587445,0.09624037,0.18312134,-0.8237868,0.0646789,-0.62823874,-0.1334765,-0.44684565,-0.64310575,-0.1620351,-0.027864063,-0.6963917,-0.023851277,0.8092454,-0.3743315,-0.14590234,-0.20143276,0.19689575,-0.055544168,0.4394795,0.025715925,-0.1868164,0.5011093,-0.14799355,0.834946,0.18343751,0.23132713,-0.038232684,-0.6623752,0.10172711,0.121188566,0.18055423,-1.1994942,-0.19060017,0.48536268,-0.11968523,0.7149616,-0.0036353297,-0.35945988,-0.2580837,0.38279203,0.25188372,-0.1615181,0.1723107,0.49474818,0.13014998,-0.2842812,-0.03339135,0.28856948,0.717638,-0.30426064,-0.33121574,0.49520367,-0.33811274,Tekno
-0.10424573,-0.11403138,0.48468757,0.16673638,0.16510856,-0.723474,0.05946729,-0.5793956,-0.1964796,-0.43412647,-0.66026413,-0.10204403,-0.032461353,-0.65549785,-0.0076268236,0.71090955,-0.34706986,-0.07600629,-0.120669276,0.16592239,0.005842477,0.5113244,-0.001742812,-0.12423319,0.46126032,-0.0699253,0.6654123,0.26103714,0.1574726,-0.046217173,-0.6509192,0.097861096,0.11033866,0.13485655,-1.0925591,-0.16037503,0.49341774,-0.18070106,0.6514309,-0.0046854042,-0.35608107,-0.28531417,0.36291587,0.28721574,-0.18892804,0.17550883,0.39118668,0.14655146,-0.27039722,-0.0023399328,0.23361625,0.61294526,-0.23104069,-0.22081815,0.3990306,-0.36481306,Otomotif
-0.08274064,-0.0061451253,0.5119544,0.10721878,0.17680325,-0.70939285,0.041626904,-0.5464626,-0.11813326,-0.43198642,-0.52060527,-0.15482023,-0.04837228,-0.63696265,-0.042629976,0.6422365,-0.32934657,-0.076797254,-0.109249495,0.15366045,-0.0751657,0.35994795,0.031300616,-0.19998856,0.42205393,-0.11455496,0.7524598,0.121220075,0.21471086,-0.009559212,-0.539056,0.12945163,0.11475764,0.1983592,-1.0119909,-0.17467694,0.37350923,-0.103925854,0.62341994,0.045014318,-0.2956841,-0.21449749,0.35196808,0.20403683,-0.08505764,0.10236884,0.44739443,0.05759897,-0.19193098,-0.001223535,0.24686143,0.62991977,-0.3095194,-0.28552696,0.44045222,-0.3880272,Entertainment
-0.120480865,-0.32980117,0.5186636,0.20183401,0.056005314,-0.6712585,0.24938412,-0.7736424,-0.27833435,-0.35881653,-0.97967494,-0.19760261,-0.05263305,-0.60701203,0.056585256,1.0395706,-0.41840807,-0.18347722,-0.28275153,0.096917674,-0.027476016,0.62959164,-0.087441854,-0.10301873,0.5199022,-0.17740731,0.75113606,0.17267188,0.13770995,-0.26525968,-0.96625704,0.00651155,0.09172996,-0.11316113,-1.4432117,-0.25627923,0.78166854,-0.07158601,0.8540291,-0.2039803,-0.43703425,-0.27285314,0.3584777,0.5124154,-0.36948714,0.35511383,0.38264215,0.20165744,-0.48049927,0.003577059,0.3368957,0.9495294,0.0898371,-0.28419432,0.3472,-0.16961725,Otomotif
-0.07156754,-0.0077230684,0.75016606,0.0052479436,0.18386522,-0.9932901,-0.026059197,-0.610252,-0.08762217,-0.62409705,-0.7622246,-0.27694833,-0.03833875,-0.7599678,-0.089845836,0.8949647,-0.50184166,-0.3685866,-0.25555143,0.25296172,-0.2792572,0.37885544,-0.0027572534,-0.18032013,0.3894227,-0.1512233,1.0070882,-0.22432053,0.23630558,-0.17282294,-0.5683869,0.13558723,-0.04733184,0.17399846,-1.2157705,-0.27451587,0.4553511,0.08641077,0.7960203,0.14701058,-0.37622738,-0.22284801,0.33322218,0.23455556,-0.21212195,0.10802561,0.5622449,0.030981008,-0.38205424,-0.12501322,0.37087,1.025518,-0.19905816,-0.55339843,0.6006108,-0.3195533,Tekno
-0.13015835,-0.19883625,0.62980425,0.23969452,0.20333223,-1.0022548,0.18714193,-0.8230347,-0.2691553,-0.55705893,-0.9438099,-0.0912497,-0.046979796,-0.89771044,0.0011152294,1.0639066,-0.45271054,-0.049290977,-0.15503903,0.2525591,0.08854948,0.76999086,-0.0028292204,-0.12709467,0.6862405,-0.107230246,0.9674271,0.51668704,0.25241885,-0.016716857,-0.8785145,0.121512786,0.20987135,0.21043885,-1.5725558,-0.19063886,0.7142133,-0.3530269,0.925133,-0.10743325,-0.5115719,-0.42501986,0.5548918,0.45137855,-0.24256001,0.27109903,0.56000906,0.23672017,-0.35100028,-0.018491643,0.3837315,0.7742344,-0.33753768,-0.25528535,0.5159434,-0.5252354,Otomotif
-0.16858864,-0.180674,0.5677085,0.23698835,0.24134216,-0.86446464,0.12803008,-0.77402765,-0.23576967,-0.531283,-0.71776545,-0.11584035,-0.02216121,-0.8504991,-0.04335265,0.8877706,-0.3848459,0.010714183,-0.07381361,0.17045702,0.060813587,0.6318508,0.03719456,-0.19661231,0.66809326,-0.102381416,0.84717035,0.4987597,0.24861984,0.039154813,-0.8268829,0.13285984,0.2469455,0.22961886,-1.4358538,-0.16567644,0.6259343,-0.30841547,0.8368443,-0.043260347,-0.44801462,-0.3844575,0.53375477,0.40152696,-0.13643153,0.21840237,0.49000138,0.1834458,-0.26567358,0.092292875,0.30728593,0.6115792,-0.3653476,-0.21297699,0.55066246,-0.54400516,Otomotif
